2026.10.04 22:52:56 INFO  Started: Metals version 1.6.9 in folders 'D:\API_Automation\SampleTestRepoAPI' for client Visual Studio Code 1.140.0.
2026.10.04 22:52:56 INFO  Memory monitor started
2026.10.04 22:52:58 WARN  Using H2 2.5.250 which is newer than the version Flyway has been verified with. The latest verified version of H2 is 2.3.232.
2026.10.04 22:52:58 INFO  no build target found for D:\API_Automation\SampleTestRepoAPI\src\main\java\org\example\Main.java. Using fallback presentation compiler.
2026.10.04 22:53:04 INFO  running 'C:\Program Files\Java\jdk-22\bin\java.exe -Dfile.encoding=UTF-8 -Dmaven.multiModuleProjectDirectory=D:\API_Automation\SampleTestRepoAPI -Dmaven.home=C:\Users\Yasha\AppData\Local\Temp\metals10084672316123970165 -cp C:\Users\Yasha\AppData\Local\Temp\metals10084672316123970165\maven-wrapper.jar org.apache.maven.wrapper.MavenWrapperMain generate-sources ch.epfl.scala:bloop-maven-plugin:2.0.5:bloopInstall -DdownloadSources=true'
2026.10.04 22:53:08 INFO  no build target found for D:\API_Automation\SampleTestRepoAPI\src\main\java\org\example\Main.java. Using fallback presentation compiler.
2026.10.04 22:53:08 INFO  no build target found for D:\API_Automation\SampleTestRepoAPI\src\main\java\org\example\Main.java. Using fallback presentation compiler.
2026.10.04 22:53:08 INFO  [INFO] Scanning for projects...
2026.10.04 22:53:08 INFO  Downloading from central: https://repo.maven.apache.org/maven2/ch/epfl/scala/bloop-maven-plugin/2.0.5/bloop-maven-plugin-2.0.5.pom
2026.10.04 22:53:08 INFO  Progress (1): 1.1 kB
2026.10.04 22:53:08 INFO  Progress (1): 2.5 kB
2026.10.04 22:53:08 INFO  Progress (1): 5.6 kB
2026.10.04 22:53:08 INFO  Progress (1): 8.0 kB
2026.10.04 22:53:08 INFO                      
2026.10.04 22:53:08 INFO  Downloaded from central: https://repo.maven.apache.org/maven2/ch/epfl/scala/bloop-maven-plugin/2.0.5/bloop-maven-plugin-2.0.5.pom (8.0 kB at 40 kB/s)
2026.10.04 22:53:08 INFO  no build target found for D:\API_Automation\SampleTestRepoAPI\src\main\java\org\example\Main.java. Using fallback presentation compiler.
2026.10.04 22:53:08 INFO  Downloading from central: https://repo.maven.apache.org/maven2/ch/epfl/scala/bloop-maven-plugin/2.0.5/bloop-maven-plugin-2.0.5.jar
2026.10.04 22:53:08 INFO  Progress (1): 0.9/53 kB
2026.10.04 22:53:08 INFO  Progress (1): 2.3/53 kB
2026.10.04 22:53:08 INFO  Progress (1): 3.6/53 kB
2026.10.04 22:53:08 INFO  Progress (1): 5.0/53 kB
2026.10.04 22:53:08 INFO  Progress (1): 6.4/53 kB
2026.10.04 22:53:08 INFO  Progress (1): 7.7/53 kB
2026.10.04 22:53:08 INFO  Progress (1): 9.1/53 kB
2026.10.04 22:53:08 INFO  Progress (1): 10/53 kB 
2026.10.04 22:53:08 INFO  Progress (1): 11/53 kB
2026.10.04 22:53:08 INFO  Progress (1): 13/53 kB
2026.10.04 22:53:08 INFO  Progress (1): 14/53 kB
2026.10.04 22:53:08 INFO  Progress (1): 15/53 kB
2026.10.04 22:53:08 INFO  Progress (1): 17/53 kB
2026.10.04 22:53:08 INFO  Progress (1): 18/53 kB
2026.10.04 22:53:08 INFO  Progress (1): 20/53 kB
2026.10.04 22:53:08 INFO  Progress (1): 21/53 kB
2026.10.04 22:53:08 INFO  Progress (1): 22/53 kB
2026.10.04 22:53:08 INFO  Progress (1): 24/53 kB
2026.10.04 22:53:08 INFO  Progress (1): 25/53 kB
2026.10.04 22:53:08 INFO  Progress (1): 26/53 kB
2026.10.04 22:53:08 INFO  Progress (1): 28/53 kB
2026.10.04 22:53:08 INFO  Progress (1): 29/53 kB
2026.10.04 22:53:08 INFO  Progress (1): 31/53 kB
2026.10.04 22:53:08 INFO  Progress (1): 32/53 kB
2026.10.04 22:53:08 INFO  Progress (1): 33/53 kB
2026.10.04 22:53:08 INFO  Progress (1): 35/53 kB
2026.10.04 22:53:08 INFO  Progress (1): 36/53 kB
2026.10.04 22:53:08 INFO  Progress (1): 37/53 kB
2026.10.04 22:53:08 INFO  Progress (1): 39/53 kB
2026.10.04 22:53:08 INFO  Progress (1): 40/53 kB
2026.10.04 22:53:08 INFO  Progress (1): 41/53 kB
2026.10.04 22:53:08 INFO  Progress (1): 43/53 kB
2026.10.04 22:53:08 INFO  Progress (1): 44/53 kB
2026.10.04 22:53:08 INFO  Progress (1): 46/53 kB
2026.10.04 22:53:08 INFO  Progress (1): 47/53 kB
2026.10.04 22:53:08 INFO  Progress (1): 48/53 kB
2026.10.04 22:53:08 INFO  Progress (1): 50/53 kB
2026.10.04 22:53:08 INFO  Progress (1): 51/53 kB
2026.10.04 22:53:08 INFO  Progress (1): 53 kB   
2026.10.04 22:53:08 INFO                     
2026.10.04 22:53:08 INFO  Downloaded from central: https://repo.maven.apache.org/maven2/ch/epfl/scala/bloop-maven-plugin/2.0.5/bloop-maven-plugin-2.0.5.jar (53 kB at 735 kB/s)
2026.10.04 22:53:08 INFO  [INFO] 
2026.10.04 22:53:08 INFO  [INFO] ---------------------< org.example:APISAmpleTest >----------------------
2026.10.04 22:53:08 INFO  [INFO] Building APISAmpleTest 1.0-SNAPSHOT
2026.10.04 22:53:08 INFO  [INFO]   from pom.xml
2026.10.04 22:53:08 INFO  [INFO] --------------------------------[ jar ]---------------------------------
2026.10.04 22:53:08 INFO  Downloading from central: https://repo.maven.apache.org/maven2/io/rest-assured/rest-assured/6.0.1/rest-assured-6.0.1.pom
2026.10.04 22:53:08 INFO  Progress (1): 850 B
2026.10.04 22:53:08 INFO  Progress (1): 3.4 kB
2026.10.04 22:53:08 INFO  Progress (1): 7.8 kB
2026.10.04 22:53:08 INFO                      
2026.10.04 22:53:08 INFO  Downloaded from central: https://repo.maven.apache.org/maven2/io/rest-assured/rest-assured/6.0.1/rest-assured-6.0.1.pom (7.8 kB at 141 kB/s)
2026.10.04 22:53:08 INFO  Downloading from central: https://repo.maven.apache.org/maven2/io/rest-assured/rest-assured-parent/6.0.1/rest-assured-parent-6.0.1.pom
2026.10.04 22:53:08 INFO  Progress (1): 751 B
2026.10.04 22:53:08 INFO  Progress (1): 2.2 kB
2026.10.04 22:53:08 INFO  Progress (1): 4.2 kB
2026.10.04 22:53:08 INFO  Progress (1): 7.8 kB
2026.10.04 22:53:08 INFO  Progress (1): 11 kB 
2026.10.04 22:53:08 INFO  Progress (1): 14 kB
2026.10.04 22:53:08 INFO  Progress (1): 19 kB
2026.10.04 22:53:08 INFO  Progress (1): 21 kB
2026.10.04 22:53:08 INFO  Progress (1): 25 kB
2026.10.04 22:53:08 INFO                     
2026.10.04 22:53:08 INFO  Downloaded from central: https://repo.maven.apache.org/maven2/io/rest-assured/rest-assured-parent/6.0.1/rest-assured-parent-6.0.1.pom (25 kB at 463 kB/s)
2026.10.04 22:53:08 INFO  Downloading from central: https://repo.maven.apache.org/maven2/tools/jackson/jackson-bom/3.0.2/jackson-bom-3.0.2.pom
2026.10.04 22:53:08 INFO  Progress (1): 895 B
2026.10.04 22:53:08 INFO  Progress (1): 2.7 kB
2026.10.04 22:53:08 INFO  Progress (1): 4.7 kB
2026.10.04 22:53:08 INFO  Progress (1): 14 kB 
2026.10.04 22:53:08 INFO  Progress (1): 19 kB
2026.10.04 22:53:08 INFO  Progress (1): 20 kB
2026.10.04 22:53:08 INFO                     
2026.10.04 22:53:08 INFO  Downloaded from central: https://repo.maven.apache.org/maven2/tools/jackson/jackson-bom/3.0.2/jackson-bom-3.0.2.pom (20 kB at 361 kB/s)
2026.10.04 22:53:08 INFO  Downloading from central: https://repo.maven.apache.org/maven2/com/fasterxml/oss-parent/73/oss-parent-73.pom
2026.10.04 22:53:08 INFO  Progress (1): 948 B
2026.10.04 22:53:08 INFO  Progress (1): 2.9 kB
2026.10.04 22:53:08 INFO  Progress (1): 4.1 kB
2026.10.04 22:53:08 INFO  Progress (1): 6.1 kB
2026.10.04 22:53:08 INFO  Progress (1): 10 kB 
2026.10.04 22:53:08 INFO  Progress (1): 12 kB
2026.10.04 22:53:08 INFO  Progress (1): 15 kB
2026.10.04 22:53:08 INFO  Progress (1): 16 kB
2026.10.04 22:53:08 INFO  Progress (1): 19 kB
2026.10.04 22:53:08 INFO  Progress (1): 24 kB
2026.10.04 22:53:08 INFO  Progress (1): 24 kB
2026.10.04 22:53:08 INFO                     
2026.10.04 22:53:08 INFO  Downloaded from central: https://repo.maven.apache.org/maven2/com/fasterxml/oss-parent/73/oss-parent-73.pom (24 kB at 444 kB/s)
2026.10.04 22:53:08 INFO  Downloading from central: https://repo.maven.apache.org/maven2/org/apache/groovy/groovy/5.0.3/groovy-5.0.3.pom
2026.10.04 22:53:09 INFO  Progress (1): 854 B
2026.10.04 22:53:09 INFO  Progress (1): 3.6 kB
2026.10.04 22:53:09 INFO  Progress (1): 7.1 kB
2026.10.04 22:53:09 INFO  Progress (1): 11 kB 
2026.10.04 22:53:09 INFO  Progress (1): 14 kB
2026.10.04 22:53:09 INFO  Progress (1): 18 kB
2026.10.04 22:53:09 INFO  Progress (1): 22 kB
2026.10.04 22:53:09 INFO  Progress (1): 22 kB
2026.10.04 22:53:09 INFO  Progress (1): 24 kB
2026.10.04 22:53:09 INFO                     
2026.10.04 22:53:09 INFO  Downloaded from central: https://repo.maven.apache.org/maven2/org/apache/groovy/groovy/5.0.3/groovy-5.0.3.pom (24 kB at 423 kB/s)
2026.10.04 22:53:09 INFO  Downloading from central: https://repo.maven.apache.org/maven2/org/apache/groovy/groovy-bom/5.0.3/groovy-bom-5.0.3.pom
2026.10.04 22:53:09 INFO  Progress (1): 859 B
2026.10.04 22:53:09 INFO  Progress (1): 3.6 kB
2026.10.04 22:53:09 INFO  Progress (1): 7.0 kB
2026.10.04 22:53:09 INFO  Progress (1): 11 kB 
2026.10.04 22:53:09 INFO  Progress (1): 14 kB
2026.10.04 22:53:09 INFO  Progress (1): 18 kB
2026.10.04 22:53:09 INFO  Progress (1): 22 kB
2026.10.04 22:53:09 INFO  Progress (1): 23 kB
2026.10.04 22:53:09 INFO  Progress (1): 27 kB
2026.10.04 22:53:09 INFO                     
2026.10.04 22:53:09 INFO  Downloaded from central: https://repo.maven.apache.org/maven2/org/apache/groovy/groovy-bom/5.0.3/groovy-bom-5.0.3.pom (27 kB at 534 kB/s)
2026.10.04 22:53:09 INFO  Downloading from central: https://repo.maven.apache.org/maven2/org/apache/groovy/groovy-xml/5.0.3/groovy-xml-5.0.3.pom
2026.10.04 22:53:09 INFO  Progress (1): 856 B
2026.10.04 22:53:09 INFO  Progress (1): 3.6 kB
2026.10.04 22:53:09 INFO  Progress (1): 7.1 kB
2026.10.04 22:53:09 INFO  Progress (1): 11 kB 
2026.10.04 22:53:09 INFO  Progress (1): 14 kB
2026.10.04 22:53:09 INFO  Progress (1): 18 kB
2026.10.04 22:53:09 INFO  Progress (1): 22 kB
2026.10.04 22:53:09 INFO  Progress (1): 23 kB
2026.10.04 22:53:09 INFO  Progress (1): 23 kB
2026.10.04 22:53:09 INFO                     
2026.10.04 22:53:09 INFO  Downloaded from central: https://repo.maven.apache.org/maven2/org/apache/groovy/groovy-xml/5.0.3/groovy-xml-5.0.3.pom (23 kB at 426 kB/s)
2026.10.04 22:53:09 INFO  Downloading from central: https://repo.maven.apache.org/maven2/org/apache/httpcomponents/httpmime/4.5.13/httpmime-4.5.13.pom
2026.10.04 22:53:09 INFO  Progress (1): 869 B
2026.10.04 22:53:09 INFO  Progress (1): 2.5 kB
2026.10.04 22:53:09 INFO  Progress (1): 4.7 kB
2026.10.04 22:53:09 INFO  Progress (1): 5.2 kB
2026.10.04 22:53:09 INFO                      
2026.10.04 22:53:09 INFO  Downloaded from central: https://repo.maven.apache.org/maven2/org/apache/httpcomponents/httpmime/4.5.13/httpmime-4.5.13.pom (5.2 kB at 17 kB/s)
2026.10.04 22:53:09 INFO  Downloading from central: https://repo.maven.apache.org/maven2/io/rest-assured/json-path/6.0.1/json-path-6.0.1.pom
2026.10.04 22:53:09 INFO  Progress (1): 856 B
2026.10.04 22:53:09 INFO  Progress (1): 3.5 kB
2026.10.04 22:53:09 INFO  Progress (1): 5.1 kB
2026.10.04 22:53:09 INFO                      
2026.10.04 22:53:09 INFO  Downloaded from central: https://repo.maven.apache.org/maven2/io/rest-assured/json-path/6.0.1/json-path-6.0.1.pom (5.1 kB at 87 kB/s)
2026.10.04 22:53:09 INFO  Downloading from central: https://repo.maven.apache.org/maven2/org/apache/groovy/groovy-json/5.0.3/groovy-json-5.0.3.pom
2026.10.04 22:53:09 INFO  Progress (1): 856 B
2026.10.04 22:53:09 INFO  Progress (1): 3.6 kB
2026.10.04 22:53:09 INFO  Progress (1): 7.1 kB
2026.10.04 22:53:09 INFO  Progress (1): 11 kB 
2026.10.04 22:53:09 INFO  Progress (1): 14 kB
2026.10.04 22:53:09 INFO  Progress (1): 18 kB
2026.10.04 22:53:09 INFO  Progress (1): 22 kB
2026.10.04 22:53:09 INFO  Progress (1): 23 kB
2026.10.04 22:53:09 INFO  Progress (1): 23 kB
2026.10.04 22:53:09 INFO                     
2026.10.04 22:53:09 INFO  Downloaded from central: https://repo.maven.apache.org/maven2/org/apache/groovy/groovy-json/5.0.3/groovy-json-5.0.3.pom (23 kB at 418 kB/s)
2026.10.04 22:53:09 INFO  Downloading from central: https://repo.maven.apache.org/maven2/org/apache/commons/commons-lang3/3.19.0/commons-lang3-3.19.0.pom
2026.10.04 22:53:10 INFO  no build target found for D:\API_Automation\SampleTestRepoAPI\src\main\java\org\example\Main.java. Using fallback presentation compiler.
2026.10.04 22:53:09 INFO  Progress (1): 741 B
2026.10.04 22:53:09 INFO  Progress (1): 1.8 kB
2026.10.04 22:53:09 INFO  Progress (1): 4.2 kB
2026.10.04 22:53:09 INFO  Progress (1): 5.5 kB
2026.10.04 22:53:09 INFO  Progress (1): 7.5 kB
2026.10.04 22:53:09 INFO  Progress (1): 9.7 kB
2026.10.04 22:53:09 INFO  Progress (1): 12 kB 
2026.10.04 22:53:09 INFO  Progress (1): 13 kB
2026.10.04 22:53:09 INFO  Progress (1): 17 kB
2026.10.04 22:53:09 INFO  Progress (1): 20 kB
2026.10.04 22:53:09 INFO  Progress (1): 23 kB
2026.10.04 22:53:09 INFO  Progress (1): 26 kB
2026.10.04 22:53:09 INFO  Progress (1): 30 kB
2026.10.04 22:53:09 INFO  Progress (1): 32 kB
2026.10.04 22:53:09 INFO                     
2026.10.04 22:53:09 INFO  Downloaded from central: https://repo.maven.apache.org/maven2/org/apache/commons/commons-lang3/3.19.0/commons-lang3-3.19.0.pom (32 kB at 586 kB/s)
2026.10.04 22:53:09 INFO  Downloading from central: https://repo.maven.apache.org/maven2/org/apache/commons/commons-parent/88/commons-parent-88.pom
2026.10.04 22:53:09 INFO  Progress (1): 699 B
2026.10.04 22:53:09 INFO  Progress (1): 1.9 kB
2026.10.04 22:53:09 INFO  Progress (1): 3.2 kB
2026.10.04 22:53:09 INFO  Progress (1): 4.7 kB
2026.10.04 22:53:09 INFO  Progress (1): 6.6 kB
2026.10.04 22:53:09 INFO  Progress (1): 9.2 kB
2026.10.04 22:53:09 INFO  Progress (1): 11 kB 
2026.10.04 22:53:09 INFO  Progress (1): 12 kB
2026.10.04 22:53:09 INFO  Progress (1): 14 kB
2026.10.04 22:53:09 INFO  Progress (1): 16 kB
2026.10.04 22:53:09 INFO  Progress (1): 19 kB
2026.10.04 22:53:09 INFO  Progress (1): 22 kB
2026.10.04 22:53:09 INFO  Progress (1): 24 kB
2026.10.04 22:53:09 INFO  Progress (1): 26 kB
2026.10.04 22:53:09 INFO  Progress (1): 29 kB
2026.10.04 22:53:09 INFO  Progress (1): 33 kB
2026.10.04 22:53:09 INFO  Progress (1): 34 kB
2026.10.04 22:53:09 INFO  Progress (1): 39 kB
2026.10.04 22:53:09 INFO  Progress (1): 42 kB
2026.10.04 22:53:09 INFO  Progress (1): 45 kB
2026.10.04 22:53:09 INFO  Progress (1): 48 kB
2026.10.04 22:53:09 INFO  Progress (1): 51 kB
2026.10.04 22:53:09 INFO  Progress (1): 53 kB
2026.10.04 22:53:09 INFO  Progress (1): 57 kB
2026.10.04 22:53:09 INFO  Progress (1): 59 kB
2026.10.04 22:53:09 INFO  Progress (1): 60 kB
2026.10.04 22:53:09 INFO  Progress (1): 63 kB
2026.10.04 22:53:09 INFO  Progress (1): 67 kB
2026.10.04 22:53:09 INFO  Progress (1): 70 kB
2026.10.04 22:53:09 INFO  Progress (1): 73 kB
2026.10.04 22:53:09 INFO  Progress (1): 75 kB
2026.10.04 22:53:09 INFO  Progress (1): 78 kB
2026.10.04 22:53:09 INFO  Progress (1): 80 kB
2026.10.04 22:53:09 INFO                     
2026.10.04 22:53:09 INFO  Downloaded from central: https://repo.maven.apache.org/maven2/org/apache/commons/commons-parent/88/commons-parent-88.pom (80 kB at 1.1 MB/s)
2026.10.04 22:53:09 INFO  [INFO] 
2026.10.04 22:53:09 INFO  [INFO] --- bloop:2.0.5:bloopInstall (default-cli) @ APISAmpleTest ---
2026.10.04 22:53:09 INFO  Downloading from central: https://repo.maven.apache.org/maven2/org/scala-lang/scala-library/2.13.8/scala-library-2.13.8.pom
2026.10.04 22:53:10 INFO  Progress (1): 1.2 kB
2026.10.04 22:53:10 INFO  Progress (1): 1.6 kB
2026.10.04 22:53:10 INFO                      
2026.10.04 22:53:10 INFO  Downloaded from central: https://repo.maven.apache.org/maven2/org/scala-lang/scala-library/2.13.8/scala-library-2.13.8.pom (1.6 kB at 26 kB/s)
2026.10.04 22:53:10 INFO  Downloading from central: https://repo.maven.apache.org/maven2/ch/epfl/scala/bloop-config_2.13/2.3.3/bloop-config_2.13-2.3.3.pom
2026.10.04 22:53:10 INFO  Progress (1): 1.4 kB
2026.10.04 22:53:10 INFO  Progress (1): 2.3 kB
2026.10.04 22:53:10 INFO                      
2026.10.04 22:53:10 INFO  Downloaded from central: https://repo.maven.apache.org/maven2/ch/epfl/scala/bloop-config_2.13/2.3.3/bloop-config_2.13-2.3.3.pom (2.3 kB at 51 kB/s)
2026.10.04 22:53:10 INFO  Downloading from central: https://repo.maven.apache.org/maven2/com/github/plokhotnyuk/jsoniter-scala/jsoniter-scala-core_2.13/2.13.5.2/jsoniter-scala-core_2.13-2.13.5.2.pom
2026.10.04 22:53:10 INFO  Progress (1): 1.4 kB
2026.10.04 22:53:10 INFO  Progress (1): 2.4 kB
2026.10.04 22:53:10 INFO                      
2026.10.04 22:53:10 INFO  Downloaded from central: https://repo.maven.apache.org/maven2/com/github/plokhotnyuk/jsoniter-scala/jsoniter-scala-core_2.13/2.13.5.2/jsoniter-scala-core_2.13-2.13.5.2.pom (2.4 kB at 44 kB/s)
2026.10.04 22:53:10 INFO  Downloading from central: https://repo.maven.apache.org/maven2/com/lihaoyi/unroll-annotation_2.13/0.1.12/unroll-annotation_2.13-0.1.12.pom
2026.10.04 22:53:10 INFO  Progress (1): 1.3 kB
2026.10.04 22:53:10 INFO  Progress (1): 1.5 kB
2026.10.04 22:53:10 INFO                      
2026.10.04 22:53:10 INFO  Downloaded from central: https://repo.maven.apache.org/maven2/com/lihaoyi/unroll-annotation_2.13/0.1.12/unroll-annotation_2.13-0.1.12.pom (1.5 kB at 26 kB/s)
2026.10.04 22:53:10 INFO  Downloading from central: https://repo.maven.apache.org/maven2/org/scala-lang/scala-library/2.13.12/scala-library-2.13.12.pom
2026.10.04 22:53:10 INFO  Progress (1): 1.2 kB
2026.10.04 22:53:10 INFO  Progress (1): 1.6 kB
2026.10.04 22:53:10 INFO                      
2026.10.04 22:53:10 INFO  Downloaded from central: https://repo.maven.apache.org/maven2/org/scala-lang/scala-library/2.13.12/scala-library-2.13.12.pom (1.6 kB at 18 kB/s)
2026.10.04 22:53:10 INFO  Downloading from central: https://repo.maven.apache.org/maven2/org/scala-lang/scala-library/2.13.16/scala-library-2.13.16.pom
2026.10.04 22:53:10 INFO  Progress (1): 1.1 kB
2026.10.04 22:53:10 INFO  Progress (1): 1.6 kB
2026.10.04 22:53:10 INFO                      
2026.10.04 22:53:10 INFO  Downloaded from central: https://repo.maven.apache.org/maven2/org/scala-lang/scala-library/2.13.16/scala-library-2.13.16.pom (1.6 kB at 31 kB/s)
2026.10.04 22:53:10 INFO  Downloading from central: https://repo.maven.apache.org/maven2/net/alchim31/maven/scala-maven-plugin/4.8.0/scala-maven-plugin-4.8.0.pom
2026.10.04 22:53:10 INFO  Progress (1): 1.2 kB
2026.10.04 22:53:10 INFO  Progress (1): 3.4 kB
2026.10.04 22:53:10 INFO  Progress (1): 5.8 kB
2026.10.04 22:53:10 INFO  Progress (1): 10 kB 
2026.10.04 22:53:10 INFO  Progress (1): 13 kB
2026.10.04 22:53:10 INFO  Progress (1): 17 kB
2026.10.04 22:53:10 INFO  Progress (1): 21 kB
2026.10.04 22:53:10 INFO  Progress (1): 26 kB
2026.10.04 22:53:10 INFO  Progress (1): 26 kB
2026.10.04 22:53:10 INFO                     
2026.10.04 22:53:10 INFO  Downloaded from central: https://repo.maven.apache.org/maven2/net/alchim31/maven/scala-maven-plugin/4.8.0/scala-maven-plugin-4.8.0.pom (26 kB at 407 kB/s)
2026.10.04 22:53:10 INFO  Downloading from central: https://repo.maven.apache.org/maven2/org/apache/maven/shared/maven-dependency-tree/3.2.1/maven-dependency-tree-3.2.1.pom
2026.10.04 22:53:10 INFO  Progress (1): 786 B
2026.10.04 22:53:10 INFO  Progress (1): 2.2 kB
2026.10.04 22:53:10 INFO  Progress (1): 4.4 kB
2026.10.04 22:53:10 INFO  Progress (1): 6.2 kB
2026.10.04 22:53:10 INFO                      
2026.10.04 22:53:10 INFO  Downloaded from central: https://repo.maven.apache.org/maven2/org/apache/maven/shared/maven-dependency-tree/3.2.1/maven-dependency-tree-3.2.1.pom (6.2 kB at 19 kB/s)
2026.10.04 22:53:10 INFO  Downloading from central: https://repo.maven.apache.org/maven2/org/apache/maven/maven-archiver/3.6.0/maven-archiver-3.6.0.pom
2026.10.04 22:53:10 INFO  Progress (1): 796 B
2026.10.04 22:53:10 INFO  Progress (1): 2.2 kB
2026.10.04 22:53:10 INFO  Progress (1): 3.9 kB
2026.10.04 22:53:10 INFO                      
2026.10.04 22:53:10 INFO  Downloaded from central: https://repo.maven.apache.org/maven2/org/apache/maven/maven-archiver/3.6.0/maven-archiver-3.6.0.pom (3.9 kB at 37 kB/s)
2026.10.04 22:53:11 INFO  Downloading from central: https://repo.maven.apache.org/maven2/org/codehaus/plexus/plexus-io/3.4.0/plexus-io-3.4.0.pom
2026.10.04 22:53:11 INFO  Progress (1): 1.2 kB
2026.10.04 22:53:11 INFO  Progress (1): 3.8 kB
2026.10.04 22:53:11 INFO  Progress (1): 6.0 kB
2026.10.04 22:53:11 INFO                      
2026.10.04 22:53:11 INFO  Downloaded from central: https://repo.maven.apache.org/maven2/org/codehaus/plexus/plexus-io/3.4.0/plexus-io-3.4.0.pom (6.0 kB at 67 kB/s)
2026.10.04 22:53:11 INFO  Downloading from central: https://repo.maven.apache.org/maven2/org/codehaus/plexus/plexus-archiver/4.4.0/plexus-archiver-4.4.0.pom
2026.10.04 22:53:11 INFO  Progress (1): 1.2 kB
2026.10.04 22:53:11 INFO  Progress (1): 4.0 kB
2026.10.04 22:53:11 INFO  Progress (1): 6.2 kB
2026.10.04 22:53:11 INFO  Progress (1): 6.3 kB
2026.10.04 22:53:11 INFO                      
2026.10.04 22:53:11 INFO  Downloaded from central: https://repo.maven.apache.org/maven2/org/codehaus/plexus/plexus-archiver/4.4.0/plexus-archiver-4.4.0.pom (6.3 kB at 136 kB/s)
2026.10.04 22:53:11 INFO  Downloading from central: https://repo.maven.apache.org/maven2/org/codehaus/plexus/plexus-archiver/4.6.0/plexus-archiver-4.6.0.pom
2026.10.04 22:53:11 INFO  Progress (1): 1.2 kB
2026.10.04 22:53:11 INFO  Progress (1): 4.1 kB
2026.10.04 22:53:11 INFO  Progress (1): 6.3 kB
2026.10.04 22:53:11 INFO  Progress (1): 6.5 kB
2026.10.04 22:53:11 INFO                      
2026.10.04 22:53:11 INFO  Downloaded from central: https://repo.maven.apache.org/maven2/org/codehaus/plexus/plexus-archiver/4.6.0/plexus-archiver-4.6.0.pom (6.5 kB at 152 kB/s)
2026.10.04 22:53:11 INFO  Downloading from central: https://repo.maven.apache.org/maven2/com/github/luben/zstd-jni/1.5.2-5/zstd-jni-1.5.2-5.pom
2026.10.04 22:53:11 INFO  Progress (1): 1.1 kB
2026.10.04 22:53:11 INFO  Progress (1): 1.9 kB
2026.10.04 22:53:11 INFO                      
2026.10.04 22:53:11 INFO  Downloaded from central: https://repo.maven.apache.org/maven2/com/github/luben/zstd-jni/1.5.2-5/zstd-jni-1.5.2-5.pom (1.9 kB at 37 kB/s)
2026.10.04 22:53:11 INFO  Downloading from central: https://repo.maven.apache.org/maven2/org/codehaus/plexus/plexus-classworlds/2.7.0/plexus-classworlds-2.7.0.pom
2026.10.04 22:53:11 INFO  Progress (1): 915 B
2026.10.04 22:53:11 INFO  Progress (1): 2.5 kB
2026.10.04 22:53:11 INFO  Progress (1): 5.7 kB
2026.10.04 22:53:11 INFO  Progress (1): 7.6 kB
2026.10.04 22:53:11 INFO                      
2026.10.04 22:53:11 INFO  Downloaded from central: https://repo.maven.apache.org/maven2/org/codehaus/plexus/plexus-classworlds/2.7.0/plexus-classworlds-2.7.0.pom (7.6 kB at 147 kB/s)
2026.10.04 22:53:11 INFO  Downloading from central: https://repo.maven.apache.org/maven2/org/scala-sbt/zinc_2.13/1.8.0/zinc_2.13-1.8.0.pom
2026.10.04 22:53:11 INFO  Progress (1): 1.3 kB
2026.10.04 22:53:11 INFO  Progress (1): 4.1 kB
2026.10.04 22:53:11 INFO                      
2026.10.04 22:53:11 INFO  Downloaded from central: https://repo.maven.apache.org/maven2/org/scala-sbt/zinc_2.13/1.8.0/zinc_2.13-1.8.0.pom (4.1 kB at 76 kB/s)
2026.10.04 22:53:11 INFO  Downloading from central: https://repo.maven.apache.org/maven2/org/scala-sbt/zinc-core_2.13/1.8.0/zinc-core_2.13-1.8.0.pom
2026.10.04 22:53:11 INFO  Progress (1): 1.3 kB
2026.10.04 22:53:11 INFO  Progress (1): 5.3 kB
2026.10.04 22:53:11 INFO                      
2026.10.04 22:53:11 INFO  Downloaded from central: https://repo.maven.apache.org/maven2/org/scala-sbt/zinc-core_2.13/1.8.0/zinc-core_2.13-1.8.0.pom (5.3 kB at 112 kB/s)
2026.10.04 22:53:11 INFO  Downloading from central: https://repo.maven.apache.org/maven2/org/scala-sbt/zinc-compile-core_2.13/1.8.0/zinc-compile-core_2.13-1.8.0.pom
2026.10.04 22:53:11 INFO  Progress (1): 1.2 kB
2026.10.04 22:53:11 INFO  Progress (1): 5.5 kB
2026.10.04 22:53:11 INFO                      
2026.10.04 22:53:11 INFO  Downloaded from central: https://repo.maven.apache.org/maven2/org/scala-sbt/zinc-compile-core_2.13/1.8.0/zinc-compile-core_2.13-1.8.0.pom (5.5 kB at 111 kB/s)
2026.10.04 22:53:11 INFO  Downloading from central: https://repo.maven.apache.org/maven2/org/scala-sbt/compiler-interface/1.8.0/compiler-interface-1.8.0.pom
2026.10.04 22:53:11 INFO  Progress (1): 1.3 kB
2026.10.04 22:53:11 INFO  Progress (1): 3.0 kB
2026.10.04 22:53:11 INFO                      
2026.10.04 22:53:11 INFO  Downloaded from central: https://repo.maven.apache.org/maven2/org/scala-sbt/compiler-interface/1.8.0/compiler-interface-1.8.0.pom (3.0 kB at 58 kB/s)
2026.10.04 22:53:11 INFO  Downloading from central: https://repo.maven.apache.org/maven2/org/scala-sbt/util-interface/1.8.0/util-interface-1.8.0.pom
2026.10.04 22:53:11 INFO  Progress (1): 1.3 kB
2026.10.04 22:53:11 INFO  Progress (1): 2.6 kB
2026.10.04 22:53:11 INFO                      
2026.10.04 22:53:11 INFO  Downloaded from central: https://repo.maven.apache.org/maven2/org/scala-sbt/util-interface/1.8.0/util-interface-1.8.0.pom (2.6 kB at 46 kB/s)
2026.10.04 22:53:11 INFO  Downloading from central: https://repo.maven.apache.org/maven2/org/scala-sbt/zinc-classpath_2.13/1.8.0/zinc-classpath_2.13-1.8.0.pom
2026.10.04 22:53:11 INFO  Progress (1): 1.3 kB
2026.10.04 22:53:11 INFO  Progress (1): 3.9 kB
2026.10.04 22:53:11 INFO                      
2026.10.04 22:53:11 INFO  Downloaded from central: https://repo.maven.apache.org/maven2/org/scala-sbt/zinc-classpath_2.13/1.8.0/zinc-classpath_2.13-1.8.0.pom (3.9 kB at 63 kB/s)
2026.10.04 22:53:11 INFO  Downloading from central: https://repo.maven.apache.org/maven2/org/scala-lang/scala-compiler/2.13.8/scala-compiler-2.13.8.pom
2026.10.04 22:53:11 INFO  Progress (1): 1.2 kB
2026.10.04 22:53:11 INFO  Progress (1): 2.3 kB
2026.10.04 22:53:11 INFO                      
2026.10.04 22:53:11 INFO  Downloaded from central: https://repo.maven.apache.org/maven2/org/scala-lang/scala-compiler/2.13.8/scala-compiler-2.13.8.pom (2.3 kB at 44 kB/s)
2026.10.04 22:53:11 INFO  Downloading from central: https://repo.maven.apache.org/maven2/org/scala-lang/scala-reflect/2.13.8/scala-reflect-2.13.8.pom
2026.10.04 22:53:11 INFO  Progress (1): 1.2 kB
2026.10.04 22:53:11 INFO  Progress (1): 1.8 kB
2026.10.04 22:53:11 INFO                      
2026.10.04 22:53:11 INFO  Downloaded from central: https://repo.maven.apache.org/maven2/org/scala-lang/scala-reflect/2.13.8/scala-reflect-2.13.8.pom (1.8 kB at 39 kB/s)
2026.10.04 22:53:11 INFO  Downloading from central: https://repo.maven.apache.org/maven2/net/java/dev/jna/jna/5.9.0/jna-5.9.0.pom
2026.10.04 22:53:11 INFO  Progress (1): 1.4 kB
2026.10.04 22:53:11 INFO  Progress (1): 2.0 kB
2026.10.04 22:53:11 INFO                      
2026.10.04 22:53:11 INFO  Downloaded from central: https://repo.maven.apache.org/maven2/net/java/dev/jna/jna/5.9.0/jna-5.9.0.pom (2.0 kB at 37 kB/s)
2026.10.04 22:53:11 INFO  Downloading from central: https://repo.maven.apache.org/maven2/org/scala-sbt/io_2.13/1.8.0/io_2.13-1.8.0.pom
2026.10.04 22:53:12 INFO  Progress (1): 1.4 kB
2026.10.04 22:53:12 INFO  Progress (1): 3.3 kB
2026.10.04 22:53:12 INFO                      
2026.10.04 22:53:12 INFO  Downloaded from central: https://repo.maven.apache.org/maven2/org/scala-sbt/io_2.13/1.8.0/io_2.13-1.8.0.pom (3.3 kB at 56 kB/s)
2026.10.04 22:53:12 INFO  Downloading from central: https://repo.maven.apache.org/maven2/com/swoval/file-tree-views/2.1.9/file-tree-views-2.1.9.pom
2026.10.04 22:53:12 INFO  Progress (1): 1.4 kB
2026.10.04 22:53:12 INFO  Progress (1): 1.7 kB
2026.10.04 22:53:12 INFO                      
2026.10.04 22:53:12 INFO  Downloaded from central: https://repo.maven.apache.org/maven2/com/swoval/file-tree-views/2.1.9/file-tree-views-2.1.9.pom (1.7 kB at 30 kB/s)
2026.10.04 22:53:12 INFO  Downloading from central: https://repo.maven.apache.org/maven2/net/java/dev/jna/jna/5.12.0/jna-5.12.0.pom
2026.10.04 22:53:12 INFO  Progress (1): 1.4 kB
2026.10.04 22:53:12 INFO  Progress (1): 2.0 kB
2026.10.04 22:53:12 INFO                      
2026.10.04 22:53:12 INFO  Downloaded from central: https://repo.maven.apache.org/maven2/net/java/dev/jna/jna/5.12.0/jna-5.12.0.pom (2.0 kB at 37 kB/s)
2026.10.04 22:53:12 INFO  Downloading from central: https://repo.maven.apache.org/maven2/net/java/dev/jna/jna-platform/5.12.0/jna-platform-5.12.0.pom
2026.10.04 22:53:12 INFO  Progress (1): 1.3 kB
2026.10.04 22:53:12 INFO  Progress (1): 2.3 kB
2026.10.04 22:53:12 INFO                      
2026.10.04 22:53:12 INFO  Downloaded from central: https://repo.maven.apache.org/maven2/net/java/dev/jna/jna-platform/5.12.0/jna-platform-5.12.0.pom (2.3 kB at 38 kB/s)
2026.10.04 22:53:12 INFO  Downloading from central: https://repo.maven.apache.org/maven2/org/scala-sbt/zinc-apiinfo_2.13/1.8.0/zinc-apiinfo_2.13-1.8.0.pom
2026.10.04 22:53:12 INFO  Progress (1): 1.3 kB
2026.10.04 22:53:12 INFO  Progress (1): 3.8 kB
2026.10.04 22:53:12 INFO                      
2026.10.04 22:53:12 INFO  Downloaded from central: https://repo.maven.apache.org/maven2/org/scala-sbt/zinc-apiinfo_2.13/1.8.0/zinc-apiinfo_2.13-1.8.0.pom (3.8 kB at 71 kB/s)
2026.10.04 22:53:12 INFO  Downloading from central: https://repo.maven.apache.org/maven2/org/scala-sbt/compiler-bridge_2.13/1.8.0/compiler-bridge_2.13-1.8.0.pom
2026.10.04 22:53:12 INFO  Progress (1): 1.3 kB
2026.10.04 22:53:12 INFO  Progress (1): 2.8 kB
2026.10.04 22:53:12 INFO                      
2026.10.04 22:53:12 INFO  Downloaded from central: https://repo.maven.apache.org/maven2/org/scala-sbt/compiler-bridge_2.13/1.8.0/compiler-bridge_2.13-1.8.0.pom (2.8 kB at 47 kB/s)
2026.10.04 22:53:12 INFO  Downloading from central: https://repo.maven.apache.org/maven2/org/scala-sbt/zinc-classfile_2.13/1.8.0/zinc-classfile_2.13-1.8.0.pom
Oct 04, 2026 10:53:13 PM org.eclipse.lsp4j.jsonrpc.services.GenericEndpoint notify
INFO: Unsupported notification method: $/setTrace
2026.10.04 22:53:12 INFO  Progress (1): 1.3 kB
2026.10.04 22:53:12 INFO  Progress (1): 4.0 kB
2026.10.04 22:53:12 INFO                      
2026.10.04 22:53:12 INFO  Downloaded from central: https://repo.maven.apache.org/maven2/org/scala-sbt/zinc-classfile_2.13/1.8.0/zinc-classfile_2.13-1.8.0.pom (4.0 kB at 78 kB/s)
2026.10.04 22:53:12 INFO  Downloading from central: https://repo.maven.apache.org/maven2/org/scala-sbt/util-logging_2.13/1.8.0/util-logging_2.13-1.8.0.pom
2026.10.04 22:53:12 INFO  Progress (1): 1.2 kB
2026.10.04 22:53:12 INFO  Progress (1): 5.6 kB
2026.10.04 22:53:12 INFO  Progress (1): 5.7 kB
2026.10.04 22:53:12 INFO                      
2026.10.04 22:53:12 INFO  Downloaded from central: https://repo.maven.apache.org/maven2/org/scala-sbt/util-logging_2.13/1.8.0/util-logging_2.13-1.8.0.pom (5.7 kB at 117 kB/s)
2026.10.04 22:53:12 INFO  Downloading from central: https://repo.maven.apache.org/maven2/org/scala-sbt/collections_2.13/1.8.0/collections_2.13-1.8.0.pom
2026.10.04 22:53:12 INFO  Progress (1): 1.3 kB
2026.10.04 22:53:12 INFO  Progress (1): 4.4 kB
2026.10.04 22:53:12 INFO                      
2026.10.04 22:53:12 INFO  Downloaded from central: https://repo.maven.apache.org/maven2/org/scala-sbt/collections_2.13/1.8.0/collections_2.13-1.8.0.pom (4.4 kB at 65 kB/s)
2026.10.04 22:53:12 INFO  Downloading from central: https://repo.maven.apache.org/maven2/org/scala-sbt/util-position_2.13/1.8.0/util-position_2.13-1.8.0.pom
2026.10.04 22:53:12 INFO  Progress (1): 1.3 kB
2026.10.04 22:53:12 INFO  Progress (1): 3.2 kB
2026.10.04 22:53:12 INFO                      
2026.10.04 22:53:12 INFO  Downloaded from central: https://repo.maven.apache.org/maven2/org/scala-sbt/util-position_2.13/1.8.0/util-position_2.13-1.8.0.pom (3.2 kB at 59 kB/s)
2026.10.04 22:53:12 INFO  Downloading from central: https://repo.maven.apache.org/maven2/org/scala-lang/modules/scala-parallel-collections_2.13/0.2.0/scala-parallel-collections_2.13-0.2.0.pom
2026.10.04 22:53:12 INFO  Progress (1): 1.4 kB
2026.10.04 22:53:12 INFO  Progress (1): 1.8 kB
2026.10.04 22:53:12 INFO                      
2026.10.04 22:53:12 INFO  Downloaded from central: https://repo.maven.apache.org/maven2/org/scala-lang/modules/scala-parallel-collections_2.13/0.2.0/scala-parallel-collections_2.13-0.2.0.pom (1.8 kB at 36 kB/s)
2026.10.04 22:53:12 INFO  Downloading from central: https://repo.maven.apache.org/maven2/org/scala-lang/scala-library/2.13.0/scala-library-2.13.0.pom
2026.10.04 22:53:12 INFO  Progress (1): 1.2 kB
2026.10.04 22:53:12 INFO  Progress (1): 1.6 kB
2026.10.04 22:53:12 INFO                      
2026.10.04 22:53:12 INFO  Downloaded from central: https://repo.maven.apache.org/maven2/org/scala-lang/scala-library/2.13.0/scala-library-2.13.0.pom (1.6 kB at 32 kB/s)
2026.10.04 22:53:12 INFO  Downloading from central: https://repo.maven.apache.org/maven2/org/scala-sbt/core-macros_2.13/1.8.0/core-macros_2.13-1.8.0.pom
2026.10.04 22:53:12 INFO  Progress (1): 1.3 kB
2026.10.04 22:53:12 INFO  Progress (1): 3.1 kB
2026.10.04 22:53:12 INFO                      
2026.10.04 22:53:12 INFO  Downloaded from central: https://repo.maven.apache.org/maven2/org/scala-sbt/core-macros_2.13/1.8.0/core-macros_2.13-1.8.0.pom (3.1 kB at 61 kB/s)
2026.10.04 22:53:12 INFO  Downloading from central: https://repo.maven.apache.org/maven2/org/jline/jline-terminal/3.19.0/jline-terminal-3.19.0.pom
2026.10.04 22:53:12 INFO  Progress (1): 1.2 kB
2026.10.04 22:53:12 INFO  Progress (1): 1.3 kB
2026.10.04 22:53:12 INFO                      
2026.10.04 22:53:12 INFO  Downloaded from central: https://repo.maven.apache.org/maven2/org/jline/jline-terminal/3.19.0/jline-terminal-3.19.0.pom (1.3 kB at 23 kB/s)
2026.10.04 22:53:12 INFO  Downloading from central: https://repo.maven.apache.org/maven2/org/jline/jline-parent/3.19.0/jline-parent-3.19.0.pom
2026.10.04 22:53:12 INFO  Progress (1): 930 B
2026.10.04 22:53:12 INFO  Progress (1): 2.9 kB
2026.10.04 22:53:12 INFO  Progress (1): 8.3 kB
2026.10.04 22:53:12 INFO  Progress (1): 13 kB 
2026.10.04 22:53:12 INFO  Progress (1): 16 kB
2026.10.04 22:53:12 INFO  Progress (1): 20 kB
2026.10.04 22:53:12 INFO  Progress (1): 24 kB
2026.10.04 22:53:12 INFO                     
2026.10.04 22:53:12 INFO  Downloaded from central: https://repo.maven.apache.org/maven2/org/jline/jline-parent/3.19.0/jline-parent-3.19.0.pom (24 kB at 471 kB/s)
2026.10.04 22:53:12 INFO  Downloading from central: https://repo.maven.apache.org/maven2/org/scala-lang/modules/scala-parser-combinators_2.13/1.1.2/scala-parser-combinators_2.13-1.1.2.pom
2026.10.04 22:53:12 INFO  Progress (1): 1.4 kB
2026.10.04 22:53:12 INFO  Progress (1): 2.2 kB
2026.10.04 22:53:12 INFO                      
2026.10.04 22:53:12 INFO  Downloaded from central: https://repo.maven.apache.org/maven2/org/scala-lang/modules/scala-parser-combinators_2.13/1.1.2/scala-parser-combinators_2.13-1.1.2.pom (2.2 kB at 48 kB/s)
2026.10.04 22:53:12 INFO  Downloading from central: https://repo.maven.apache.org/maven2/net/openhft/zero-allocation-hashing/0.10.1/zero-allocation-hashing-0.10.1.pom
2026.10.04 22:53:13 INFO  Progress (1): 786 B
2026.10.04 22:53:13 INFO  Progress (1): 2.5 kB
2026.10.04 22:53:13 INFO  Progress (1): 6.3 kB
2026.10.04 22:53:13 INFO  Progress (1): 8.1 kB
2026.10.04 22:53:13 INFO                      
2026.10.04 22:53:13 INFO  Downloaded from central: https://repo.maven.apache.org/maven2/net/openhft/zero-allocation-hashing/0.10.1/zero-allocation-hashing-0.10.1.pom (8.1 kB at 161 kB/s)
2026.10.04 22:53:13 INFO  Downloading from central: https://repo.maven.apache.org/maven2/net/openhft/root-parent-pom/1.1.13/root-parent-pom-1.1.13.pom
2026.10.04 22:53:13 INFO  Progress (1): 788 B
2026.10.04 22:53:13 INFO  Progress (1): 3.4 kB
2026.10.04 22:53:13 INFO  Progress (1): 7.4 kB
2026.10.04 22:53:13 INFO  Progress (1): 9.8 kB
2026.10.04 22:53:13 INFO                      
2026.10.04 22:53:13 INFO  Downloaded from central: https://repo.maven.apache.org/maven2/net/openhft/root-parent-pom/1.1.13/root-parent-pom-1.1.13.pom (9.8 kB at 199 kB/s)
2026.10.04 22:53:13 INFO  Downloading from central: https://repo.maven.apache.org/maven2/org/scala-sbt/util-control_2.13/1.8.0/util-control_2.13-1.8.0.pom
2026.10.04 22:53:13 INFO  Progress (1): 1.3 kB
2026.10.04 22:53:13 INFO  Progress (1): 2.8 kB
2026.10.04 22:53:13 INFO                      
2026.10.04 22:53:13 INFO  Downloaded from central: https://repo.maven.apache.org/maven2/org/scala-sbt/util-control_2.13/1.8.0/util-control_2.13-1.8.0.pom (2.8 kB at 45 kB/s)
2026.10.04 22:53:13 INFO  Downloading from central: https://repo.maven.apache.org/maven2/org/scala-sbt/zinc-persist-core-assembly/1.8.0/zinc-persist-core-assembly-1.8.0.pom
2026.10.04 22:53:13 INFO  Progress (1): 1.3 kB
2026.10.04 22:53:13 INFO  Progress (1): 2.4 kB
2026.10.04 22:53:13 INFO                      
2026.10.04 22:53:13 INFO  Downloaded from central: https://repo.maven.apache.org/maven2/org/scala-sbt/zinc-persist-core-assembly/1.8.0/zinc-persist-core-assembly-1.8.0.pom (2.4 kB at 7.4 kB/s)
2026.10.04 22:53:13 INFO  Downloading from central: https://repo.maven.apache.org/maven2/org/scala-sbt/util-relation_2.13/1.8.0/util-relation_2.13-1.8.0.pom
2026.10.04 22:53:13 INFO  Progress (1): 1.3 kB
2026.10.04 22:53:13 INFO  Progress (1): 3.0 kB
2026.10.04 22:53:13 INFO                      
2026.10.04 22:53:13 INFO  Downloaded from central: https://repo.maven.apache.org/maven2/org/scala-sbt/util-relation_2.13/1.8.0/util-relation_2.13-1.8.0.pom (3.0 kB at 44 kB/s)
2026.10.04 22:53:13 INFO  Downloading from central: https://repo.maven.apache.org/maven2/org/scala-sbt/zinc-persist_2.13/1.8.0/zinc-persist_2.13-1.8.0.pom
2026.10.04 22:53:13 INFO  Progress (1): 1.3 kB
2026.10.04 22:53:13 INFO  Progress (1): 4.3 kB
2026.10.04 22:53:13 INFO                      
2026.10.04 22:53:13 INFO  Downloaded from central: https://repo.maven.apache.org/maven2/org/scala-sbt/zinc-persist_2.13/1.8.0/zinc-persist_2.13-1.8.0.pom (4.3 kB at 79 kB/s)
2026.10.04 22:53:13 INFO  Downloading from central: https://repo.maven.apache.org/maven2/org/scala-lang/scala-library/2.13.8/scala-library-2.13.8.jar
2026.10.04 22:53:13 INFO  Progress (1): 0/6.0 MB
2026.10.04 22:53:13 INFO  Progress (1): 0/6.0 MB
2026.10.04 22:53:13 INFO  Progress (1): 0/6.0 MB
2026.10.04 22:53:13 INFO  Progress (1): 0/6.0 MB
2026.10.04 22:53:13 INFO  Progress (1): 0.1/6.0 MB
2026.10.04 22:53:13 INFO  Progress (1): 0.1/6.0 MB
2026.10.04 22:53:13 INFO  Progress (1): 0.1/6.0 MB
2026.10.04 22:53:13 INFO  Progress (1): 0.1/6.0 MB
2026.10.04 22:53:13 INFO  Progress (1): 0.1/6.0 MB
2026.10.04 22:53:13 INFO  Progress (1): 0.1/6.0 MB
2026.10.04 22:53:13 INFO  Progress (1): 0.2/6.0 MB
2026.10.04 22:53:13 INFO  Progress (1): 0.2/6.0 MB
2026.10.04 22:53:13 INFO  Progress (1): 0.2/6.0 MB
2026.10.04 22:53:13 INFO  Progress (1): 0.2/6.0 MB
2026.10.04 22:53:13 INFO  Progress (1): 0.2/6.0 MB
2026.10.04 22:53:13 INFO  Progress (1): 0.2/6.0 MB
2026.10.04 22:53:13 INFO  Progress (1): 0.3/6.0 MB
2026.10.04 22:53:13 INFO  Progress (1): 0.3/6.0 MB
2026.10.04 22:53:13 INFO  Progress (1): 0.3/6.0 MB
2026.10.04 22:53:13 INFO  Progress (1): 0.3/6.0 MB
2026.10.04 22:53:13 INFO  Progress (1): 0.3/6.0 MB
2026.10.04 22:53:13 INFO  Progress (1): 0.3/6.0 MB
2026.10.04 22:53:13 INFO  Progress (1): 0.4/6.0 MB
2026.10.04 22:53:13 INFO  Progress (1): 0.4/6.0 MB
2026.10.04 22:53:13 INFO  Progress (1): 0.4/6.0 MB
2026.10.04 22:53:13 INFO  Progress (1): 0.4/6.0 MB
2026.10.04 22:53:13 INFO  Progress (1): 0.4/6.0 MB
2026.10.04 22:53:13 INFO  Progress (1): 0.4/6.0 MB
2026.10.04 22:53:13 INFO  Progress (1): 0.5/6.0 MB
2026.10.04 22:53:13 INFO  Progress (1): 0.5/6.0 MB
2026.10.04 22:53:13 INFO  Progress (1): 0.5/6.0 MB
2026.10.04 22:53:13 INFO  Progress (1): 0.5/6.0 MB
2026.10.04 22:53:13 INFO  Progress (1): 0.5/6.0 MB
2026.10.04 22:53:13 INFO  Progress (1): 0.5/6.0 MB
2026.10.04 22:53:13 INFO  Progress (1): 0.6/6.0 MB
2026.10.04 22:53:13 INFO  Progress (1): 0.6/6.0 MB
2026.10.04 22:53:13 INFO  Progress (1): 0.6/6.0 MB
2026.10.04 22:53:13 INFO  Progress (1): 0.6/6.0 MB
2026.10.04 22:53:13 INFO  Progress (1): 0.6/6.0 MB
2026.10.04 22:53:13 INFO  Progress (1): 0.6/6.0 MB
2026.10.04 22:53:13 INFO  Progress (1): 0.7/6.0 MB
2026.10.04 22:53:13 INFO  Progress (1): 0.7/6.0 MB
2026.10.04 22:53:13 INFO  Progress (1): 0.7/6.0 MB
2026.10.04 22:53:13 INFO  Progress (1): 0.7/6.0 MB
2026.10.04 22:53:13 INFO  Progress (1): 0.7/6.0 MB
2026.10.04 22:53:13 INFO  Progress (1): 0.7/6.0 MB
2026.10.04 22:53:13 INFO  Progress (1): 0.7/6.0 MB
2026.10.04 22:53:13 INFO  Progress (1): 0.8/6.0 MB
2026.10.04 22:53:13 INFO  Progress (1): 0.8/6.0 MB
2026.10.04 22:53:13 INFO  Progress (1): 0.8/6.0 MB
2026.10.04 22:53:13 INFO  Progress (1): 0.8/6.0 MB
2026.10.04 22:53:13 INFO  Progress (1): 0.8/6.0 MB
2026.10.04 22:53:13 INFO  Progress (1): 0.8/6.0 MB
2026.10.04 22:53:13 INFO  Progress (1): 0.9/6.0 MB
2026.10.04 22:53:13 INFO  Progress (1): 0.9/6.0 MB
2026.10.04 22:53:13 INFO  Progress (1): 0.9/6.0 MB
2026.10.04 22:53:13 INFO  Progress (1): 0.9/6.0 MB
2026.10.04 22:53:13 INFO  Progress (1): 0.9/6.0 MB
2026.10.04 22:53:13 INFO  Progress (1): 0.9/6.0 MB
2026.10.04 22:53:13 INFO  Progress (1): 1.0/6.0 MB
2026.10.04 22:53:13 INFO  Progress (1): 1.0/6.0 MB
2026.10.04 22:53:13 INFO  Progress (1): 1.0/6.0 MB
2026.10.04 22:53:13 INFO  Progress (1): 1.0/6.0 MB
2026.10.04 22:53:13 INFO  Progress (1): 1.0/6.0 MB
2026.10.04 22:53:13 INFO  Progress (1): 1.0/6.0 MB
2026.10.04 22:53:13 INFO  Progress (1): 1.1/6.0 MB
2026.10.04 22:53:13 INFO  Progress (1): 1.1/6.0 MB
2026.10.04 22:53:13 INFO  Progress (1): 1.1/6.0 MB
2026.10.04 22:53:13 INFO  Progress (1): 1.1/6.0 MB
2026.10.04 22:53:13 INFO  Progress (1): 1.1/6.0 MB
2026.10.04 22:53:13 INFO  Progress (1): 1.1/6.0 MB
2026.10.04 22:53:13 INFO  Progress (1): 1.1/6.0 MB
2026.10.04 22:53:13 INFO  Progress (1): 1.2/6.0 MB
2026.10.04 22:53:13 INFO  Progress (1): 1.2/6.0 MB
2026.10.04 22:53:13 INFO  Progress (1): 1.2/6.0 MB
2026.10.04 22:53:13 INFO  Progress (1): 1.2/6.0 MB
2026.10.04 22:53:13 INFO  Progress (1): 1.2/6.0 MB
2026.10.04 22:53:13 INFO  Progress (1): 1.2/6.0 MB
2026.10.04 22:53:13 INFO  Progress (1): 1.3/6.0 MB
2026.10.04 22:53:13 INFO  Progress (1): 1.3/6.0 MB
2026.10.04 22:53:13 INFO  Progress (1): 1.3/6.0 MB
2026.10.04 22:53:13 INFO  Progress (1): 1.3/6.0 MB
2026.10.04 22:53:13 INFO  Progress (1): 1.3/6.0 MB
2026.10.04 22:53:13 INFO  Progress (1): 1.3/6.0 MB
2026.10.04 22:53:13 INFO  Progress (1): 1.4/6.0 MB
2026.10.04 22:53:13 INFO  Progress (1): 1.4/6.0 MB
2026.10.04 22:53:13 INFO  Progress (1): 1.4/6.0 MB
2026.10.04 22:53:13 INFO  Progress (1): 1.4/6.0 MB
2026.10.04 22:53:13 INFO  Progress (1): 1.4/6.0 MB
2026.10.04 22:53:13 INFO  Progress (1): 1.4/6.0 MB
2026.10.04 22:53:13 INFO  Progress (1): 1.5/6.0 MB
2026.10.04 22:53:13 INFO  Progress (1): 1.5/6.0 MB
2026.10.04 22:53:13 INFO  Progress (1): 1.5/6.0 MB
2026.10.04 22:53:13 INFO  Progress (1): 1.5/6.0 MB
2026.10.04 22:53:13 INFO  Progress (1): 1.5/6.0 MB
2026.10.04 22:53:13 INFO  Progress (1): 1.5/6.0 MB
2026.10.04 22:53:13 INFO  Progress (1): 1.5/6.0 MB
2026.10.04 22:53:13 INFO  Progress (1): 1.6/6.0 MB
2026.10.04 22:53:13 INFO  Progress (1): 1.6/6.0 MB
2026.10.04 22:53:13 INFO  Progress (1): 1.6/6.0 MB
2026.10.04 22:53:13 INFO  Progress (1): 1.6/6.0 MB
2026.10.04 22:53:13 INFO  Progress (1): 1.6/6.0 MB
2026.10.04 22:53:13 INFO  Progress (1): 1.6/6.0 MB
2026.10.04 22:53:13 INFO  Progress (1): 1.7/6.0 MB
2026.10.04 22:53:13 INFO  Progress (1): 1.7/6.0 MB
2026.10.04 22:53:13 INFO  Progress (1): 1.7/6.0 MB
2026.10.04 22:53:13 INFO  Progress (1): 1.7/6.0 MB
2026.10.04 22:53:13 INFO  Progress (1): 1.7/6.0 MB
2026.10.04 22:53:13 INFO  Progress (1): 1.7/6.0 MB
2026.10.04 22:53:13 INFO  Progress (1): 1.8/6.0 MB
2026.10.04 22:53:13 INFO  Progress (1): 1.8/6.0 MB
2026.10.04 22:53:13 INFO  Progress (1): 1.8/6.0 MB
2026.10.04 22:53:13 INFO  Progress (1): 1.8/6.0 MB
2026.10.04 22:53:13 INFO  Progress (1): 1.8/6.0 MB
2026.10.04 22:53:13 INFO  Progress (1): 1.8/6.0 MB
2026.10.04 22:53:13 INFO  Progress (1): 1.9/6.0 MB
2026.10.04 22:53:13 INFO  Progress (1): 1.9/6.0 MB
2026.10.04 22:53:13 INFO  Progress (1): 1.9/6.0 MB
2026.10.04 22:53:13 INFO  Progress (1): 1.9/6.0 MB
2026.10.04 22:53:13 INFO  Progress (1): 1.9/6.0 MB
2026.10.04 22:53:13 INFO  Progress (1): 1.9/6.0 MB
2026.10.04 22:53:13 INFO  Progress (1): 2.0/6.0 MB
2026.10.04 22:53:13 INFO  Progress (1): 2.0/6.0 MB
2026.10.04 22:53:13 INFO  Progress (1): 2.0/6.0 MB
2026.10.04 22:53:13 INFO  Progress (1): 2.0/6.0 MB
2026.10.04 22:53:13 INFO  Progress (1): 2.0/6.0 MB
2026.10.04 22:53:13 INFO  Progress (1): 2.0/6.0 MB
2026.10.04 22:53:13 INFO  Progress (1): 2.1/6.0 MB
2026.10.04 22:53:13 INFO  Progress (1): 2.1/6.0 MB
2026.10.04 22:53:13 INFO  Progress (1): 2.1/6.0 MB
2026.10.04 22:53:13 INFO  Progress (1): 2.1/6.0 MB
2026.10.04 22:53:13 INFO  Progress (1): 2.1/6.0 MB
2026.10.04 22:53:13 INFO  Progress (1): 2.1/6.0 MB
2026.10.04 22:53:13 INFO  Progress (1): 2.1/6.0 MB
2026.10.04 22:53:13 INFO  Progress (1): 2.2/6.0 MB
2026.10.04 22:53:13 INFO  Progress (1): 2.2/6.0 MB
2026.10.04 22:53:13 INFO  Progress (1): 2.2/6.0 MB
2026.10.04 22:53:14 INFO  Progress (1): 2.2/6.0 MB
2026.10.04 22:53:14 INFO  Progress (1): 2.2/6.0 MB
2026.10.04 22:53:14 INFO  Progress (1): 2.2/6.0 MB
2026.10.04 22:53:14 INFO  Progress (1): 2.3/6.0 MB
2026.10.04 22:53:14 INFO  Progress (1): 2.3/6.0 MB
2026.10.04 22:53:14 INFO  Progress (1): 2.3/6.0 MB
2026.10.04 22:53:14 INFO  Progress (1): 2.3/6.0 MB
2026.10.04 22:53:14 INFO  Progress (1): 2.3/6.0 MB
2026.10.04 22:53:14 INFO  Progress (1): 2.3/6.0 MB
2026.10.04 22:53:14 INFO  Progress (1): 2.4/6.0 MB
2026.10.04 22:53:14 INFO  Progress (1): 2.4/6.0 MB
2026.10.04 22:53:14 INFO  Progress (1): 2.4/6.0 MB
2026.10.04 22:53:14 INFO  Progress (1): 2.4/6.0 MB
2026.10.04 22:53:14 INFO  Progress (1): 2.4/6.0 MB
2026.10.04 22:53:14 INFO  Progress (1): 2.4/6.0 MB
2026.10.04 22:53:14 INFO  Progress (1): 2.5/6.0 MB
2026.10.04 22:53:14 INFO  Progress (1): 2.5/6.0 MB
2026.10.04 22:53:14 INFO  Progress (1): 2.5/6.0 MB
2026.10.04 22:53:14 INFO  Progress (1): 2.5/6.0 MB
2026.10.04 22:53:14 INFO  Progress (1): 2.5/6.0 MB
2026.10.04 22:53:14 INFO  Progress (1): 2.5/6.0 MB
2026.10.04 22:53:14 INFO  Progress (1): 2.5/6.0 MB
2026.10.04 22:53:14 INFO  Progress (1): 2.6/6.0 MB
2026.10.04 22:53:14 INFO  Progress (1): 2.6/6.0 MB
2026.10.04 22:53:14 INFO  Progress (1): 2.6/6.0 MB
2026.10.04 22:53:14 INFO  Progress (1): 2.6/6.0 MB
2026.10.04 22:53:14 INFO  Progress (1): 2.6/6.0 MB
2026.10.04 22:53:14 INFO  Progress (1): 2.6/6.0 MB
2026.10.04 22:53:14 INFO  Progress (1): 2.7/6.0 MB
2026.10.04 22:53:14 INFO  Progress (1): 2.7/6.0 MB
2026.10.04 22:53:14 INFO  Progress (1): 2.7/6.0 MB
2026.10.04 22:53:14 INFO  Progress (1): 2.7/6.0 MB
2026.10.04 22:53:14 INFO  Progress (1): 2.7/6.0 MB
2026.10.04 22:53:14 INFO  Progress (1): 2.7/6.0 MB
2026.10.04 22:53:14 INFO  Progress (1): 2.8/6.0 MB
2026.10.04 22:53:14 INFO  Progress (1): 2.8/6.0 MB
2026.10.04 22:53:14 INFO  Progress (1): 2.8/6.0 MB
2026.10.04 22:53:14 INFO  Progress (1): 2.8/6.0 MB
2026.10.04 22:53:14 INFO  Progress (1): 2.8/6.0 MB
2026.10.04 22:53:14 INFO  Progress (1): 2.8/6.0 MB
2026.10.04 22:53:14 INFO  Progress (1): 2.8/6.0 MB
2026.10.04 22:53:14 INFO  Progress (1): 2.9/6.0 MB
2026.10.04 22:53:14 INFO  Progress (1): 2.9/6.0 MB
2026.10.04 22:53:14 INFO  Progress (1): 2.9/6.0 MB
2026.10.04 22:53:14 INFO  Progress (1): 2.9/6.0 MB
2026.10.04 22:53:14 INFO  Progress (1): 2.9/6.0 MB
2026.10.04 22:53:14 INFO  Progress (1): 2.9/6.0 MB
2026.10.04 22:53:14 INFO  Progress (1): 3.0/6.0 MB
2026.10.04 22:53:14 INFO  Progress (1): 3.0/6.0 MB
2026.10.04 22:53:14 INFO  Progress (1): 3.0/6.0 MB
2026.10.04 22:53:14 INFO  Progress (1): 3.0/6.0 MB
2026.10.04 22:53:14 INFO  Progress (1): 3.0/6.0 MB
2026.10.04 22:53:14 INFO  Progress (1): 3.0/6.0 MB
2026.10.04 22:53:14 INFO  Progress (1): 3.1/6.0 MB
2026.10.04 22:53:14 INFO  Progress (1): 3.1/6.0 MB
2026.10.04 22:53:14 INFO  Progress (1): 3.1/6.0 MB
2026.10.04 22:53:14 INFO  Progress (1): 3.1/6.0 MB
2026.10.04 22:53:14 INFO  Progress (1): 3.1/6.0 MB
2026.10.04 22:53:14 INFO  Progress (1): 3.1/6.0 MB
2026.10.04 22:53:14 INFO  Progress (1): 3.2/6.0 MB
2026.10.04 22:53:14 INFO  Progress (1): 3.2/6.0 MB
2026.10.04 22:53:14 INFO  Progress (1): 3.2/6.0 MB
2026.10.04 22:53:14 INFO  Progress (1): 3.2/6.0 MB
2026.10.04 22:53:14 INFO  Progress (1): 3.2/6.0 MB
2026.10.04 22:53:14 INFO  Progress (1): 3.2/6.0 MB
2026.10.04 22:53:14 INFO  Progress (1): 3.2/6.0 MB
2026.10.04 22:53:14 INFO  Progress (1): 3.3/6.0 MB
2026.10.04 22:53:14 INFO  Progress (1): 3.3/6.0 MB
2026.10.04 22:53:14 INFO  Progress (1): 3.3/6.0 MB
2026.10.04 22:53:14 INFO  Progress (1): 3.3/6.0 MB
2026.10.04 22:53:14 INFO  Progress (1): 3.3/6.0 MB
2026.10.04 22:53:14 INFO  Progress (1): 3.3/6.0 MB
2026.10.04 22:53:14 INFO  Progress (1): 3.4/6.0 MB
2026.10.04 22:53:14 INFO  Progress (1): 3.4/6.0 MB
2026.10.04 22:53:14 INFO  Progress (1): 3.4/6.0 MB
2026.10.04 22:53:14 INFO  Progress (1): 3.4/6.0 MB
2026.10.04 22:53:14 INFO  Progress (1): 3.4/6.0 MB
2026.10.04 22:53:14 INFO  Progress (1): 3.4/6.0 MB
2026.10.04 22:53:14 INFO  Progress (1): 3.5/6.0 MB
2026.10.04 22:53:14 INFO  Progress (1): 3.5/6.0 MB
2026.10.04 22:53:14 INFO  Progress (1): 3.5/6.0 MB
2026.10.04 22:53:14 INFO  Progress (1): 3.5/6.0 MB
2026.10.04 22:53:14 INFO  Progress (1): 3.5/6.0 MB
2026.10.04 22:53:14 INFO  Progress (1): 3.5/6.0 MB
2026.10.04 22:53:14 INFO  Progress (1): 3.6/6.0 MB
2026.10.04 22:53:14 INFO  Progress (1): 3.6/6.0 MB
2026.10.04 22:53:14 INFO  Progress (1): 3.6/6.0 MB
2026.10.04 22:53:14 INFO  Progress (1): 3.6/6.0 MB
2026.10.04 22:53:14 INFO  Progress (1): 3.6/6.0 MB
2026.10.04 22:53:14 INFO  Progress (1): 3.6/6.0 MB
2026.10.04 22:53:14 INFO  Progress (1): 3.7/6.0 MB
2026.10.04 22:53:14 INFO  Progress (1): 3.7/6.0 MB
2026.10.04 22:53:14 INFO  Progress (1): 3.7/6.0 MB
2026.10.04 22:53:14 INFO  Progress (1): 3.7/6.0 MB
2026.10.04 22:53:14 INFO  Progress (1): 3.7/6.0 MB
2026.10.04 22:53:14 INFO  Progress (1): 3.7/6.0 MB
2026.10.04 22:53:14 INFO  Progress (1): 3.8/6.0 MB
2026.10.04 22:53:14 INFO  Progress (1): 3.8/6.0 MB
2026.10.04 22:53:14 INFO  Progress (1): 3.8/6.0 MB
2026.10.04 22:53:14 INFO  Progress (1): 3.8/6.0 MB
2026.10.04 22:53:14 INFO  Progress (1): 3.8/6.0 MB
2026.10.04 22:53:14 INFO  Progress (1): 3.8/6.0 MB
2026.10.04 22:53:14 INFO  Progress (1): 3.9/6.0 MB
2026.10.04 22:53:14 INFO  Progress (1): 3.9/6.0 MB
2026.10.04 22:53:14 INFO  Progress (1): 3.9/6.0 MB
2026.10.04 22:53:14 INFO  Progress (1): 3.9/6.0 MB
2026.10.04 22:53:14 INFO  Progress (1): 3.9/6.0 MB
2026.10.04 22:53:14 INFO  Progress (1): 3.9/6.0 MB
2026.10.04 22:53:14 INFO  Progress (1): 4.0/6.0 MB
2026.10.04 22:53:14 INFO  Progress (1): 4.0/6.0 MB
2026.10.04 22:53:14 INFO  Progress (1): 4.0/6.0 MB
2026.10.04 22:53:14 INFO  Progress (1): 4.0/6.0 MB
2026.10.04 22:53:14 INFO  Progress (1): 4.0/6.0 MB
2026.10.04 22:53:14 INFO  Progress (1): 4.0/6.0 MB
2026.10.04 22:53:14 INFO  Progress (1): 4.1/6.0 MB
2026.10.04 22:53:14 INFO  Progress (1): 4.1/6.0 MB
2026.10.04 22:53:14 INFO  Progress (1): 4.1/6.0 MB
2026.10.04 22:53:14 INFO  Progress (1): 4.1/6.0 MB
2026.10.04 22:53:14 INFO  Progress (1): 4.1/6.0 MB
2026.10.04 22:53:14 INFO  Progress (1): 4.1/6.0 MB
2026.10.04 22:53:14 INFO  Progress (1): 4.2/6.0 MB
2026.10.04 22:53:14 INFO  Progress (1): 4.2/6.0 MB
2026.10.04 22:53:14 INFO  Progress (1): 4.2/6.0 MB
2026.10.04 22:53:14 INFO  Progress (1): 4.2/6.0 MB
2026.10.04 22:53:14 INFO  Progress (1): 4.2/6.0 MB
2026.10.04 22:53:14 INFO  Progress (1): 4.2/6.0 MB
2026.10.04 22:53:14 INFO  Progress (1): 4.2/6.0 MB
2026.10.04 22:53:14 INFO  Progress (1): 4.3/6.0 MB
2026.10.04 22:53:14 INFO  Progress (1): 4.3/6.0 MB
2026.10.04 22:53:14 INFO  Progress (1): 4.3/6.0 MB
2026.10.04 22:53:14 INFO  Progress (1): 4.3/6.0 MB
2026.10.04 22:53:14 INFO  Progress (1): 4.3/6.0 MB
2026.10.04 22:53:14 INFO  Progress (1): 4.3/6.0 MB
2026.10.04 22:53:14 INFO  Progress (1): 4.4/6.0 MB
2026.10.04 22:53:14 INFO  Progress (1): 4.4/6.0 MB
2026.10.04 22:53:14 INFO  Progress (1): 4.4/6.0 MB
2026.10.04 22:53:14 INFO  Progress (1): 4.4/6.0 MB
2026.10.04 22:53:14 INFO  Progress (1): 4.4/6.0 MB
2026.10.04 22:53:14 INFO  Progress (1): 4.4/6.0 MB
2026.10.04 22:53:14 INFO  Progress (1): 4.5/6.0 MB
2026.10.04 22:53:14 INFO  Progress (1): 4.5/6.0 MB
2026.10.04 22:53:14 INFO  Progress (1): 4.5/6.0 MB
2026.10.04 22:53:14 INFO  Progress (1): 4.5/6.0 MB
2026.10.04 22:53:14 INFO  Progress (1): 4.5/6.0 MB
2026.10.04 22:53:14 INFO  Progress (1): 4.5/6.0 MB
2026.10.04 22:53:14 INFO  Progress (1): 4.6/6.0 MB
2026.10.04 22:53:14 INFO  Progress (1): 4.6/6.0 MB
2026.10.04 22:53:14 INFO  Progress (1): 4.6/6.0 MB
2026.10.04 22:53:14 INFO  Progress (1): 4.6/6.0 MB
2026.10.04 22:53:14 INFO  Progress (1): 4.6/6.0 MB
2026.10.04 22:53:14 INFO  Progress (1): 4.6/6.0 MB
2026.10.04 22:53:14 INFO  Progress (1): 4.7/6.0 MB
2026.10.04 22:53:14 INFO  Progress (1): 4.7/6.0 MB
2026.10.04 22:53:14 INFO  Progress (1): 4.7/6.0 MB
2026.10.04 22:53:14 INFO  Progress (1): 4.7/6.0 MB
2026.10.04 22:53:14 INFO  Progress (1): 4.7/6.0 MB
2026.10.04 22:53:14 INFO  Progress (1): 4.7/6.0 MB
2026.10.04 22:53:14 INFO  Progress (1): 4.7/6.0 MB
2026.10.04 22:53:14 INFO  Progress (1): 4.8/6.0 MB
2026.10.04 22:53:14 INFO  Progress (1): 4.8/6.0 MB
2026.10.04 22:53:14 INFO  Progress (1): 4.8/6.0 MB
2026.10.04 22:53:14 INFO  Progress (1): 4.8/6.0 MB
2026.10.04 22:53:14 INFO  Progress (1): 4.8/6.0 MB
2026.10.04 22:53:14 INFO  Progress (1): 4.8/6.0 MB
2026.10.04 22:53:14 INFO  Progress (1): 4.9/6.0 MB
2026.10.04 22:53:14 INFO  Progress (1): 4.9/6.0 MB
2026.10.04 22:53:14 INFO  Progress (1): 4.9/6.0 MB
2026.10.04 22:53:14 INFO  Progress (1): 4.9/6.0 MB
2026.10.04 22:53:14 INFO  Progress (1): 4.9/6.0 MB
2026.10.04 22:53:14 INFO  Progress (1): 4.9/6.0 MB
2026.10.04 22:53:14 INFO  Progress (1): 5.0/6.0 MB
2026.10.04 22:53:14 INFO  Progress (1): 5.0/6.0 MB
2026.10.04 22:53:14 INFO  Progress (1): 5.0/6.0 MB
2026.10.04 22:53:14 INFO  Progress (1): 5.0/6.0 MB
2026.10.04 22:53:14 INFO  Progress (1): 5.0/6.0 MB
2026.10.04 22:53:14 INFO  Progress (1): 5.0/6.0 MB
2026.10.04 22:53:14 INFO  Progress (1): 5.1/6.0 MB
2026.10.04 22:53:14 INFO  Progress (1): 5.1/6.0 MB
2026.10.04 22:53:14 INFO  Progress (1): 5.1/6.0 MB
2026.10.04 22:53:14 INFO  Progress (1): 5.1/6.0 MB
2026.10.04 22:53:14 INFO  Progress (1): 5.1/6.0 MB
2026.10.04 22:53:14 INFO  Progress (1): 5.1/6.0 MB
2026.10.04 22:53:14 INFO  Progress (1): 5.2/6.0 MB
2026.10.04 22:53:14 INFO  Progress (1): 5.2/6.0 MB
2026.10.04 22:53:14 INFO  Progress (1): 5.2/6.0 MB
2026.10.04 22:53:14 INFO  Progress (1): 5.2/6.0 MB
2026.10.04 22:53:14 INFO  Progress (1): 5.2/6.0 MB
2026.10.04 22:53:14 INFO  Progress (1): 5.2/6.0 MB
2026.10.04 22:53:14 INFO  Progress (1): 5.2/6.0 MB
2026.10.04 22:53:14 INFO  Progress (1): 5.3/6.0 MB
2026.10.04 22:53:14 INFO  Progress (1): 5.3/6.0 MB
2026.10.04 22:53:14 INFO  Progress (1): 5.3/6.0 MB
2026.10.04 22:53:14 INFO  Progress (1): 5.3/6.0 MB
2026.10.04 22:53:14 INFO  Progress (1): 5.3/6.0 MB
2026.10.04 22:53:14 INFO  Progress (1): 5.3/6.0 MB
2026.10.04 22:53:14 INFO  Progress (1): 5.4/6.0 MB
2026.10.04 22:53:14 INFO  Progress (1): 5.4/6.0 MB
2026.10.04 22:53:14 INFO  Progress (1): 5.4/6.0 MB
2026.10.04 22:53:14 INFO  Progress (1): 5.4/6.0 MB
2026.10.04 22:53:14 INFO  Progress (1): 5.4/6.0 MB
2026.10.04 22:53:14 INFO  Progress (1): 5.4/6.0 MB
2026.10.04 22:53:14 INFO  Progress (1): 5.5/6.0 MB
2026.10.04 22:53:14 INFO  Progress (1): 5.5/6.0 MB
2026.10.04 22:53:14 INFO  Progress (1): 5.5/6.0 MB
2026.10.04 22:53:14 INFO  Progress (1): 5.5/6.0 MB
2026.10.04 22:53:14 INFO  Progress (1): 5.5/6.0 MB
2026.10.04 22:53:14 INFO  Progress (1): 5.5/6.0 MB
2026.10.04 22:53:14 INFO  Progress (1): 5.6/6.0 MB
2026.10.04 22:53:14 INFO  Progress (1): 5.6/6.0 MB
2026.10.04 22:53:14 INFO  Progress (1): 5.6/6.0 MB
2026.10.04 22:53:14 INFO  Progress (1): 5.6/6.0 MB
2026.10.04 22:53:14 INFO  Progress (1): 5.6/6.0 MB
2026.10.04 22:53:14 INFO  Progress (1): 5.6/6.0 MB
2026.10.04 22:53:14 INFO  Progress (1): 5.7/6.0 MB
2026.10.04 22:53:14 INFO  Progress (1): 5.7/6.0 MB
2026.10.04 22:53:14 INFO  Progress (1): 5.7/6.0 MB
2026.10.04 22:53:14 INFO  Progress (1): 5.7/6.0 MB
2026.10.04 22:53:14 INFO  Progress (1): 5.7/6.0 MB
2026.10.04 22:53:14 INFO  Progress (1): 5.7/6.0 MB
2026.10.04 22:53:14 INFO  Progress (1): 5.8/6.0 MB
2026.10.04 22:53:14 INFO  Progress (1): 5.8/6.0 MB
2026.10.04 22:53:14 INFO  Progress (1): 5.8/6.0 MB
2026.10.04 22:53:14 INFO  Progress (1): 5.8/6.0 MB
2026.10.04 22:53:14 INFO  Progress (1): 5.8/6.0 MB
2026.10.04 22:53:14 INFO  Progress (1): 5.8/6.0 MB
2026.10.04 22:53:14 INFO  Progress (1): 5.9/6.0 MB
2026.10.04 22:53:14 INFO  Progress (1): 5.9/6.0 MB
2026.10.04 22:53:14 INFO  Progress (1): 5.9/6.0 MB
2026.10.04 22:53:14 INFO  Progress (1): 5.9/6.0 MB
2026.10.04 22:53:14 INFO  Progress (1): 5.9/6.0 MB
2026.10.04 22:53:14 INFO  Progress (1): 5.9/6.0 MB
2026.10.04 22:53:14 INFO  Progress (1): 6.0/6.0 MB
2026.10.04 22:53:14 INFO  Progress (1): 6.0/6.0 MB
2026.10.04 22:53:14 INFO  Progress (1): 6.0/6.0 MB
2026.10.04 22:53:14 INFO  Progress (1): 6.0/6.0 MB
2026.10.04 22:53:14 INFO  Progress (1): 6.0 MB    
2026.10.04 22:53:14 INFO                      
2026.10.04 22:53:14 INFO  Downloaded from central: https://repo.maven.apache.org/maven2/org/scala-lang/scala-library/2.13.8/scala-library-2.13.8.jar (6.0 MB at 8.5 MB/s)
2026.10.04 22:53:14 INFO  Downloading from central: https://repo.maven.apache.org/maven2/ch/epfl/scala/bloop-config_2.13/2.3.3/bloop-config_2.13-2.3.3.jar
2026.10.04 22:53:14 INFO  Downloading from central: https://repo.maven.apache.org/maven2/com/lihaoyi/unroll-annotation_2.13/0.1.12/unroll-annotation_2.13-0.1.12.jar
2026.10.04 22:53:14 INFO  Downloading from central: https://repo.maven.apache.org/maven2/com/github/plokhotnyuk/jsoniter-scala/jsoniter-scala-core_2.13/2.13.5.2/jsoniter-scala-core_2.13-2.13.5.2.jar
2026.10.04 22:53:14 INFO  Downloading from central: https://repo.maven.apache.org/maven2/net/alchim31/maven/scala-maven-plugin/4.8.0/scala-maven-plugin-4.8.0.jar
2026.10.04 22:53:14 INFO  Downloading from central: https://repo.maven.apache.org/maven2/org/apache/maven/shared/maven-dependency-tree/3.2.1/maven-dependency-tree-3.2.1.jar
2026.10.04 22:53:14 INFO  Progress (1): 7.7/176 kB
2026.10.04 22:53:14 INFO  Progress (1): 16/176 kB 
2026.10.04 22:53:14 INFO  Progress (1): 28/176 kB
2026.10.04 22:53:14 INFO  Progress (1): 44/176 kB
2026.10.04 22:53:14 INFO  Progress (1): 61/176 kB
2026.10.04 22:53:14 INFO  Progress (1): 77/176 kB
2026.10.04 22:53:14 INFO  Progress (1): 93/176 kB
2026.10.04 22:53:14 INFO  Progress (1): 110/176 kB
2026.10.04 22:53:14 INFO  Progress (1): 126/176 kB
2026.10.04 22:53:14 INFO  Progress (1): 142/176 kB
2026.10.04 22:53:14 INFO  Progress (1): 159/176 kB
2026.10.04 22:53:14 INFO  Progress (1): 175/176 kB
2026.10.04 22:53:14 INFO  Progress (1): 176 kB    
2026.10.04 22:53:14 INFO                      
2026.10.04 22:53:14 INFO  Downloaded from central: https://repo.maven.apache.org/maven2/com/github/plokhotnyuk/jsoniter-scala/jsoniter-scala-core_2.13/2.13.5.2/jsoniter-scala-core_2.13-2.13.5.2.jar (176 kB at 2.5 MB/s)
2026.10.04 22:53:14 INFO  Downloading from central: https://repo.maven.apache.org/maven2/org/apache/maven/doxia/doxia-sink-api/1.11.1/doxia-sink-api-1.11.1.jar
2026.10.04 22:53:15 INFO  no build target found for D:\API_Automation\SampleTestRepoAPI\src\main\java\org\example\Main.java. Using fallback presentation compiler.
2026.10.04 22:53:14 INFO  Progress (1): 7.7/12 kB
2026.10.04 22:53:14 INFO  Progress (1): 12 kB    
2026.10.04 22:53:14 INFO                     
2026.10.04 22:53:14 INFO  Downloaded from central: https://repo.maven.apache.org/maven2/org/apache/maven/doxia/doxia-sink-api/1.11.1/doxia-sink-api-1.11.1.jar (12 kB at 85 kB/s)
2026.10.04 22:53:14 INFO  Downloading from central: https://repo.maven.apache.org/maven2/org/apache/maven/doxia/doxia-logging-api/1.11.1/doxia-logging-api-1.11.1.jar
2026.10.04 22:53:14 INFO  Progress (1): 7.7/12 kB
2026.10.04 22:53:14 INFO  Progress (1): 12 kB    
2026.10.04 22:53:14 INFO                     
2026.10.04 22:53:14 INFO  Downloaded from central: https://repo.maven.apache.org/maven2/org/apache/maven/doxia/doxia-logging-api/1.11.1/doxia-logging-api-1.11.1.jar (12 kB at 68 kB/s)
2026.10.04 22:53:14 INFO  Downloading from central: https://repo.maven.apache.org/maven2/org/apache/maven/maven-archiver/3.6.0/maven-archiver-3.6.0.jar
2026.10.04 22:53:14 INFO  Progress (1): 7.7/26 kB
2026.10.04 22:53:14 INFO  Progress (1): 15/26 kB 
2026.10.04 22:53:14 INFO  Progress (1): 26 kB   
2026.10.04 22:53:14 INFO                     
2026.10.04 22:53:14 INFO  Downloaded from central: https://repo.maven.apache.org/maven2/org/apache/maven/maven-archiver/3.6.0/maven-archiver-3.6.0.jar (26 kB at 113 kB/s)
2026.10.04 22:53:14 INFO  Downloading from central: https://repo.maven.apache.org/maven2/org/codehaus/plexus/plexus-io/3.4.0/plexus-io-3.4.0.jar
2026.10.04 22:53:14 INFO  Progress (1): 7.7/79 kB
2026.10.04 22:53:14 INFO  Progress (1): 11/79 kB 
2026.10.04 22:53:14 INFO  Progress (1): 28/79 kB
2026.10.04 22:53:14 INFO  Progress (1): 44/79 kB
2026.10.04 22:53:14 INFO  Progress (1): 61/79 kB
2026.10.04 22:53:14 INFO  Progress (1): 77/79 kB
2026.10.04 22:53:14 INFO  Progress (1): 79 kB   
2026.10.04 22:53:14 INFO                     
2026.10.04 22:53:14 INFO  Downloaded from central: https://repo.maven.apache.org/maven2/org/codehaus/plexus/plexus-io/3.4.0/plexus-io-3.4.0.jar (79 kB at 268 kB/s)
2026.10.04 22:53:14 INFO  Downloading from central: https://repo.maven.apache.org/maven2/org/apache/commons/commons-exec/1.3/commons-exec-1.3.jar
2026.10.04 22:53:14 INFO  Progress (1): 0.9/1.3 kB
2026.10.04 22:53:14 INFO  Progress (1): 1.3 kB    
2026.10.04 22:53:14 INFO                      
2026.10.04 22:53:14 INFO  Downloaded from central: https://repo.maven.apache.org/maven2/com/lihaoyi/unroll-annotation_2.13/0.1.12/unroll-annotation_2.13-0.1.12.jar (1.3 kB at 4.0 kB/s)
2026.10.04 22:53:14 INFO  Downloading from central: https://repo.maven.apache.org/maven2/org/codehaus/plexus/plexus-utils/3.5.0/plexus-utils-3.5.0.jar
2026.10.04 22:53:14 INFO  Progress (1): 0.9/159 kB
2026.10.04 22:53:14 INFO  Progress (1): 2.3/159 kB
2026.10.04 22:53:14 INFO  Progress (1): 3.6/159 kB
2026.10.04 22:53:14 INFO  Progress (1): 5.0/159 kB
2026.10.04 22:53:14 INFO  Progress (1): 6.4/159 kB
2026.10.04 22:53:14 INFO  Progress (1): 7.7/159 kB
2026.10.04 22:53:14 INFO  Progress (1): 9.1/159 kB
2026.10.04 22:53:14 INFO  Progress (1): 10/159 kB 
2026.10.04 22:53:14 INFO  Progress (1): 12/159 kB
2026.10.04 22:53:14 INFO  Progress (1): 13/159 kB
2026.10.04 22:53:14 INFO  Progress (1): 15/159 kB
2026.10.04 22:53:14 INFO  Progress (1): 16/159 kB
2026.10.04 22:53:14 INFO  Progress (1): 17/159 kB
2026.10.04 22:53:14 INFO  Progress (2): 17/159 kB | 7.7/54 kB
2026.10.04 22:53:14 INFO  Progress (2): 17/159 kB | 11/54 kB 
2026.10.04 22:53:14 INFO  Progress (2): 17/159 kB | 28/54 kB
2026.10.04 22:53:14 INFO  Progress (3): 17/159 kB | 28/54 kB | 0.9/288 kB
2026.10.04 22:53:14 INFO  Progress (3): 17/159 kB | 44/54 kB | 0.9/288 kB
2026.10.04 22:53:14 INFO  Progress (3): 17/159 kB | 44/54 kB | 2.3/288 kB
2026.10.04 22:53:14 INFO  Progress (3): 17/159 kB | 44/54 kB | 3.6/288 kB
2026.10.04 22:53:14 INFO  Progress (3): 17/159 kB | 44/54 kB | 5.0/288 kB
2026.10.04 22:53:14 INFO  Progress (3): 17/159 kB | 44/54 kB | 6.4/288 kB
2026.10.04 22:53:14 INFO  Progress (3): 17/159 kB | 44/54 kB | 7.7/288 kB
2026.10.04 22:53:14 INFO  Progress (3): 17/159 kB | 44/54 kB | 9.1/288 kB
2026.10.04 22:53:14 INFO  Progress (3): 17/159 kB | 44/54 kB | 10/288 kB 
2026.10.04 22:53:14 INFO  Progress (3): 17/159 kB | 44/54 kB | 12/288 kB
2026.10.04 22:53:14 INFO  Progress (3): 17/159 kB | 44/54 kB | 13/288 kB
2026.10.04 22:53:14 INFO  Progress (3): 19/159 kB | 44/54 kB | 13/288 kB
2026.10.04 22:53:14 INFO  Progress (3): 19/159 kB | 54 kB | 13/288 kB   
2026.10.04 22:53:14 INFO  Progress (3): 19/159 kB | 54 kB | 15/288 kB
2026.10.04 22:53:14 INFO  Progress (3): 20/159 kB | 54 kB | 15/288 kB
2026.10.04 22:53:14 INFO  Progress (3): 20/159 kB | 54 kB | 16/288 kB
2026.10.04 22:53:14 INFO  Progress (3): 20/159 kB | 54 kB | 17/288 kB
2026.10.04 22:53:14 INFO  Progress (4): 20/159 kB | 54 kB | 17/288 kB | 0.9/43 kB
2026.10.04 22:53:14 INFO  Progress (4): 20/159 kB | 54 kB | 17/288 kB | 2.3/43 kB
2026.10.04 22:53:14 INFO  Progress (4): 20/159 kB | 54 kB | 17/288 kB | 3.6/43 kB
2026.10.04 22:53:14 INFO  Progress (4): 20/159 kB | 54 kB | 17/288 kB | 5.0/43 kB
2026.10.04 22:53:14 INFO  Progress (4): 20/159 kB | 54 kB | 17/288 kB | 6.4/43 kB
2026.10.04 22:53:14 INFO  Progress (4): 20/159 kB | 54 kB | 17/288 kB | 7.7/43 kB
2026.10.04 22:53:14 INFO  Progress (4): 20/159 kB | 54 kB | 17/288 kB | 9.1/43 kB
2026.10.04 22:53:14 INFO  Progress (4): 20/159 kB | 54 kB | 17/288 kB | 10/43 kB 
2026.10.04 22:53:14 INFO                                                        
2026.10.04 22:53:14 INFO  Downloaded from central: https://repo.maven.apache.org/maven2/org/apache/commons/commons-exec/1.3/commons-exec-1.3.jar (54 kB at 159 kB/s)
2026.10.04 22:53:14 INFO  Downloading from central: https://repo.maven.apache.org/maven2/org/codehaus/plexus/plexus-archiver/4.6.0/plexus-archiver-4.6.0.jar
2026.10.04 22:53:14 INFO  Progress (3): 20/159 kB | 19/288 kB | 10/43 kB
2026.10.04 22:53:14 INFO  Progress (3): 20/159 kB | 19/288 kB | 12/43 kB
2026.10.04 22:53:14 INFO  Progress (3): 20/159 kB | 20/288 kB | 12/43 kB
2026.10.04 22:53:14 INFO  Progress (3): 20/159 kB | 20/288 kB | 13/43 kB
2026.10.04 22:53:14 INFO  Progress (3): 21/159 kB | 20/288 kB | 13/43 kB
2026.10.04 22:53:14 INFO  Progress (3): 21/159 kB | 20/288 kB | 15/43 kB
2026.10.04 22:53:14 INFO  Progress (3): 23/159 kB | 20/288 kB | 15/43 kB
2026.10.04 22:53:14 INFO  Progress (3): 24/159 kB | 20/288 kB | 15/43 kB
2026.10.04 22:53:14 INFO  Progress (3): 24/159 kB | 20/288 kB | 16/43 kB
2026.10.04 22:53:14 INFO  Progress (3): 26/159 kB | 20/288 kB | 16/43 kB
2026.10.04 22:53:14 INFO  Progress (3): 26/159 kB | 21/288 kB | 16/43 kB
2026.10.04 22:53:14 INFO  Progress (3): 26/159 kB | 23/288 kB | 16/43 kB
2026.10.04 22:53:14 INFO  Progress (3): 27/159 kB | 23/288 kB | 16/43 kB
2026.10.04 22:53:14 INFO  Progress (3): 27/159 kB | 24/288 kB | 16/43 kB
2026.10.04 22:53:14 INFO  Progress (3): 28/159 kB | 24/288 kB | 16/43 kB
2026.10.04 22:53:14 INFO  Progress (3): 28/159 kB | 24/288 kB | 17/43 kB
2026.10.04 22:53:14 INFO  Progress (3): 28/159 kB | 26/288 kB | 17/43 kB
2026.10.04 22:53:14 INFO  Progress (3): 29/159 kB | 26/288 kB | 17/43 kB
2026.10.04 22:53:14 INFO  Progress (3): 29/159 kB | 27/288 kB | 17/43 kB
2026.10.04 22:53:14 INFO  Progress (3): 29/159 kB | 27/288 kB | 19/43 kB
2026.10.04 22:53:14 INFO  Progress (3): 30/159 kB | 27/288 kB | 19/43 kB
2026.10.04 22:53:14 INFO  Progress (3): 30/159 kB | 28/288 kB | 19/43 kB
2026.10.04 22:53:14 INFO  Progress (3): 30/159 kB | 28/288 kB | 20/43 kB
2026.10.04 22:53:14 INFO  Progress (3): 31/159 kB | 28/288 kB | 20/43 kB
2026.10.04 22:53:14 INFO  Progress (3): 31/159 kB | 30/288 kB | 20/43 kB
2026.10.04 22:53:14 INFO  Progress (3): 31/159 kB | 30/288 kB | 21/43 kB
2026.10.04 22:53:14 INFO  Progress (3): 31/159 kB | 31/288 kB | 21/43 kB
2026.10.04 22:53:14 INFO  Progress (3): 31/159 kB | 31/288 kB | 23/43 kB
2026.10.04 22:53:14 INFO  Progress (3): 31/159 kB | 31/288 kB | 24/43 kB
2026.10.04 22:53:14 INFO  Progress (3): 31/159 kB | 31/288 kB | 26/43 kB
2026.10.04 22:53:14 INFO  Progress (3): 31/159 kB | 31/288 kB | 27/43 kB
2026.10.04 22:53:14 INFO  Progress (3): 33/159 kB | 31/288 kB | 27/43 kB
2026.10.04 22:53:14 INFO  Progress (3): 34/159 kB | 31/288 kB | 27/43 kB
2026.10.04 22:53:14 INFO  Progress (3): 34/159 kB | 32/288 kB | 27/43 kB
2026.10.04 22:53:14 INFO  Progress (3): 34/159 kB | 34/288 kB | 27/43 kB
2026.10.04 22:53:14 INFO  Progress (3): 36/159 kB | 34/288 kB | 27/43 kB
2026.10.04 22:53:14 INFO  Progress (3): 36/159 kB | 34/288 kB | 28/43 kB
2026.10.04 22:53:14 INFO  Progress (3): 36/159 kB | 34/288 kB | 30/43 kB
2026.10.04 22:53:14 INFO  Progress (3): 36/159 kB | 34/288 kB | 31/43 kB
2026.10.04 22:53:14 INFO  Progress (3): 37/159 kB | 34/288 kB | 31/43 kB
2026.10.04 22:53:14 INFO  Progress (3): 37/159 kB | 34/288 kB | 32/43 kB
2026.10.04 22:53:14 INFO  Progress (3): 38/159 kB | 34/288 kB | 32/43 kB
2026.10.04 22:53:14 INFO  Progress (3): 40/159 kB | 34/288 kB | 32/43 kB
2026.10.04 22:53:14 INFO  Progress (3): 40/159 kB | 34/288 kB | 34/43 kB
2026.10.04 22:53:14 INFO  Progress (3): 40/159 kB | 34/288 kB | 35/43 kB
2026.10.04 22:53:14 INFO  Progress (3): 41/159 kB | 34/288 kB | 35/43 kB
2026.10.04 22:53:14 INFO  Progress (3): 41/159 kB | 34/288 kB | 36/43 kB
2026.10.04 22:53:14 INFO  Progress (3): 42/159 kB | 34/288 kB | 36/43 kB
2026.10.04 22:53:14 INFO  Progress (3): 42/159 kB | 34/288 kB | 38/43 kB
2026.10.04 22:53:14 INFO  Progress (3): 44/159 kB | 34/288 kB | 38/43 kB
2026.10.04 22:53:14 INFO  Progress (3): 45/159 kB | 34/288 kB | 38/43 kB
2026.10.04 22:53:14 INFO  Progress (3): 46/159 kB | 34/288 kB | 38/43 kB
2026.10.04 22:53:14 INFO  Progress (3): 46/159 kB | 35/288 kB | 38/43 kB
2026.10.04 22:53:14 INFO  Progress (3): 46/159 kB | 36/288 kB | 38/43 kB
2026.10.04 22:53:14 INFO  Progress (3): 46/159 kB | 38/288 kB | 38/43 kB
2026.10.04 22:53:14 INFO  Progress (3): 46/159 kB | 39/288 kB | 38/43 kB
2026.10.04 22:53:14 INFO  Progress (4): 46/159 kB | 39/288 kB | 38/43 kB | 0.9/267 kB
2026.10.04 22:53:14 INFO  Progress (4): 46/159 kB | 39/288 kB | 38/43 kB | 2.3/267 kB
2026.10.04 22:53:14 INFO  Progress (4): 46/159 kB | 39/288 kB | 38/43 kB | 3.6/267 kB
2026.10.04 22:53:14 INFO  Progress (4): 46/159 kB | 39/288 kB | 38/43 kB | 5.0/267 kB
2026.10.04 22:53:14 INFO  Progress (4): 46/159 kB | 39/288 kB | 38/43 kB | 6.4/267 kB
2026.10.04 22:53:14 INFO  Progress (4): 46/159 kB | 41/288 kB | 38/43 kB | 6.4/267 kB
2026.10.04 22:53:14 INFO  Progress (4): 46/159 kB | 42/288 kB | 38/43 kB | 6.4/267 kB
2026.10.04 22:53:14 INFO  Progress (4): 46/159 kB | 43/288 kB | 38/43 kB | 6.4/267 kB
2026.10.04 22:53:14 INFO  Progress (4): 46/159 kB | 45/288 kB | 38/43 kB | 6.4/267 kB
2026.10.04 22:53:14 INFO  Progress (4): 46/159 kB | 46/288 kB | 38/43 kB | 6.4/267 kB
2026.10.04 22:53:14 INFO  Progress (4): 46/159 kB | 46/288 kB | 39/43 kB | 6.4/267 kB
2026.10.04 22:53:14 INFO  Progress (4): 48/159 kB | 46/288 kB | 39/43 kB | 6.4/267 kB
2026.10.04 22:53:14 INFO  Progress (4): 48/159 kB | 46/288 kB | 41/43 kB | 6.4/267 kB
2026.10.04 22:53:14 INFO  Progress (4): 48/159 kB | 46/288 kB | 42/43 kB | 6.4/267 kB
2026.10.04 22:53:14 INFO  Progress (4): 48/159 kB | 46/288 kB | 42/43 kB | 7.7/267 kB
2026.10.04 22:53:14 INFO  Progress (4): 49/159 kB | 46/288 kB | 42/43 kB | 7.7/267 kB
2026.10.04 22:53:14 INFO  Progress (4): 49/159 kB | 46/288 kB | 43 kB | 7.7/267 kB   
2026.10.04 22:53:14 INFO  Progress (4): 51/159 kB | 46/288 kB | 43 kB | 7.7/267 kB
2026.10.04 22:53:14 INFO  Progress (4): 51/159 kB | 46/288 kB | 43 kB | 9.1/267 kB
2026.10.04 22:53:14 INFO  Progress (4): 52/159 kB | 46/288 kB | 43 kB | 9.1/267 kB
2026.10.04 22:53:14 INFO  Progress (4): 52/159 kB | 46/288 kB | 43 kB | 10/267 kB 
2026.10.04 22:53:14 INFO  Progress (4): 53/159 kB | 46/288 kB | 43 kB | 10/267 kB
2026.10.04 22:53:14 INFO  Progress (4): 55/159 kB | 46/288 kB | 43 kB | 10/267 kB
2026.10.04 22:53:14 INFO  Progress (4): 55/159 kB | 47/288 kB | 43 kB | 10/267 kB
2026.10.04 22:53:14 INFO  Progress (4): 55/159 kB | 49/288 kB | 43 kB | 10/267 kB
2026.10.04 22:53:14 INFO  Progress (4): 55/159 kB | 50/288 kB | 43 kB | 10/267 kB
2026.10.04 22:53:14 INFO  Progress (4): 55/159 kB | 52/288 kB | 43 kB | 10/267 kB
2026.10.04 22:53:14 INFO  Progress (4): 55/159 kB | 52/288 kB | 43 kB | 12/267 kB
2026.10.04 22:53:14 INFO  Progress (4): 59/159 kB | 52/288 kB | 43 kB | 12/267 kB
2026.10.04 22:53:14 INFO  Progress (4): 59/159 kB | 52/288 kB | 43 kB | 12/267 kB
2026.10.04 22:53:14 INFO  Progress (4): 63/159 kB | 52/288 kB | 43 kB | 12/267 kB
2026.10.04 22:53:14 INFO  Progress (4): 63/159 kB | 53/288 kB | 43 kB | 12/267 kB
2026.10.04 22:53:14 INFO  Progress (4): 63/159 kB | 54/288 kB | 43 kB | 12/267 kB
2026.10.04 22:53:14 INFO  Progress (4): 63/159 kB | 56/288 kB | 43 kB | 12/267 kB
2026.10.04 22:53:14 INFO  Progress (4): 63/159 kB | 60/288 kB | 43 kB | 12/267 kB
2026.10.04 22:53:14 INFO  Progress (4): 63/159 kB | 60/288 kB | 43 kB | 14/267 kB
2026.10.04 22:53:14 INFO  Progress (4): 67/159 kB | 60/288 kB | 43 kB | 14/267 kB
2026.10.04 22:53:14 INFO  Progress (4): 67/159 kB | 60/288 kB | 43 kB | 15/267 kB
2026.10.04 22:53:14 INFO  Progress (4): 72/159 kB | 60/288 kB | 43 kB | 15/267 kB
2026.10.04 22:53:14 INFO  Progress (4): 72/159 kB | 60/288 kB | 43 kB | 16/267 kB
2026.10.04 22:53:14 INFO  Progress (4): 72/159 kB | 64/288 kB | 43 kB | 16/267 kB
2026.10.04 22:53:14 INFO  Progress (4): 72/159 kB | 68/288 kB | 43 kB | 16/267 kB
2026.10.04 22:53:14 INFO                                                         
2026.10.04 22:53:14 INFO  Downloaded from central: https://repo.maven.apache.org/maven2/org/apache/maven/shared/maven-dependency-tree/3.2.1/maven-dependency-tree-3.2.1.jar (43 kB at 113 kB/s)
2026.10.04 22:53:14 INFO  Downloading from central: https://repo.maven.apache.org/maven2/org/apache/commons/commons-compress/1.21/commons-compress-1.21.jar
2026.10.04 22:53:14 INFO  Progress (3): 72/159 kB | 68/288 kB | 18/267 kB
2026.10.04 22:53:14 INFO  Progress (3): 72/159 kB | 68/288 kB | 19/267 kB
2026.10.04 22:53:14 INFO  Progress (3): 72/159 kB | 68/288 kB | 21/267 kB
2026.10.04 22:53:14 INFO  Progress (3): 72/159 kB | 68/288 kB | 22/267 kB
2026.10.04 22:53:14 INFO  Progress (3): 72/159 kB | 68/288 kB | 23/267 kB
2026.10.04 22:53:14 INFO  Progress (3): 72/159 kB | 68/288 kB | 25/267 kB
2026.10.04 22:53:14 INFO  Progress (3): 76/159 kB | 68/288 kB | 25/267 kB
2026.10.04 22:53:14 INFO  Progress (3): 76/159 kB | 73/288 kB | 25/267 kB
2026.10.04 22:53:14 INFO  Progress (3): 80/159 kB | 73/288 kB | 25/267 kB
2026.10.04 22:53:14 INFO  Progress (3): 80/159 kB | 77/288 kB | 25/267 kB
2026.10.04 22:53:14 INFO  Progress (3): 84/159 kB | 77/288 kB | 25/267 kB
2026.10.04 22:53:14 INFO  Progress (3): 84/159 kB | 81/288 kB | 25/267 kB
2026.10.04 22:53:14 INFO  Progress (3): 89/159 kB | 81/288 kB | 25/267 kB
2026.10.04 22:53:14 INFO  Progress (3): 93/159 kB | 81/288 kB | 25/267 kB
2026.10.04 22:53:14 INFO  Progress (3): 97/159 kB | 81/288 kB | 25/267 kB
2026.10.04 22:53:14 INFO  Progress (3): 101/159 kB | 81/288 kB | 25/267 kB
2026.10.04 22:53:14 INFO  Progress (3): 105/159 kB | 81/288 kB | 25/267 kB
2026.10.04 22:53:14 INFO  Progress (3): 110/159 kB | 81/288 kB | 25/267 kB
2026.10.04 22:53:14 INFO  Progress (3): 110/159 kB | 81/288 kB | 26/267 kB
2026.10.04 22:53:14 INFO  Progress (3): 110/159 kB | 81/288 kB | 27/267 kB
2026.10.04 22:53:14 INFO  Progress (3): 110/159 kB | 81/288 kB | 29/267 kB
2026.10.04 22:53:14 INFO  Progress (3): 110/159 kB | 81/288 kB | 30/267 kB
2026.10.04 22:53:14 INFO  Progress (3): 110/159 kB | 81/288 kB | 31/267 kB
2026.10.04 22:53:14 INFO  Progress (3): 110/159 kB | 85/288 kB | 31/267 kB
2026.10.04 22:53:14 INFO  Progress (3): 110/159 kB | 85/288 kB | 33/267 kB
2026.10.04 22:53:14 INFO  Progress (3): 110/159 kB | 89/288 kB | 33/267 kB
2026.10.04 22:53:14 INFO  Progress (3): 110/159 kB | 89/288 kB | 34/267 kB
2026.10.04 22:53:14 INFO  Progress (3): 110/159 kB | 94/288 kB | 34/267 kB
2026.10.04 22:53:14 INFO  Progress (3): 110/159 kB | 94/288 kB | 36/267 kB
2026.10.04 22:53:14 INFO  Progress (3): 110/159 kB | 98/288 kB | 36/267 kB
2026.10.04 22:53:14 INFO  Progress (3): 110/159 kB | 102/288 kB | 36/267 kB
2026.10.04 22:53:14 INFO  Progress (3): 110/159 kB | 106/288 kB | 36/267 kB
2026.10.04 22:53:14 INFO  Progress (4): 110/159 kB | 106/288 kB | 36/267 kB | 7.7/216 kB
2026.10.04 22:53:14 INFO  Progress (4): 110/159 kB | 106/288 kB | 36/267 kB | 16/216 kB 
2026.10.04 22:53:14 INFO  Progress (4): 110/159 kB | 106/288 kB | 36/267 kB | 32/216 kB
2026.10.04 22:53:14 INFO  Progress (4): 114/159 kB | 106/288 kB | 36/267 kB | 32/216 kB
2026.10.04 22:53:14 INFO  Progress (4): 114/159 kB | 111/288 kB | 36/267 kB | 32/216 kB
2026.10.04 22:53:14 INFO  Progress (4): 118/159 kB | 111/288 kB | 36/267 kB | 32/216 kB
2026.10.04 22:53:14 INFO  Progress (4): 118/159 kB | 111/288 kB | 36/267 kB | 49/216 kB
2026.10.04 22:53:14 INFO  Progress (4): 122/159 kB | 111/288 kB | 36/267 kB | 49/216 kB
2026.10.04 22:53:14 INFO  Progress (4): 122/159 kB | 115/288 kB | 36/267 kB | 49/216 kB
2026.10.04 22:53:14 INFO  Progress (4): 122/159 kB | 115/288 kB | 37/267 kB | 49/216 kB
2026.10.04 22:53:14 INFO  Progress (4): 122/159 kB | 115/288 kB | 38/267 kB | 49/216 kB
2026.10.04 22:53:14 INFO  Progress (4): 122/159 kB | 115/288 kB | 38/267 kB | 57/216 kB
2026.10.04 22:53:14 INFO  Progress (4): 122/159 kB | 119/288 kB | 38/267 kB | 57/216 kB
2026.10.04 22:53:14 INFO  Progress (4): 127/159 kB | 119/288 kB | 38/267 kB | 57/216 kB
2026.10.04 22:53:14 INFO  Progress (4): 127/159 kB | 119/288 kB | 40/267 kB | 57/216 kB
2026.10.04 22:53:14 INFO  Progress (4): 127/159 kB | 123/288 kB | 40/267 kB | 57/216 kB
2026.10.04 22:53:14 INFO  Progress (4): 127/159 kB | 123/288 kB | 41/267 kB | 57/216 kB
2026.10.04 22:53:14 INFO  Progress (4): 127/159 kB | 123/288 kB | 41/267 kB | 73/216 kB
2026.10.04 22:53:14 INFO  Progress (4): 127/159 kB | 123/288 kB | 42/267 kB | 73/216 kB
2026.10.04 22:53:14 INFO  Progress (4): 131/159 kB | 123/288 kB | 42/267 kB | 73/216 kB
2026.10.04 22:53:14 INFO  Progress (4): 131/159 kB | 123/288 kB | 44/267 kB | 73/216 kB
2026.10.04 22:53:14 INFO  Progress (4): 131/159 kB | 123/288 kB | 45/267 kB | 73/216 kB
2026.10.04 22:53:14 INFO  Progress (4): 131/159 kB | 128/288 kB | 45/267 kB | 73/216 kB
2026.10.04 22:53:14 INFO  Progress (4): 131/159 kB | 128/288 kB | 45/267 kB | 90/216 kB
2026.10.04 22:53:14 INFO  Progress (4): 135/159 kB | 128/288 kB | 45/267 kB | 90/216 kB
2026.10.04 22:53:14 INFO  Progress (4): 139/159 kB | 128/288 kB | 45/267 kB | 90/216 kB
2026.10.04 22:53:14 INFO  Progress (4): 139/159 kB | 132/288 kB | 45/267 kB | 90/216 kB
2026.10.04 22:53:14 INFO  Progress (4): 139/159 kB | 132/288 kB | 45/267 kB | 106/216 kB
2026.10.04 22:53:14 INFO  Progress (4): 143/159 kB | 132/288 kB | 45/267 kB | 106/216 kB
2026.10.04 22:53:14 INFO  Progress (4): 148/159 kB | 132/288 kB | 45/267 kB | 106/216 kB
2026.10.04 22:53:14 INFO  Progress (4): 148/159 kB | 136/288 kB | 45/267 kB | 106/216 kB
2026.10.04 22:53:14 INFO  Progress (4): 148/159 kB | 139/288 kB | 45/267 kB | 106/216 kB
2026.10.04 22:53:14 INFO  Progress (4): 148/159 kB | 139/288 kB | 45/267 kB | 122/216 kB
2026.10.04 22:53:14 INFO  Progress (4): 148/159 kB | 143/288 kB | 45/267 kB | 122/216 kB
2026.10.04 22:53:14 INFO  Progress (4): 148/159 kB | 143/288 kB | 47/267 kB | 122/216 kB
2026.10.04 22:53:14 INFO  Progress (4): 148/159 kB | 143/288 kB | 48/267 kB | 122/216 kB
2026.10.04 22:53:14 INFO  Progress (4): 148/159 kB | 143/288 kB | 49/267 kB | 122/216 kB
2026.10.04 22:53:14 INFO  Progress (4): 148/159 kB | 143/288 kB | 51/267 kB | 122/216 kB
2026.10.04 22:53:14 INFO  Progress (4): 152/159 kB | 143/288 kB | 51/267 kB | 122/216 kB
2026.10.04 22:53:14 INFO  Progress (4): 152/159 kB | 147/288 kB | 51/267 kB | 122/216 kB
2026.10.04 22:53:14 INFO  Progress (4): 152/159 kB | 151/288 kB | 51/267 kB | 122/216 kB
2026.10.04 22:53:14 INFO  Progress (4): 152/159 kB | 151/288 kB | 52/267 kB | 122/216 kB
2026.10.04 22:53:14 INFO  Progress (4): 152/159 kB | 151/288 kB | 52/267 kB | 139/216 kB
2026.10.04 22:53:14 INFO  Progress (4): 152/159 kB | 151/288 kB | 52/267 kB | 155/216 kB
2026.10.04 22:53:14 INFO  Progress (5): 152/159 kB | 151/288 kB | 52/267 kB | 155/216 kB | 0/1.0 MB
2026.10.04 22:53:14 INFO  Progress (5): 152/159 kB | 156/288 kB | 52/267 kB | 155/216 kB | 0/1.0 MB
2026.10.04 22:53:14 INFO  Progress (5): 152/159 kB | 160/288 kB | 52/267 kB | 155/216 kB | 0/1.0 MB
2026.10.04 22:53:14 INFO  Progress (5): 152/159 kB | 164/288 kB | 52/267 kB | 155/216 kB | 0/1.0 MB
2026.10.04 22:53:14 INFO  Progress (5): 152/159 kB | 168/288 kB | 52/267 kB | 155/216 kB | 0/1.0 MB
2026.10.04 22:53:14 INFO  Progress (5): 156/159 kB | 168/288 kB | 52/267 kB | 155/216 kB | 0/1.0 MB
2026.10.04 22:53:14 INFO  Progress (5): 156/159 kB | 173/288 kB | 52/267 kB | 155/216 kB | 0/1.0 MB
2026.10.04 22:53:14 INFO  Progress (5): 156/159 kB | 177/288 kB | 52/267 kB | 155/216 kB | 0/1.0 MB
2026.10.04 22:53:14 INFO  Progress (5): 156/159 kB | 181/288 kB | 52/267 kB | 155/216 kB | 0/1.0 MB
2026.10.04 22:53:14 INFO  Progress (5): 156/159 kB | 185/288 kB | 52/267 kB | 155/216 kB | 0/1.0 MB
2026.10.04 22:53:14 INFO  Progress (5): 156/159 kB | 185/288 kB | 52/267 kB | 155/216 kB | 0/1.0 MB
2026.10.04 22:53:14 INFO  Progress (5): 156/159 kB | 185/288 kB | 52/267 kB | 155/216 kB | 0/1.0 MB
2026.10.04 22:53:14 INFO  Progress (5): 156/159 kB | 185/288 kB | 52/267 kB | 155/216 kB | 0/1.0 MB
2026.10.04 22:53:14 INFO  Progress (5): 156/159 kB | 185/288 kB | 52/267 kB | 155/216 kB | 0/1.0 MB
2026.10.04 22:53:14 INFO  Progress (5): 156/159 kB | 185/288 kB | 52/267 kB | 155/216 kB | 0/1.0 MB
2026.10.04 22:53:14 INFO  Progress (5): 156/159 kB | 185/288 kB | 52/267 kB | 155/216 kB | 0/1.0 MB
2026.10.04 22:53:14 INFO  Progress (5): 156/159 kB | 185/288 kB | 52/267 kB | 155/216 kB | 0/1.0 MB
2026.10.04 22:53:14 INFO  Progress (5): 156/159 kB | 185/288 kB | 52/267 kB | 155/216 kB | 0/1.0 MB
2026.10.04 22:53:14 INFO  Progress (5): 156/159 kB | 185/288 kB | 52/267 kB | 155/216 kB | 0/1.0 MB
2026.10.04 22:53:14 INFO  Progress (5): 156/159 kB | 185/288 kB | 52/267 kB | 155/216 kB | 0/1.0 MB
2026.10.04 22:53:14 INFO  Progress (5): 156/159 kB | 185/288 kB | 52/267 kB | 155/216 kB | 0/1.0 MB
2026.10.04 22:53:14 INFO  Progress (5): 156/159 kB | 190/288 kB | 52/267 kB | 155/216 kB | 0/1.0 MB
2026.10.04 22:53:14 INFO  Progress (5): 156/159 kB | 194/288 kB | 52/267 kB | 155/216 kB | 0/1.0 MB
2026.10.04 22:53:14 INFO  Progress (5): 156/159 kB | 198/288 kB | 52/267 kB | 155/216 kB | 0/1.0 MB
2026.10.04 22:53:14 INFO  Progress (5): 156/159 kB | 202/288 kB | 52/267 kB | 155/216 kB | 0/1.0 MB
2026.10.04 22:53:14 INFO  Progress (5): 156/159 kB | 206/288 kB | 52/267 kB | 155/216 kB | 0/1.0 MB
2026.10.04 22:53:14 INFO  Progress (5): 156/159 kB | 211/288 kB | 52/267 kB | 155/216 kB | 0/1.0 MB
2026.10.04 22:53:14 INFO  Progress (5): 156/159 kB | 215/288 kB | 52/267 kB | 155/216 kB | 0/1.0 MB
2026.10.04 22:53:14 INFO  Progress (5): 156/159 kB | 219/288 kB | 52/267 kB | 155/216 kB | 0/1.0 MB
2026.10.04 22:53:14 INFO  Progress (5): 156/159 kB | 223/288 kB | 52/267 kB | 155/216 kB | 0/1.0 MB
2026.10.04 22:53:14 INFO  Progress (5): 156/159 kB | 240/288 kB | 52/267 kB | 155/216 kB | 0/1.0 MB
2026.10.04 22:53:14 INFO  Progress (5): 156/159 kB | 240/288 kB | 52/267 kB | 155/216 kB | 0/1.0 MB
2026.10.04 22:53:14 INFO  Progress (5): 156/159 kB | 240/288 kB | 52/267 kB | 155/216 kB | 0/1.0 MB
2026.10.04 22:53:14 INFO  Progress (5): 156/159 kB | 240/288 kB | 52/267 kB | 155/216 kB | 0/1.0 MB
2026.10.04 22:53:14 INFO  Progress (5): 156/159 kB | 240/288 kB | 52/267 kB | 155/216 kB | 0/1.0 MB
2026.10.04 22:53:14 INFO  Progress (5): 156/159 kB | 240/288 kB | 52/267 kB | 155/216 kB | 0/1.0 MB
2026.10.04 22:53:14 INFO  Progress (5): 156/159 kB | 240/288 kB | 52/267 kB | 155/216 kB | 0/1.0 MB
2026.10.04 22:53:14 INFO  Progress (5): 156/159 kB | 240/288 kB | 52/267 kB | 155/216 kB | 0.1/1.0 MB
2026.10.04 22:53:14 INFO  Progress (5): 156/159 kB | 240/288 kB | 52/267 kB | 155/216 kB | 0.1/1.0 MB
2026.10.04 22:53:14 INFO  Progress (5): 156/159 kB | 240/288 kB | 52/267 kB | 155/216 kB | 0.1/1.0 MB
2026.10.04 22:53:14 INFO  Progress (5): 156/159 kB | 240/288 kB | 52/267 kB | 155/216 kB | 0.1/1.0 MB
2026.10.04 22:53:14 INFO  Progress (5): 156/159 kB | 240/288 kB | 52/267 kB | 155/216 kB | 0.1/1.0 MB
2026.10.04 22:53:14 INFO  Progress (5): 156/159 kB | 240/288 kB | 52/267 kB | 155/216 kB | 0.1/1.0 MB
2026.10.04 22:53:14 INFO  Progress (5): 156/159 kB | 240/288 kB | 52/267 kB | 155/216 kB | 0.1/1.0 MB
2026.10.04 22:53:14 INFO  Progress (5): 156/159 kB | 240/288 kB | 52/267 kB | 155/216 kB | 0.1/1.0 MB
2026.10.04 22:53:14 INFO  Progress (5): 156/159 kB | 240/288 kB | 52/267 kB | 155/216 kB | 0.1/1.0 MB
2026.10.04 22:53:14 INFO  Progress (5): 156/159 kB | 240/288 kB | 56/267 kB | 155/216 kB | 0.1/1.0 MB
2026.10.04 22:53:14 INFO  Progress (5): 156/159 kB | 240/288 kB | 60/267 kB | 155/216 kB | 0.1/1.0 MB
2026.10.04 22:53:14 INFO  Progress (5): 156/159 kB | 240/288 kB | 65/267 kB | 155/216 kB | 0.1/1.0 MB
2026.10.04 22:53:14 INFO  Progress (5): 156/159 kB | 240/288 kB | 69/267 kB | 155/216 kB | 0.1/1.0 MB
2026.10.04 22:53:14 INFO  Progress (5): 156/159 kB | 240/288 kB | 73/267 kB | 155/216 kB | 0.1/1.0 MB
2026.10.04 22:53:14 INFO  Progress (5): 156/159 kB | 240/288 kB | 77/267 kB | 155/216 kB | 0.1/1.0 MB
2026.10.04 22:53:14 INFO  Progress (5): 156/159 kB | 240/288 kB | 82/267 kB | 155/216 kB | 0.1/1.0 MB
2026.10.04 22:53:14 INFO  Progress (5): 156/159 kB | 240/288 kB | 86/267 kB | 155/216 kB | 0.1/1.0 MB
2026.10.04 22:53:14 INFO  Progress (5): 156/159 kB | 240/288 kB | 90/267 kB | 155/216 kB | 0.1/1.0 MB
2026.10.04 22:53:14 INFO  Progress (5): 156/159 kB | 240/288 kB | 94/267 kB | 155/216 kB | 0.1/1.0 MB
2026.10.04 22:53:14 INFO  Progress (5): 156/159 kB | 240/288 kB | 99/267 kB | 155/216 kB | 0.1/1.0 MB
2026.10.04 22:53:14 INFO  Progress (5): 156/159 kB | 240/288 kB | 103/267 kB | 155/216 kB | 0.1/1.0 MB
2026.10.04 22:53:14 INFO  Progress (5): 156/159 kB | 240/288 kB | 107/267 kB | 155/216 kB | 0.1/1.0 MB
2026.10.04 22:53:14 INFO  Progress (5): 156/159 kB | 240/288 kB | 107/267 kB | 155/216 kB | 0.1/1.0 MB
2026.10.04 22:53:14 INFO  Progress (5): 156/159 kB | 240/288 kB | 107/267 kB | 155/216 kB | 0.1/1.0 MB
2026.10.04 22:53:14 INFO  Progress (5): 156/159 kB | 256/288 kB | 107/267 kB | 155/216 kB | 0.1/1.0 MB
2026.10.04 22:53:14 INFO  Progress (5): 156/159 kB | 256/288 kB | 107/267 kB | 155/216 kB | 0.1/1.0 MB
2026.10.04 22:53:14 INFO  Progress (5): 156/159 kB | 256/288 kB | 107/267 kB | 155/216 kB | 0.1/1.0 MB
2026.10.04 22:53:14 INFO  Progress (5): 156/159 kB | 256/288 kB | 107/267 kB | 155/216 kB | 0.1/1.0 MB
2026.10.04 22:53:14 INFO  Progress (5): 156/159 kB | 256/288 kB | 107/267 kB | 155/216 kB | 0.1/1.0 MB
2026.10.04 22:53:14 INFO  Progress (5): 156/159 kB | 256/288 kB | 107/267 kB | 155/216 kB | 0.1/1.0 MB
2026.10.04 22:53:14 INFO  Progress (5): 156/159 kB | 256/288 kB | 107/267 kB | 155/216 kB | 0.1/1.0 MB
2026.10.04 22:53:14 INFO  Progress (5): 156/159 kB | 270/288 kB | 107/267 kB | 155/216 kB | 0.1/1.0 MB
2026.10.04 22:53:14 INFO  Progress (5): 156/159 kB | 286/288 kB | 107/267 kB | 155/216 kB | 0.1/1.0 MB
2026.10.04 22:53:14 INFO  Progress (5): 156/159 kB | 288 kB | 107/267 kB | 155/216 kB | 0.1/1.0 MB    
2026.10.04 22:53:14 INFO  Progress (5): 156/159 kB | 288 kB | 107/267 kB | 155/216 kB | 0.1/1.0 MB
2026.10.04 22:53:14 INFO  Progress (5): 156/159 kB | 288 kB | 107/267 kB | 155/216 kB | 0.1/1.0 MB
2026.10.04 22:53:14 INFO  Progress (5): 156/159 kB | 288 kB | 107/267 kB | 155/216 kB | 0.1/1.0 MB
2026.10.04 22:53:14 INFO  Progress (5): 156/159 kB | 288 kB | 107/267 kB | 155/216 kB | 0.1/1.0 MB
2026.10.04 22:53:14 INFO  Progress (5): 156/159 kB | 288 kB | 107/267 kB | 155/216 kB | 0.1/1.0 MB
2026.10.04 22:53:14 INFO  Progress (5): 156/159 kB | 288 kB | 107/267 kB | 155/216 kB | 0.1/1.0 MB
2026.10.04 22:53:14 INFO  Progress (5): 156/159 kB | 288 kB | 107/267 kB | 155/216 kB | 0.1/1.0 MB
2026.10.04 22:53:14 INFO  Progress (5): 156/159 kB | 288 kB | 107/267 kB | 155/216 kB | 0.2/1.0 MB
2026.10.04 22:53:14 INFO  Progress (5): 156/159 kB | 288 kB | 107/267 kB | 155/216 kB | 0.2/1.0 MB
2026.10.04 22:53:14 INFO  Progress (5): 156/159 kB | 288 kB | 107/267 kB | 155/216 kB | 0.2/1.0 MB
2026.10.04 22:53:14 INFO  Progress (5): 156/159 kB | 288 kB | 107/267 kB | 155/216 kB | 0.2/1.0 MB
2026.10.04 22:53:14 INFO  Progress (5): 156/159 kB | 288 kB | 107/267 kB | 155/216 kB | 0.2/1.0 MB
2026.10.04 22:53:14 INFO  Progress (5): 156/159 kB | 288 kB | 107/267 kB | 155/216 kB | 0.2/1.0 MB
2026.10.04 22:53:14 INFO  Progress (5): 156/159 kB | 288 kB | 107/267 kB | 155/216 kB | 0.2/1.0 MB
2026.10.04 22:53:14 INFO  Progress (5): 156/159 kB | 288 kB | 107/267 kB | 155/216 kB | 0.2/1.0 MB
2026.10.04 22:53:14 INFO                                                                          
2026.10.04 22:53:14 INFO  Downloaded from central: https://repo.maven.apache.org/maven2/ch/epfl/scala/bloop-config_2.13/2.3.3/bloop-config_2.13-2.3.3.jar (288 kB at 555 kB/s)
2026.10.04 22:53:14 INFO  Downloading from central: https://repo.maven.apache.org/maven2/com/github/luben/zstd-jni/1.5.2-5/zstd-jni-1.5.2-5.jar
2026.10.04 22:53:14 INFO  Progress (4): 156/159 kB | 107/267 kB | 172/216 kB | 0.2/1.0 MB
2026.10.04 22:53:14 INFO  Progress (4): 156/159 kB | 107/267 kB | 188/216 kB | 0.2/1.0 MB
2026.10.04 22:53:14 INFO  Progress (4): 156/159 kB | 107/267 kB | 204/216 kB | 0.2/1.0 MB
2026.10.04 22:53:14 INFO  Progress (4): 156/159 kB | 107/267 kB | 216 kB | 0.2/1.0 MB    
2026.10.04 22:53:14 INFO                                                             
2026.10.04 22:53:14 INFO  Downloaded from central: https://repo.maven.apache.org/maven2/org/codehaus/plexus/plexus-archiver/4.6.0/plexus-archiver-4.6.0.jar (216 kB at 410 kB/s)
2026.10.04 22:53:14 INFO  Downloading from central: https://repo.maven.apache.org/maven2/org/codehaus/plexus/plexus-classworlds/2.7.0/plexus-classworlds-2.7.0.jar
2026.10.04 22:53:14 INFO  Progress (3): 156/159 kB | 111/267 kB | 0.2/1.0 MB
2026.10.04 22:53:14 INFO  Progress (3): 156/159 kB | 115/267 kB | 0.2/1.0 MB
2026.10.04 22:53:14 INFO  Progress (3): 156/159 kB | 120/267 kB | 0.2/1.0 MB
2026.10.04 22:53:14 INFO  Progress (3): 156/159 kB | 124/267 kB | 0.2/1.0 MB
2026.10.04 22:53:14 INFO  Progress (3): 156/159 kB | 127/267 kB | 0.2/1.0 MB
2026.10.04 22:53:14 INFO  Progress (3): 156/159 kB | 131/267 kB | 0.2/1.0 MB
2026.10.04 22:53:14 INFO  Progress (3): 156/159 kB | 135/267 kB | 0.2/1.0 MB
2026.10.04 22:53:14 INFO  Progress (3): 156/159 kB | 140/267 kB | 0.2/1.0 MB
2026.10.04 22:53:14 INFO  Progress (3): 156/159 kB | 144/267 kB | 0.2/1.0 MB
2026.10.04 22:53:14 INFO  Progress (3): 156/159 kB | 148/267 kB | 0.2/1.0 MB
2026.10.04 22:53:14 INFO  Progress (3): 156/159 kB | 152/267 kB | 0.2/1.0 MB
2026.10.04 22:53:14 INFO  Progress (3): 156/159 kB | 157/267 kB | 0.2/1.0 MB
2026.10.04 22:53:14 INFO  Progress (3): 156/159 kB | 161/267 kB | 0.2/1.0 MB
2026.10.04 22:53:14 INFO  Progress (3): 156/159 kB | 165/267 kB | 0.2/1.0 MB
2026.10.04 22:53:14 INFO  Progress (3): 156/159 kB | 169/267 kB | 0.2/1.0 MB
2026.10.04 22:53:14 INFO  Progress (3): 156/159 kB | 173/267 kB | 0.2/1.0 MB
2026.10.04 22:53:14 INFO  Progress (3): 156/159 kB | 178/267 kB | 0.2/1.0 MB
2026.10.04 22:53:14 INFO  Progress (3): 156/159 kB | 182/267 kB | 0.2/1.0 MB
2026.10.04 22:53:14 INFO  Progress (3): 156/159 kB | 186/267 kB | 0.2/1.0 MB
2026.10.04 22:53:14 INFO  Progress (3): 156/159 kB | 190/267 kB | 0.2/1.0 MB
2026.10.04 22:53:14 INFO  Progress (3): 156/159 kB | 195/267 kB | 0.2/1.0 MB
2026.10.04 22:53:14 INFO  Progress (3): 156/159 kB | 195/267 kB | 0.2/1.0 MB
2026.10.04 22:53:14 INFO  Progress (3): 156/159 kB | 195/267 kB | 0.2/1.0 MB
2026.10.04 22:53:14 INFO  Progress (3): 156/159 kB | 195/267 kB | 0.2/1.0 MB
2026.10.04 22:53:14 INFO  Progress (3): 156/159 kB | 195/267 kB | 0.3/1.0 MB
2026.10.04 22:53:14 INFO  Progress (3): 156/159 kB | 195/267 kB | 0.3/1.0 MB
2026.10.04 22:53:14 INFO  Progress (4): 156/159 kB | 195/267 kB | 0.3/1.0 MB | 7.7/53 kB
2026.10.04 22:53:14 INFO  Progress (4): 156/159 kB | 195/267 kB | 0.3/1.0 MB | 11/53 kB 
2026.10.04 22:53:14 INFO  Progress (4): 156/159 kB | 195/267 kB | 0.3/1.0 MB | 28/53 kB
2026.10.04 22:53:14 INFO  Progress (4): 156/159 kB | 195/267 kB | 0.3/1.0 MB | 44/53 kB
2026.10.04 22:53:14 INFO  Progress (4): 156/159 kB | 199/267 kB | 0.3/1.0 MB | 44/53 kB
2026.10.04 22:53:14 INFO  Progress (4): 156/159 kB | 203/267 kB | 0.3/1.0 MB | 44/53 kB
2026.10.04 22:53:14 INFO  Progress (4): 156/159 kB | 203/267 kB | 0.3/1.0 MB | 44/53 kB
2026.10.04 22:53:14 INFO  Progress (4): 156/159 kB | 207/267 kB | 0.3/1.0 MB | 44/53 kB
2026.10.04 22:53:14 INFO  Progress (4): 156/159 kB | 212/267 kB | 0.3/1.0 MB | 44/53 kB
2026.10.04 22:53:14 INFO  Progress (4): 156/159 kB | 216/267 kB | 0.3/1.0 MB | 44/53 kB
2026.10.04 22:53:14 INFO  Progress (4): 156/159 kB | 216/267 kB | 0.3/1.0 MB | 44/53 kB
2026.10.04 22:53:14 INFO  Progress (4): 156/159 kB | 220/267 kB | 0.3/1.0 MB | 44/53 kB
2026.10.04 22:53:14 INFO  Progress (4): 156/159 kB | 220/267 kB | 0.3/1.0 MB | 44/53 kB
2026.10.04 22:53:14 INFO  Progress (4): 156/159 kB | 236/267 kB | 0.3/1.0 MB | 44/53 kB
2026.10.04 22:53:14 INFO  Progress (4): 156/159 kB | 236/267 kB | 0.3/1.0 MB | 44/53 kB
2026.10.04 22:53:14 INFO  Progress (4): 156/159 kB | 253/267 kB | 0.3/1.0 MB | 44/53 kB
2026.10.04 22:53:14 INFO  Progress (4): 156/159 kB | 258/267 kB | 0.3/1.0 MB | 44/53 kB
2026.10.04 22:53:14 INFO  Progress (4): 156/159 kB | 258/267 kB | 0.4/1.0 MB | 44/53 kB
2026.10.04 22:53:14 INFO  Progress (4): 156/159 kB | 258/267 kB | 0.4/1.0 MB | 44/53 kB
2026.10.04 22:53:14 INFO  Progress (4): 156/159 kB | 267 kB | 0.4/1.0 MB | 44/53 kB    
2026.10.04 22:53:14 INFO  Progress (4): 156/159 kB | 267 kB | 0.4/1.0 MB | 44/53 kB
2026.10.04 22:53:14 INFO  Progress (4): 156/159 kB | 267 kB | 0.4/1.0 MB | 44/53 kB
2026.10.04 22:53:15 INFO  no build target found for D:\API_Automation\SampleTestRepoAPI\src\main\java\org\example\Main.java. Using fallback presentation compiler.
2026.10.04 22:53:14 INFO                                                           
2026.10.04 22:53:14 INFO  Downloaded from central: https://repo.maven.apache.org/maven2/org/codehaus/plexus/plexus-utils/3.5.0/plexus-utils-3.5.0.jar (267 kB at 457 kB/s)
2026.10.04 22:53:14 INFO  Downloading from central: https://repo.maven.apache.org/maven2/org/scala-sbt/zinc_2.13/1.8.0/zinc_2.13-1.8.0.jar
2026.10.04 22:53:14 INFO  Progress (4): 156/159 kB | 0.4/1.0 MB | 44/53 kB | 0/6.3 MB
2026.10.04 22:53:14 INFO  Progress (4): 156/159 kB | 0.4/1.0 MB | 44/53 kB | 0/6.3 MB
2026.10.04 22:53:14 INFO  Progress (4): 156/159 kB | 0.4/1.0 MB | 44/53 kB | 0/6.3 MB
2026.10.04 22:53:14 INFO  Progress (4): 156/159 kB | 0.4/1.0 MB | 44/53 kB | 0/6.3 MB
2026.10.04 22:53:15 INFO  Progress (4): 156/159 kB | 0.4/1.0 MB | 53 kB | 0/6.3 MB   
2026.10.04 22:53:15 INFO  Progress (5): 156/159 kB | 0.4/1.0 MB | 53 kB | 0/6.3 MB | 7.7/85 kB
2026.10.04 22:53:15 INFO  Progress (5): 156/159 kB | 0.4/1.0 MB | 53 kB | 0/6.3 MB | 7.7/85 kB
2026.10.04 22:53:15 INFO                                                                      
2026.10.04 22:53:15 INFO  Downloaded from central: https://repo.maven.apache.org/maven2/org/codehaus/plexus/plexus-classworlds/2.7.0/plexus-classworlds-2.7.0.jar (53 kB at 84 kB/s)
2026.10.04 22:53:15 INFO  Downloading from central: https://repo.maven.apache.org/maven2/org/scala-sbt/zinc-core_2.13/1.8.0/zinc-core_2.13-1.8.0.jar
2026.10.04 22:53:15 INFO  Progress (4): 156/159 kB | 0.4/1.0 MB | 0/6.3 MB | 7.7/85 kB
2026.10.04 22:53:15 INFO  Progress (4): 156/159 kB | 0.4/1.0 MB | 0.1/6.3 MB | 7.7/85 kB
2026.10.04 22:53:15 INFO  Progress (4): 156/159 kB | 0.4/1.0 MB | 0.1/6.3 MB | 7.7/85 kB
2026.10.04 22:53:15 INFO  Progress (4): 156/159 kB | 0.4/1.0 MB | 0.1/6.3 MB | 7.7/85 kB
2026.10.04 22:53:15 INFO  Progress (4): 156/159 kB | 0.4/1.0 MB | 0.1/6.3 MB | 7.7/85 kB
2026.10.04 22:53:15 INFO  Progress (4): 156/159 kB | 0.4/1.0 MB | 0.1/6.3 MB | 7.7/85 kB
2026.10.04 22:53:15 INFO  Progress (4): 156/159 kB | 0.5/1.0 MB | 0.1/6.3 MB | 7.7/85 kB
2026.10.04 22:53:15 INFO  Progress (4): 156/159 kB | 0.5/1.0 MB | 0.1/6.3 MB | 7.7/85 kB
2026.10.04 22:53:15 INFO  Progress (5): 156/159 kB | 0.5/1.0 MB | 0.1/6.3 MB | 7.7/85 kB | 7.7/490 kB
2026.10.04 22:53:15 INFO  Progress (5): 156/159 kB | 0.5/1.0 MB | 0.1/6.3 MB | 7.7/85 kB | 11/490 kB 
2026.10.04 22:53:15 INFO  Progress (5): 156/159 kB | 0.5/1.0 MB | 0.1/6.3 MB | 24/85 kB | 11/490 kB 
2026.10.04 22:53:15 INFO  Progress (5): 156/159 kB | 0.5/1.0 MB | 0.1/6.3 MB | 40/85 kB | 11/490 kB
2026.10.04 22:53:15 INFO  Progress (5): 156/159 kB | 0.5/1.0 MB | 0.1/6.3 MB | 57/85 kB | 11/490 kB
2026.10.04 22:53:15 INFO  Progress (5): 156/159 kB | 0.5/1.0 MB | 0.1/6.3 MB | 73/85 kB | 11/490 kB
2026.10.04 22:53:15 INFO  Progress (5): 156/159 kB | 0.5/1.0 MB | 0.1/6.3 MB | 73/85 kB | 11/490 kB
2026.10.04 22:53:15 INFO  Progress (5): 156/159 kB | 0.5/1.0 MB | 0.1/6.3 MB | 85 kB | 11/490 kB   
2026.10.04 22:53:15 INFO  Progress (5): 156/159 kB | 0.5/1.0 MB | 0.1/6.3 MB | 85 kB | 28/490 kB
2026.10.04 22:53:15 INFO  Progress (5): 156/159 kB | 0.5/1.0 MB | 0.1/6.3 MB | 85 kB | 44/490 kB
2026.10.04 22:53:15 INFO                                                                        
2026.10.04 22:53:15 INFO  Downloaded from central: https://repo.maven.apache.org/maven2/org/scala-sbt/zinc_2.13/1.8.0/zinc_2.13-1.8.0.jar (85 kB at 117 kB/s)
2026.10.04 22:53:15 INFO  Downloading from central: https://repo.maven.apache.org/maven2/org/scala-sbt/zinc-apiinfo_2.13/1.8.0/zinc-apiinfo_2.13-1.8.0.jar
2026.10.04 22:53:15 INFO  Progress (4): 156/159 kB | 0.5/1.0 MB | 0.1/6.3 MB | 61/490 kB
2026.10.04 22:53:15 INFO  Progress (4): 156/159 kB | 0.5/1.0 MB | 0.1/6.3 MB | 61/490 kB
2026.10.04 22:53:15 INFO  Progress (4): 156/159 kB | 0.5/1.0 MB | 0.1/6.3 MB | 77/490 kB
2026.10.04 22:53:15 INFO  Progress (4): 156/159 kB | 0.5/1.0 MB | 0.2/6.3 MB | 77/490 kB
2026.10.04 22:53:15 INFO  Progress (4): 156/159 kB | 0.5/1.0 MB | 0.2/6.3 MB | 93/490 kB
2026.10.04 22:53:15 INFO  Progress (4): 156/159 kB | 0.5/1.0 MB | 0.2/6.3 MB | 110/490 kB
2026.10.04 22:53:15 INFO  Progress (4): 156/159 kB | 0.5/1.0 MB | 0.2/6.3 MB | 126/490 kB
2026.10.04 22:53:15 INFO  Progress (4): 156/159 kB | 0.5/1.0 MB | 0.2/6.3 MB | 142/490 kB
2026.10.04 22:53:15 INFO  Progress (4): 156/159 kB | 0.5/1.0 MB | 0.2/6.3 MB | 159/490 kB
2026.10.04 22:53:15 INFO  Progress (4): 156/159 kB | 0.5/1.0 MB | 0.2/6.3 MB | 175/490 kB
2026.10.04 22:53:15 INFO  Progress (4): 156/159 kB | 0.5/1.0 MB | 0.2/6.3 MB | 192/490 kB
2026.10.04 22:53:15 INFO  Progress (4): 156/159 kB | 0.5/1.0 MB | 0.2/6.3 MB | 208/490 kB
2026.10.04 22:53:15 INFO  Progress (4): 156/159 kB | 0.5/1.0 MB | 0.2/6.3 MB | 224/490 kB
2026.10.04 22:53:15 INFO  Progress (4): 156/159 kB | 0.5/1.0 MB | 0.2/6.3 MB | 241/490 kB
2026.10.04 22:53:15 INFO  Progress (4): 156/159 kB | 0.5/1.0 MB | 0.2/6.3 MB | 257/490 kB
2026.10.04 22:53:15 INFO  Progress (4): 156/159 kB | 0.5/1.0 MB | 0.2/6.3 MB | 274/490 kB
2026.10.04 22:53:15 INFO  Progress (5): 156/159 kB | 0.5/1.0 MB | 0.2/6.3 MB | 274/490 kB | 7.7/165 kB
2026.10.04 22:53:15 INFO  Progress (5): 156/159 kB | 0.5/1.0 MB | 0.2/6.3 MB | 274/490 kB | 7.7/165 kB
2026.10.04 22:53:15 INFO  Progress (5): 156/159 kB | 0.5/1.0 MB | 0.2/6.3 MB | 290/490 kB | 7.7/165 kB
2026.10.04 22:53:15 INFO  Progress (5): 156/159 kB | 0.5/1.0 MB | 0.2/6.3 MB | 306/490 kB | 7.7/165 kB
2026.10.04 22:53:15 INFO  Progress (5): 156/159 kB | 0.5/1.0 MB | 0.2/6.3 MB | 323/490 kB | 7.7/165 kB
2026.10.04 22:53:15 INFO  Progress (5): 156/159 kB | 0.5/1.0 MB | 0.2/6.3 MB | 339/490 kB | 7.7/165 kB
2026.10.04 22:53:15 INFO  Progress (5): 156/159 kB | 0.5/1.0 MB | 0.2/6.3 MB | 355/490 kB | 7.7/165 kB
2026.10.04 22:53:15 INFO  Progress (5): 156/159 kB | 0.5/1.0 MB | 0.2/6.3 MB | 355/490 kB | 7.7/165 kB
2026.10.04 22:53:15 INFO  Progress (5): 156/159 kB | 0.5/1.0 MB | 0.2/6.3 MB | 355/490 kB | 7.7/165 kB
2026.10.04 22:53:15 INFO  Progress (5): 156/159 kB | 0.5/1.0 MB | 0.2/6.3 MB | 355/490 kB | 7.7/165 kB
2026.10.04 22:53:15 INFO  Progress (5): 156/159 kB | 0.5/1.0 MB | 0.2/6.3 MB | 355/490 kB | 7.7/165 kB
2026.10.04 22:53:15 INFO  Progress (5): 156/159 kB | 0.5/1.0 MB | 0.2/6.3 MB | 355/490 kB | 7.7/165 kB
2026.10.04 22:53:15 INFO  Progress (5): 156/159 kB | 0.5/1.0 MB | 0.3/6.3 MB | 355/490 kB | 7.7/165 kB
2026.10.04 22:53:15 INFO  Progress (5): 156/159 kB | 0.5/1.0 MB | 0.3/6.3 MB | 355/490 kB | 7.7/165 kB
2026.10.04 22:53:15 INFO  Progress (5): 156/159 kB | 0.5/1.0 MB | 0.3/6.3 MB | 355/490 kB | 7.7/165 kB
2026.10.04 22:53:15 INFO  Progress (5): 156/159 kB | 0.5/1.0 MB | 0.3/6.3 MB | 355/490 kB | 7.7/165 kB
2026.10.04 22:53:15 INFO  Progress (5): 156/159 kB | 0.5/1.0 MB | 0.3/6.3 MB | 355/490 kB | 7.7/165 kB
2026.10.04 22:53:15 INFO  Progress (5): 156/159 kB | 0.5/1.0 MB | 0.3/6.3 MB | 355/490 kB | 7.7/165 kB
2026.10.04 22:53:15 INFO  Progress (5): 156/159 kB | 0.5/1.0 MB | 0.4/6.3 MB | 355/490 kB | 7.7/165 kB
2026.10.04 22:53:15 INFO  Progress (5): 156/159 kB | 0.5/1.0 MB | 0.4/6.3 MB | 355/490 kB | 24/165 kB 
2026.10.04 22:53:15 INFO  Progress (5): 156/159 kB | 0.5/1.0 MB | 0.4/6.3 MB | 355/490 kB | 24/165 kB
2026.10.04 22:53:15 INFO  Progress (5): 156/159 kB | 0.5/1.0 MB | 0.4/6.3 MB | 355/490 kB | 24/165 kB
2026.10.04 22:53:15 INFO  Progress (5): 156/159 kB | 0.5/1.0 MB | 0.4/6.3 MB | 355/490 kB | 24/165 kB
2026.10.04 22:53:15 INFO  Progress (5): 156/159 kB | 0.5/1.0 MB | 0.4/6.3 MB | 355/490 kB | 24/165 kB
2026.10.04 22:53:15 INFO  Progress (5): 156/159 kB | 0.5/1.0 MB | 0.4/6.3 MB | 355/490 kB | 24/165 kB
2026.10.04 22:53:15 INFO  Progress (5): 156/159 kB | 0.5/1.0 MB | 0.5/6.3 MB | 355/490 kB | 24/165 kB
2026.10.04 22:53:15 INFO  Progress (5): 156/159 kB | 0.5/1.0 MB | 0.5/6.3 MB | 355/490 kB | 40/165 kB
2026.10.04 22:53:15 INFO  Progress (5): 156/159 kB | 0.5/1.0 MB | 0.5/6.3 MB | 355/490 kB | 40/165 kB
2026.10.04 22:53:15 INFO  Progress (5): 156/159 kB | 0.5/1.0 MB | 0.5/6.3 MB | 355/490 kB | 57/165 kB
2026.10.04 22:53:15 INFO  Progress (5): 156/159 kB | 0.5/1.0 MB | 0.5/6.3 MB | 355/490 kB | 57/165 kB
2026.10.04 22:53:15 INFO  Progress (5): 156/159 kB | 0.5/1.0 MB | 0.5/6.3 MB | 372/490 kB | 57/165 kB
2026.10.04 22:53:15 INFO  Progress (5): 156/159 kB | 0.5/1.0 MB | 0.5/6.3 MB | 372/490 kB | 57/165 kB
2026.10.04 22:53:15 INFO  Progress (5): 156/159 kB | 0.5/1.0 MB | 0.5/6.3 MB | 388/490 kB | 57/165 kB
2026.10.04 22:53:15 INFO  Progress (5): 156/159 kB | 0.5/1.0 MB | 0.5/6.3 MB | 388/490 kB | 57/165 kB
2026.10.04 22:53:15 INFO  Progress (5): 156/159 kB | 0.5/1.0 MB | 0.5/6.3 MB | 405/490 kB | 57/165 kB
2026.10.04 22:53:15 INFO  Progress (5): 156/159 kB | 0.5/1.0 MB | 0.5/6.3 MB | 421/490 kB | 57/165 kB
2026.10.04 22:53:15 INFO  Progress (5): 156/159 kB | 0.5/1.0 MB | 0.5/6.3 MB | 421/490 kB | 57/165 kB
2026.10.04 22:53:15 INFO  Progress (5): 156/159 kB | 0.5/1.0 MB | 0.5/6.3 MB | 437/490 kB | 57/165 kB
2026.10.04 22:53:15 INFO  Progress (5): 156/159 kB | 0.5/1.0 MB | 0.5/6.3 MB | 437/490 kB | 57/165 kB
2026.10.04 22:53:15 INFO  Progress (5): 156/159 kB | 0.5/1.0 MB | 0.5/6.3 MB | 454/490 kB | 57/165 kB
2026.10.04 22:53:15 INFO  Progress (5): 156/159 kB | 0.6/1.0 MB | 0.5/6.3 MB | 454/490 kB | 57/165 kB
2026.10.04 22:53:15 INFO  Progress (5): 156/159 kB | 0.6/1.0 MB | 0.5/6.3 MB | 470/490 kB | 57/165 kB
2026.10.04 22:53:15 INFO  Progress (5): 156/159 kB | 0.6/1.0 MB | 0.5/6.3 MB | 470/490 kB | 57/165 kB
2026.10.04 22:53:15 INFO  Progress (5): 156/159 kB | 0.6/1.0 MB | 0.5/6.3 MB | 487/490 kB | 57/165 kB
2026.10.04 22:53:15 INFO  Progress (5): 156/159 kB | 0.6/1.0 MB | 0.5/6.3 MB | 490 kB | 57/165 kB    
2026.10.04 22:53:15 INFO  Progress (5): 156/159 kB | 0.6/1.0 MB | 0.5/6.3 MB | 490 kB | 57/165 kB
2026.10.04 22:53:15 INFO  Progress (5): 156/159 kB | 0.6/1.0 MB | 0.5/6.3 MB | 490 kB | 57/165 kB
2026.10.04 22:53:15 INFO  Progress (5): 156/159 kB | 0.6/1.0 MB | 0.5/6.3 MB | 490 kB | 57/165 kB
2026.10.04 22:53:15 INFO  Progress (5): 156/159 kB | 0.6/1.0 MB | 0.5/6.3 MB | 490 kB | 57/165 kB
2026.10.04 22:53:15 INFO  Progress (5): 156/159 kB | 0.7/1.0 MB | 0.5/6.3 MB | 490 kB | 57/165 kB
2026.10.04 22:53:15 INFO  Progress (5): 156/159 kB | 0.7/1.0 MB | 0.5/6.3 MB | 490 kB | 57/165 kB
2026.10.04 22:53:15 INFO  Progress (5): 156/159 kB | 0.7/1.0 MB | 0.5/6.3 MB | 490 kB | 57/165 kB
2026.10.04 22:53:15 INFO  Progress (5): 156/159 kB | 0.7/1.0 MB | 0.5/6.3 MB | 490 kB | 57/165 kB
2026.10.04 22:53:15 INFO  Progress (5): 156/159 kB | 0.7/1.0 MB | 0.5/6.3 MB | 490 kB | 57/165 kB
2026.10.04 22:53:15 INFO  Progress (5): 156/159 kB | 0.7/1.0 MB | 0.5/6.3 MB | 490 kB | 57/165 kB
2026.10.04 22:53:15 INFO  Progress (5): 156/159 kB | 0.7/1.0 MB | 0.5/6.3 MB | 490 kB | 57/165 kB
2026.10.04 22:53:15 INFO  Progress (5): 156/159 kB | 0.8/1.0 MB | 0.5/6.3 MB | 490 kB | 57/165 kB
2026.10.04 22:53:15 INFO  Progress (5): 156/159 kB | 0.8/1.0 MB | 0.5/6.3 MB | 490 kB | 57/165 kB
2026.10.04 22:53:15 INFO  Progress (5): 156/159 kB | 0.8/1.0 MB | 0.5/6.3 MB | 490 kB | 57/165 kB
2026.10.04 22:53:15 INFO  Progress (5): 156/159 kB | 0.8/1.0 MB | 0.5/6.3 MB | 490 kB | 57/165 kB
2026.10.04 22:53:15 INFO  Progress (5): 156/159 kB | 0.8/1.0 MB | 0.5/6.3 MB | 490 kB | 57/165 kB
2026.10.04 22:53:15 INFO  Progress (5): 156/159 kB | 0.8/1.0 MB | 0.5/6.3 MB | 490 kB | 57/165 kB
2026.10.04 22:53:15 INFO  Progress (5): 156/159 kB | 0.9/1.0 MB | 0.5/6.3 MB | 490 kB | 57/165 kB
2026.10.04 22:53:15 INFO  Progress (5): 156/159 kB | 0.9/1.0 MB | 0.5/6.3 MB | 490 kB | 57/165 kB
2026.10.04 22:53:15 INFO  Progress (5): 156/159 kB | 0.9/1.0 MB | 0.5/6.3 MB | 490 kB | 57/165 kB
2026.10.04 22:53:15 INFO  Progress (5): 156/159 kB | 0.9/1.0 MB | 0.5/6.3 MB | 490 kB | 57/165 kB
2026.10.04 22:53:15 INFO  Progress (5): 156/159 kB | 0.9/1.0 MB | 0.5/6.3 MB | 490 kB | 57/165 kB
2026.10.04 22:53:15 INFO  Progress (5): 156/159 kB | 0.9/1.0 MB | 0.5/6.3 MB | 490 kB | 57/165 kB
2026.10.04 22:53:15 INFO  Progress (5): 156/159 kB | 1.0/1.0 MB | 0.5/6.3 MB | 490 kB | 57/165 kB
2026.10.04 22:53:15 INFO  Progress (5): 156/159 kB | 1.0/1.0 MB | 0.5/6.3 MB | 490 kB | 57/165 kB
2026.10.04 22:53:15 INFO  Progress (5): 156/159 kB | 1.0/1.0 MB | 0.5/6.3 MB | 490 kB | 57/165 kB
2026.10.04 22:53:15 INFO  Progress (5): 156/159 kB | 1.0/1.0 MB | 0.5/6.3 MB | 490 kB | 73/165 kB
2026.10.04 22:53:15 INFO  Progress (5): 156/159 kB | 1.0/1.0 MB | 0.5/6.3 MB | 490 kB | 73/165 kB
2026.10.04 22:53:15 INFO  Progress (5): 156/159 kB | 1.0/1.0 MB | 0.5/6.3 MB | 490 kB | 73/165 kB
2026.10.04 22:53:15 INFO                                                                         
2026.10.04 22:53:15 INFO  Downloaded from central: https://repo.maven.apache.org/maven2/org/scala-sbt/zinc-core_2.13/1.8.0/zinc-core_2.13-1.8.0.jar (490 kB at 611 kB/s)
2026.10.04 22:53:15 INFO  Downloading from central: https://repo.maven.apache.org/maven2/org/scala-sbt/compiler-bridge_2.13/1.8.0/compiler-bridge_2.13-1.8.0.jar
2026.10.04 22:53:15 INFO  Progress (4): 156/159 kB | 1.0/1.0 MB | 0.5/6.3 MB | 73/165 kB
2026.10.04 22:53:15 INFO  Progress (4): 156/159 kB | 1.0/1.0 MB | 0.5/6.3 MB | 90/165 kB
2026.10.04 22:53:15 INFO  Progress (4): 156/159 kB | 1.0/1.0 MB | 0.5/6.3 MB | 106/165 kB
2026.10.04 22:53:15 INFO  Progress (4): 156/159 kB | 1.0/1.0 MB | 0.5/6.3 MB | 106/165 kB
2026.10.04 22:53:15 INFO  Progress (4): 156/159 kB | 1.0/1.0 MB | 0.6/6.3 MB | 106/165 kB
2026.10.04 22:53:15 INFO  Progress (4): 156/159 kB | 1.0 MB | 0.6/6.3 MB | 106/165 kB    
2026.10.04 22:53:15 INFO  Progress (4): 156/159 kB | 1.0 MB | 0.6/6.3 MB | 122/165 kB
2026.10.04 22:53:15 INFO  Progress (4): 156/159 kB | 1.0 MB | 0.6/6.3 MB | 122/165 kB
2026.10.04 22:53:15 INFO  Progress (4): 156/159 kB | 1.0 MB | 0.6/6.3 MB | 122/165 kB
2026.10.04 22:53:15 INFO  Progress (4): 156/159 kB | 1.0 MB | 0.6/6.3 MB | 139/165 kB
2026.10.04 22:53:15 INFO  Progress (4): 156/159 kB | 1.0 MB | 0.6/6.3 MB | 155/165 kB
2026.10.04 22:53:15 INFO  Progress (4): 156/159 kB | 1.0 MB | 0.6/6.3 MB | 155/165 kB
2026.10.04 22:53:15 INFO  Progress (4): 156/159 kB | 1.0 MB | 0.6/6.3 MB | 155/165 kB
2026.10.04 22:53:15 INFO                                                             
2026.10.04 22:53:15 INFO  Downloaded from central: https://repo.maven.apache.org/maven2/org/apache/commons/commons-compress/1.21/commons-compress-1.21.jar (1.0 MB at 1.2 MB/s)
2026.10.04 22:53:15 INFO  Downloading from central: https://repo.maven.apache.org/maven2/org/scala-sbt/zinc-classpath_2.13/1.8.0/zinc-classpath_2.13-1.8.0.jar
2026.10.04 22:53:15 INFO  Progress (3): 156/159 kB | 0.6/6.3 MB | 165 kB
2026.10.04 22:53:15 INFO  Progress (3): 156/159 kB | 0.6/6.3 MB | 165 kB
2026.10.04 22:53:15 INFO  Progress (3): 156/159 kB | 0.7/6.3 MB | 165 kB
2026.10.04 22:53:15 INFO  Progress (4): 156/159 kB | 0.7/6.3 MB | 165 kB | 7.7/243 kB
2026.10.04 22:53:15 INFO  Progress (4): 156/159 kB | 0.7/6.3 MB | 165 kB | 8.2/243 kB
2026.10.04 22:53:15 INFO                                                             
2026.10.04 22:53:15 INFO  Downloaded from central: https://repo.maven.apache.org/maven2/org/scala-sbt/zinc-apiinfo_2.13/1.8.0/zinc-apiinfo_2.13-1.8.0.jar (165 kB at 196 kB/s)
2026.10.04 22:53:15 INFO  Downloading from central: https://repo.maven.apache.org/maven2/org/scala-lang/scala-compiler/2.13.8/scala-compiler-2.13.8.jar
2026.10.04 22:53:15 INFO  Progress (3): 156/159 kB | 0.7/6.3 MB | 25/243 kB
2026.10.04 22:53:15 INFO  Progress (3): 156/159 kB | 0.7/6.3 MB | 25/243 kB
2026.10.04 22:53:15 INFO  Progress (3): 156/159 kB | 0.7/6.3 MB | 41/243 kB
2026.10.04 22:53:15 INFO  Progress (3): 156/159 kB | 0.7/6.3 MB | 41/243 kB
2026.10.04 22:53:15 INFO  Progress (3): 156/159 kB | 0.7/6.3 MB | 57/243 kB
2026.10.04 22:53:15 INFO  Progress (3): 156/159 kB | 0.7/6.3 MB | 74/243 kB
2026.10.04 22:53:15 INFO  Progress (3): 156/159 kB | 0.7/6.3 MB | 90/243 kB
2026.10.04 22:53:15 INFO  Progress (3): 156/159 kB | 0.7/6.3 MB | 106/243 kB
2026.10.04 22:53:15 INFO  Progress (3): 156/159 kB | 0.7/6.3 MB | 123/243 kB
2026.10.04 22:53:15 INFO  Progress (3): 156/159 kB | 0.7/6.3 MB | 139/243 kB
2026.10.04 22:53:15 INFO  Progress (3): 156/159 kB | 0.7/6.3 MB | 156/243 kB
2026.10.04 22:53:15 INFO  Progress (3): 156/159 kB | 0.7/6.3 MB | 156/243 kB
2026.10.04 22:53:15 INFO  Progress (3): 156/159 kB | 0.7/6.3 MB | 172/243 kB
2026.10.04 22:53:15 INFO  Progress (3): 156/159 kB | 0.7/6.3 MB | 172/243 kB
2026.10.04 22:53:15 INFO  Progress (3): 156/159 kB | 0.7/6.3 MB | 188/243 kB
2026.10.04 22:53:15 INFO  Progress (3): 156/159 kB | 0.7/6.3 MB | 205/243 kB
2026.10.04 22:53:15 INFO  Progress (3): 156/159 kB | 0.7/6.3 MB | 205/243 kB
2026.10.04 22:53:15 INFO  Progress (3): 156/159 kB | 0.7/6.3 MB | 221/243 kB
2026.10.04 22:53:15 INFO  Progress (3): 156/159 kB | 0.7/6.3 MB | 238/243 kB
2026.10.04 22:53:15 INFO  Progress (3): 156/159 kB | 0.7/6.3 MB | 243 kB    
2026.10.04 22:53:15 INFO  Progress (3): 156/159 kB | 0.8/6.3 MB | 243 kB
2026.10.04 22:53:15 INFO  Progress (3): 156/159 kB | 0.8/6.3 MB | 243 kB
2026.10.04 22:53:15 INFO  Progress (4): 156/159 kB | 0.8/6.3 MB | 243 kB | 7.7/89 kB
2026.10.04 22:53:15 INFO  Progress (4): 156/159 kB | 0.8/6.3 MB | 243 kB | 12/89 kB 
2026.10.04 22:53:15 INFO                                                           
2026.10.04 22:53:15 INFO  Downloaded from central: https://repo.maven.apache.org/maven2/org/scala-sbt/compiler-bridge_2.13/1.8.0/compiler-bridge_2.13-1.8.0.jar (243 kB at 277 kB/s)
2026.10.04 22:53:15 INFO  Progress (3): 156/159 kB | 0.8/6.3 MB | 29/89 kB
2026.10.04 22:53:15 INFO                                                  
2026.10.04 22:53:15 INFO  Downloading from central: https://repo.maven.apache.org/maven2/org/scala-sbt/compiler-interface/1.8.0/compiler-interface-1.8.0.jar
2026.10.04 22:53:15 INFO  Progress (3): 156/159 kB | 0.8/6.3 MB | 45/89 kB
2026.10.04 22:53:15 INFO  Progress (3): 156/159 kB | 0.8/6.3 MB | 45/89 kB
2026.10.04 22:53:15 INFO  Progress (3): 156/159 kB | 0.8/6.3 MB | 61/89 kB
2026.10.04 22:53:15 INFO  Progress (3): 156/159 kB | 0.8/6.3 MB | 78/89 kB
2026.10.04 22:53:15 INFO  Progress (3): 156/159 kB | 0.8/6.3 MB | 89 kB   
2026.10.04 22:53:15 INFO  Progress (4): 156/159 kB | 0.8/6.3 MB | 89 kB | 0/12 MB
2026.10.04 22:53:15 INFO  Progress (4): 156/159 kB | 0.8/6.3 MB | 89 kB | 0/12 MB
2026.10.04 22:53:15 INFO  Progress (4): 156/159 kB | 0.8/6.3 MB | 89 kB | 0/12 MB
2026.10.04 22:53:15 INFO                                                         
2026.10.04 22:53:15 INFO  Downloaded from central: https://repo.maven.apache.org/maven2/org/scala-sbt/zinc-classpath_2.13/1.8.0/zinc-classpath_2.13-1.8.0.jar (89 kB at 100 kB/s)
2026.10.04 22:53:15 INFO  Downloading from central: https://repo.maven.apache.org/maven2/org/scala-sbt/util-interface/1.8.0/util-interface-1.8.0.jar
2026.10.04 22:53:15 INFO  Progress (3): 156/159 kB | 0.8/6.3 MB | 0/12 MB
2026.10.04 22:53:15 INFO  Progress (3): 156/159 kB | 0.8/6.3 MB | 0/12 MB
2026.10.04 22:53:15 INFO  Progress (3): 156/159 kB | 0.8/6.3 MB | 0/12 MB
2026.10.04 22:53:15 INFO  Progress (3): 159 kB | 0.8/6.3 MB | 0/12 MB    
2026.10.04 22:53:15 INFO  Progress (3): 159 kB | 0.9/6.3 MB | 0/12 MB
2026.10.04 22:53:15 INFO  Progress (3): 159 kB | 0.9/6.3 MB | 0/12 MB
2026.10.04 22:53:15 INFO                                             
2026.10.04 22:53:15 INFO  Downloaded from central: https://repo.maven.apache.org/maven2/net/alchim31/maven/scala-maven-plugin/4.8.0/scala-maven-plugin-4.8.0.jar (159 kB at 175 kB/s)
2026.10.04 22:53:15 INFO  Downloading from central: https://repo.maven.apache.org/maven2/org/scala-sbt/zinc-persist-core-assembly/1.8.0/zinc-persist-core-assembly-1.8.0.jar
2026.10.04 22:53:15 INFO  Progress (2): 0.9/6.3 MB | 0.1/12 MB
2026.10.04 22:53:15 INFO  Progress (2): 0.9/6.3 MB | 0.1/12 MB
2026.10.04 22:53:15 INFO  Progress (2): 0.9/6.3 MB | 0.1/12 MB
2026.10.04 22:53:15 INFO  Progress (2): 0.9/6.3 MB | 0.1/12 MB
2026.10.04 22:53:15 INFO  Progress (2): 0.9/6.3 MB | 0.1/12 MB
2026.10.04 22:53:15 INFO  Progress (3): 0.9/6.3 MB | 0.1/12 MB | 7.7/112 kB
2026.10.04 22:53:15 INFO  Progress (3): 0.9/6.3 MB | 0.1/12 MB | 16/112 kB 
2026.10.04 22:53:15 INFO  Progress (3): 0.9/6.3 MB | 0.1/12 MB | 16/112 kB
2026.10.04 22:53:15 INFO  Progress (3): 0.9/6.3 MB | 0.1/12 MB | 32/112 kB
2026.10.04 22:53:15 INFO  Progress (3): 0.9/6.3 MB | 0.1/12 MB | 32/112 kB
2026.10.04 22:53:15 INFO  Progress (3): 0.9/6.3 MB | 0.1/12 MB | 49/112 kB
2026.10.04 22:53:15 INFO  Progress (3): 0.9/6.3 MB | 0.1/12 MB | 61/112 kB
2026.10.04 22:53:15 INFO  Progress (3): 0.9/6.3 MB | 0.1/12 MB | 78/112 kB
2026.10.04 22:53:15 INFO  Progress (3): 0.9/6.3 MB | 0.1/12 MB | 94/112 kB
2026.10.04 22:53:15 INFO  Progress (3): 0.9/6.3 MB | 0.1/12 MB | 94/112 kB
2026.10.04 22:53:15 INFO  Progress (3): 0.9/6.3 MB | 0.1/12 MB | 111/112 kB
2026.10.04 22:53:15 INFO  Progress (3): 0.9/6.3 MB | 0.1/12 MB | 112 kB    
2026.10.04 22:53:15 INFO  Progress (3): 0.9/6.3 MB | 0.1/12 MB | 112 kB
2026.10.04 22:53:15 INFO  Progress (3): 0.9/6.3 MB | 0.1/12 MB | 112 kB
2026.10.04 22:53:15 INFO  Progress (3): 1.0/6.3 MB | 0.1/12 MB | 112 kB
2026.10.04 22:53:15 INFO  Progress (4): 1.0/6.3 MB | 0.1/12 MB | 112 kB | 3.3 kB
2026.10.04 22:53:15 INFO  Progress (4): 1.0/6.3 MB | 0.1/12 MB | 112 kB | 3.3 kB
2026.10.04 22:53:15 INFO  Progress (4): 1.0/6.3 MB | 0.1/12 MB | 112 kB | 3.3 kB
2026.10.04 22:53:15 INFO  Progress (5): 1.0/6.3 MB | 0.1/12 MB | 112 kB | 3.3 kB | 0/2.6 MB
2026.10.04 22:53:15 INFO  Progress (5): 1.0/6.3 MB | 0.1/12 MB | 112 kB | 3.3 kB | 0/2.6 MB
2026.10.04 22:53:15 INFO  Progress (5): 1.0/6.3 MB | 0.1/12 MB | 112 kB | 3.3 kB | 0/2.6 MB
2026.10.04 22:53:15 INFO                                                                   
2026.10.04 22:53:15 INFO  Downloaded from central: https://repo.maven.apache.org/maven2/org/scala-sbt/compiler-interface/1.8.0/compiler-interface-1.8.0.jar (112 kB at 120 kB/s)
2026.10.04 22:53:15 INFO  Downloading from central: https://repo.maven.apache.org/maven2/org/scala-lang/modules/scala-parallel-collections_2.13/0.2.0/scala-parallel-collections_2.13-0.2.0.jar
2026.10.04 22:53:15 INFO  Progress (4): 1.0/6.3 MB | 0.1/12 MB | 3.3 kB | 0/2.6 MB
2026.10.04 22:53:15 INFO  Progress (4): 1.0/6.3 MB | 0.1/12 MB | 3.3 kB | 0/2.6 MB
2026.10.04 22:53:15 INFO  Progress (4): 1.0/6.3 MB | 0.1/12 MB | 3.3 kB | 0/2.6 MB
2026.10.04 22:53:15 INFO                                                          
2026.10.04 22:53:15 INFO  Downloaded from central: https://repo.maven.apache.org/maven2/org/scala-sbt/util-interface/1.8.0/util-interface-1.8.0.jar (3.3 kB at 3.6 kB/s)
2026.10.04 22:53:15 INFO  Downloading from central: https://repo.maven.apache.org/maven2/org/scala-sbt/io_2.13/1.8.0/io_2.13-1.8.0.jar
2026.10.04 22:53:15 INFO  Progress (3): 1.0/6.3 MB | 0.1/12 MB | 0/2.6 MB
2026.10.04 22:53:15 INFO  Progress (3): 1.0/6.3 MB | 0.1/12 MB | 0/2.6 MB
2026.10.04 22:53:15 INFO  Progress (3): 1.0/6.3 MB | 0.1/12 MB | 0/2.6 MB
2026.10.04 22:53:15 INFO  Progress (3): 1.0/6.3 MB | 0.1/12 MB | 0/2.6 MB
2026.10.04 22:53:15 INFO  Progress (3): 1.0/6.3 MB | 0.2/12 MB | 0/2.6 MB
2026.10.04 22:53:15 INFO  Progress (3): 1.0/6.3 MB | 0.2/12 MB | 0/2.6 MB
2026.10.04 22:53:15 INFO  Progress (3): 1.0/6.3 MB | 0.2/12 MB | 0/2.6 MB
2026.10.04 22:53:15 INFO  Progress (3): 1.0/6.3 MB | 0.2/12 MB | 0/2.6 MB
2026.10.04 22:53:15 INFO  Progress (3): 1.0/6.3 MB | 0.2/12 MB | 0.1/2.6 MB
2026.10.04 22:53:15 INFO  Progress (3): 1.0/6.3 MB | 0.2/12 MB | 0.1/2.6 MB
2026.10.04 22:53:15 INFO  Progress (3): 1.0/6.3 MB | 0.2/12 MB | 0.1/2.6 MB
2026.10.04 22:53:15 INFO  Progress (3): 1.0/6.3 MB | 0.2/12 MB | 0.1/2.6 MB
2026.10.04 22:53:15 INFO  Progress (3): 1.0/6.3 MB | 0.2/12 MB | 0.1/2.6 MB
2026.10.04 22:53:15 INFO  Progress (3): 1.0/6.3 MB | 0.2/12 MB | 0.1/2.6 MB
2026.10.04 22:53:15 INFO  Progress (3): 1.0/6.3 MB | 0.2/12 MB | 0.1/2.6 MB
2026.10.04 22:53:15 INFO  Progress (3): 1.0/6.3 MB | 0.2/12 MB | 0.1/2.6 MB
2026.10.04 22:53:15 INFO  Progress (3): 1.0/6.3 MB | 0.2/12 MB | 0.1/2.6 MB
2026.10.04 22:53:15 INFO  Progress (3): 1.0/6.3 MB | 0.2/12 MB | 0.1/2.6 MB
2026.10.04 22:53:15 INFO  Progress (3): 1.0/6.3 MB | 0.2/12 MB | 0.1/2.6 MB
2026.10.04 22:53:15 INFO  Progress (3): 1.0/6.3 MB | 0.2/12 MB | 0.1/2.6 MB
2026.10.04 22:53:15 INFO  Progress (3): 1.0/6.3 MB | 0.2/12 MB | 0.1/2.6 MB
2026.10.04 22:53:15 INFO  Progress (3): 1.0/6.3 MB | 0.2/12 MB | 0.1/2.6 MB
2026.10.04 22:53:15 INFO  Progress (3): 1.0/6.3 MB | 0.2/12 MB | 0.2/2.6 MB
2026.10.04 22:53:15 INFO  Progress (3): 1.0/6.3 MB | 0.2/12 MB | 0.2/2.6 MB
2026.10.04 22:53:15 INFO  Progress (3): 1.0/6.3 MB | 0.2/12 MB | 0.2/2.6 MB
2026.10.04 22:53:15 INFO  Progress (3): 1.0/6.3 MB | 0.2/12 MB | 0.2/2.6 MB
2026.10.04 22:53:15 INFO  Progress (3): 1.0/6.3 MB | 0.2/12 MB | 0.2/2.6 MB
2026.10.04 22:53:15 INFO  Progress (3): 1.0/6.3 MB | 0.2/12 MB | 0.2/2.6 MB
2026.10.04 22:53:15 INFO  Progress (3): 1.1/6.3 MB | 0.2/12 MB | 0.2/2.6 MB
2026.10.04 22:53:15 INFO  Progress (3): 1.1/6.3 MB | 0.2/12 MB | 0.2/2.6 MB
2026.10.04 22:53:15 INFO  Progress (3): 1.1/6.3 MB | 0.2/12 MB | 0.2/2.6 MB
2026.10.04 22:53:15 INFO  Progress (3): 1.1/6.3 MB | 0.2/12 MB | 0.2/2.6 MB
2026.10.04 22:53:15 INFO  Progress (3): 1.1/6.3 MB | 0.2/12 MB | 0.2/2.6 MB
2026.10.04 22:53:15 INFO  Progress (3): 1.1/6.3 MB | 0.2/12 MB | 0.2/2.6 MB
2026.10.04 22:53:15 INFO  Progress (3): 1.1/6.3 MB | 0.2/12 MB | 0.2/2.6 MB
2026.10.04 22:53:15 INFO  Progress (3): 1.1/6.3 MB | 0.2/12 MB | 0.2/2.6 MB
2026.10.04 22:53:15 INFO  Progress (4): 1.1/6.3 MB | 0.2/12 MB | 0.2/2.6 MB | 0/1.1 MB
2026.10.04 22:53:15 INFO  Progress (5): 1.1/6.3 MB | 0.2/12 MB | 0.2/2.6 MB | 0/1.1 MB | 7.7/636 kB
2026.10.04 22:53:15 INFO  Progress (5): 1.1/6.3 MB | 0.2/12 MB | 0.2/2.6 MB | 0/1.1 MB | 7.7/636 kB
2026.10.04 22:53:15 INFO  Progress (5): 1.1/6.3 MB | 0.2/12 MB | 0.2/2.6 MB | 0/1.1 MB | 7.7/636 kB
2026.10.04 22:53:15 INFO  Progress (5): 1.1/6.3 MB | 0.2/12 MB | 0.2/2.6 MB | 0/1.1 MB | 16/636 kB 
2026.10.04 22:53:15 INFO  Progress (5): 1.1/6.3 MB | 0.2/12 MB | 0.2/2.6 MB | 0/1.1 MB | 16/636 kB
2026.10.04 22:53:15 INFO  Progress (5): 1.1/6.3 MB | 0.2/12 MB | 0.2/2.6 MB | 0/1.1 MB | 32/636 kB
2026.10.04 22:53:15 INFO  Progress (5): 1.1/6.3 MB | 0.2/12 MB | 0.2/2.6 MB | 0/1.1 MB | 32/636 kB
2026.10.04 22:53:15 INFO  Progress (5): 1.1/6.3 MB | 0.2/12 MB | 0.2/2.6 MB | 0/1.1 MB | 49/636 kB
2026.10.04 22:53:15 INFO  Progress (5): 1.1/6.3 MB | 0.2/12 MB | 0.2/2.6 MB | 0/1.1 MB | 61/636 kB
2026.10.04 22:53:15 INFO  Progress (5): 1.1/6.3 MB | 0.2/12 MB | 0.2/2.6 MB | 0/1.1 MB | 77/636 kB
2026.10.04 22:53:15 INFO  Progress (5): 1.1/6.3 MB | 0.2/12 MB | 0.2/2.6 MB | 0/1.1 MB | 93/636 kB
2026.10.04 22:53:15 INFO  Progress (5): 1.1/6.3 MB | 0.2/12 MB | 0.2/2.6 MB | 0/1.1 MB | 110/636 kB
2026.10.04 22:53:15 INFO  Progress (5): 1.1/6.3 MB | 0.2/12 MB | 0.2/2.6 MB | 0/1.1 MB | 110/636 kB
2026.10.04 22:53:15 INFO  Progress (5): 1.1/6.3 MB | 0.2/12 MB | 0.3/2.6 MB | 0/1.1 MB | 110/636 kB
2026.10.04 22:53:15 INFO  Progress (5): 1.1/6.3 MB | 0.2/12 MB | 0.3/2.6 MB | 0/1.1 MB | 126/636 kB
2026.10.04 22:53:15 INFO  Progress (5): 1.1/6.3 MB | 0.2/12 MB | 0.3/2.6 MB | 0/1.1 MB | 126/636 kB
2026.10.04 22:53:15 INFO  Progress (5): 1.1/6.3 MB | 0.2/12 MB | 0.3/2.6 MB | 0/1.1 MB | 142/636 kB
2026.10.04 22:53:15 INFO  Progress (5): 1.1/6.3 MB | 0.2/12 MB | 0.3/2.6 MB | 0/1.1 MB | 142/636 kB
2026.10.04 22:53:15 INFO  Progress (5): 1.1/6.3 MB | 0.3/12 MB | 0.3/2.6 MB | 0/1.1 MB | 142/636 kB
2026.10.04 22:53:15 INFO  Progress (5): 1.2/6.3 MB | 0.3/12 MB | 0.3/2.6 MB | 0/1.1 MB | 142/636 kB
2026.10.04 22:53:15 INFO  Progress (5): 1.2/6.3 MB | 0.3/12 MB | 0.3/2.6 MB | 0/1.1 MB | 142/636 kB
2026.10.04 22:53:15 INFO  Progress (5): 1.2/6.3 MB | 0.3/12 MB | 0.3/2.6 MB | 0.1/1.1 MB | 142/636 kB
2026.10.04 22:53:15 INFO  Progress (5): 1.2/6.3 MB | 0.3/12 MB | 0.3/2.6 MB | 0.1/1.1 MB | 142/636 kB
2026.10.04 22:53:15 INFO  Progress (5): 1.2/6.3 MB | 0.3/12 MB | 0.3/2.6 MB | 0.1/1.1 MB | 142/636 kB
2026.10.04 22:53:15 INFO  Progress (5): 1.2/6.3 MB | 0.3/12 MB | 0.3/2.6 MB | 0.1/1.1 MB | 159/636 kB
2026.10.04 22:53:15 INFO  Progress (5): 1.2/6.3 MB | 0.3/12 MB | 0.3/2.6 MB | 0.1/1.1 MB | 159/636 kB
2026.10.04 22:53:15 INFO  Progress (5): 1.2/6.3 MB | 0.3/12 MB | 0.3/2.6 MB | 0.1/1.1 MB | 159/636 kB
2026.10.04 22:53:15 INFO  Progress (5): 1.2/6.3 MB | 0.3/12 MB | 0.3/2.6 MB | 0.1/1.1 MB | 159/636 kB
2026.10.04 22:53:15 INFO  Progress (5): 1.2/6.3 MB | 0.3/12 MB | 0.3/2.6 MB | 0.1/1.1 MB | 159/636 kB
2026.10.04 22:53:15 INFO  Progress (5): 1.2/6.3 MB | 0.3/12 MB | 0.3/2.6 MB | 0.1/1.1 MB | 175/636 kB
2026.10.04 22:53:15 INFO  Progress (5): 1.2/6.3 MB | 0.3/12 MB | 0.3/2.6 MB | 0.1/1.1 MB | 175/636 kB
2026.10.04 22:53:15 INFO  Progress (5): 1.2/6.3 MB | 0.3/12 MB | 0.3/2.6 MB | 0.1/1.1 MB | 175/636 kB
2026.10.04 22:53:15 INFO  Progress (5): 1.2/6.3 MB | 0.3/12 MB | 0.3/2.6 MB | 0.1/1.1 MB | 192/636 kB
2026.10.04 22:53:15 INFO  Progress (5): 1.2/6.3 MB | 0.3/12 MB | 0.4/2.6 MB | 0.1/1.1 MB | 192/636 kB
2026.10.04 22:53:15 INFO  Progress (5): 1.2/6.3 MB | 0.3/12 MB | 0.4/2.6 MB | 0.1/1.1 MB | 208/636 kB
2026.10.04 22:53:15 INFO  Progress (5): 1.2/6.3 MB | 0.3/12 MB | 0.4/2.6 MB | 0.1/1.1 MB | 224/636 kB
2026.10.04 22:53:15 INFO  Progress (5): 1.2/6.3 MB | 0.3/12 MB | 0.4/2.6 MB | 0.1/1.1 MB | 241/636 kB
2026.10.04 22:53:15 INFO  Progress (5): 1.2/6.3 MB | 0.3/12 MB | 0.4/2.6 MB | 0.1/1.1 MB | 241/636 kB
2026.10.04 22:53:15 INFO  Progress (5): 1.2/6.3 MB | 0.3/12 MB | 0.4/2.6 MB | 0.1/1.1 MB | 241/636 kB
2026.10.04 22:53:15 INFO  Progress (5): 1.2/6.3 MB | 0.3/12 MB | 0.4/2.6 MB | 0.1/1.1 MB | 241/636 kB
2026.10.04 22:53:15 INFO  Progress (5): 1.2/6.3 MB | 0.3/12 MB | 0.4/2.6 MB | 0.1/1.1 MB | 241/636 kB
2026.10.04 22:53:15 INFO  Progress (5): 1.2/6.3 MB | 0.3/12 MB | 0.4/2.6 MB | 0.1/1.1 MB | 241/636 kB
2026.10.04 22:53:15 INFO  Progress (5): 1.2/6.3 MB | 0.3/12 MB | 0.4/2.6 MB | 0.1/1.1 MB | 241/636 kB
2026.10.04 22:53:15 INFO  Progress (5): 1.2/6.3 MB | 0.3/12 MB | 0.4/2.6 MB | 0.1/1.1 MB | 241/636 kB
2026.10.04 22:53:15 INFO  Progress (5): 1.3/6.3 MB | 0.3/12 MB | 0.4/2.6 MB | 0.1/1.1 MB | 241/636 kB
2026.10.04 22:53:15 INFO  Progress (5): 1.3/6.3 MB | 0.3/12 MB | 0.4/2.6 MB | 0.1/1.1 MB | 241/636 kB
2026.10.04 22:53:15 INFO  Progress (5): 1.3/6.3 MB | 0.3/12 MB | 0.4/2.6 MB | 0.1/1.1 MB | 241/636 kB
2026.10.04 22:53:15 INFO  Progress (5): 1.3/6.3 MB | 0.3/12 MB | 0.4/2.6 MB | 0.1/1.1 MB | 241/636 kB
2026.10.04 22:53:15 INFO  Progress (5): 1.3/6.3 MB | 0.3/12 MB | 0.4/2.6 MB | 0.1/1.1 MB | 241/636 kB
2026.10.04 22:53:15 INFO  Progress (5): 1.3/6.3 MB | 0.3/12 MB | 0.4/2.6 MB | 0.1/1.1 MB | 241/636 kB
2026.10.04 22:53:15 INFO  Progress (5): 1.3/6.3 MB | 0.3/12 MB | 0.4/2.6 MB | 0.2/1.1 MB | 241/636 kB
2026.10.04 22:53:15 INFO  Progress (5): 1.3/6.3 MB | 0.4/12 MB | 0.4/2.6 MB | 0.2/1.1 MB | 241/636 kB
2026.10.04 22:53:15 INFO  Progress (5): 1.3/6.3 MB | 0.4/12 MB | 0.4/2.6 MB | 0.2/1.1 MB | 241/636 kB
2026.10.04 22:53:15 INFO  Progress (5): 1.3/6.3 MB | 0.4/12 MB | 0.4/2.6 MB | 0.2/1.1 MB | 241/636 kB
2026.10.04 22:53:15 INFO  Progress (5): 1.3/6.3 MB | 0.4/12 MB | 0.4/2.6 MB | 0.2/1.1 MB | 241/636 kB
2026.10.04 22:53:15 INFO  Progress (5): 1.3/6.3 MB | 0.4/12 MB | 0.4/2.6 MB | 0.2/1.1 MB | 241/636 kB
2026.10.04 22:53:15 INFO  Progress (5): 1.3/6.3 MB | 0.4/12 MB | 0.4/2.6 MB | 0.2/1.1 MB | 241/636 kB
2026.10.04 22:53:15 INFO  Progress (5): 1.3/6.3 MB | 0.4/12 MB | 0.4/2.6 MB | 0.2/1.1 MB | 241/636 kB
2026.10.04 22:53:15 INFO  Progress (5): 1.4/6.3 MB | 0.4/12 MB | 0.4/2.6 MB | 0.2/1.1 MB | 241/636 kB
2026.10.04 22:53:15 INFO  Progress (5): 1.4/6.3 MB | 0.4/12 MB | 0.4/2.6 MB | 0.2/1.1 MB | 241/636 kB
2026.10.04 22:53:15 INFO  Progress (5): 1.4/6.3 MB | 0.4/12 MB | 0.4/2.6 MB | 0.2/1.1 MB | 257/636 kB
2026.10.04 22:53:15 INFO  Progress (5): 1.4/6.3 MB | 0.4/12 MB | 0.4/2.6 MB | 0.2/1.1 MB | 257/636 kB
2026.10.04 22:53:15 INFO  Progress (5): 1.4/6.3 MB | 0.4/12 MB | 0.4/2.6 MB | 0.2/1.1 MB | 257/636 kB
2026.10.04 22:53:15 INFO  Progress (5): 1.4/6.3 MB | 0.4/12 MB | 0.4/2.6 MB | 0.2/1.1 MB | 257/636 kB
2026.10.04 22:53:15 INFO  Progress (5): 1.4/6.3 MB | 0.4/12 MB | 0.4/2.6 MB | 0.2/1.1 MB | 274/636 kB
2026.10.04 22:53:15 INFO  Progress (5): 1.4/6.3 MB | 0.4/12 MB | 0.4/2.6 MB | 0.2/1.1 MB | 274/636 kB
2026.10.04 22:53:15 INFO  Progress (5): 1.4/6.3 MB | 0.4/12 MB | 0.4/2.6 MB | 0.2/1.1 MB | 274/636 kB
2026.10.04 22:53:15 INFO  Progress (5): 1.4/6.3 MB | 0.4/12 MB | 0.4/2.6 MB | 0.2/1.1 MB | 274/636 kB
2026.10.04 22:53:15 INFO  Progress (5): 1.4/6.3 MB | 0.4/12 MB | 0.4/2.6 MB | 0.2/1.1 MB | 290/636 kB
2026.10.04 22:53:15 INFO  Progress (5): 1.4/6.3 MB | 0.4/12 MB | 0.4/2.6 MB | 0.2/1.1 MB | 290/636 kB
2026.10.04 22:53:15 INFO  Progress (5): 1.4/6.3 MB | 0.4/12 MB | 0.4/2.6 MB | 0.2/1.1 MB | 306/636 kB
2026.10.04 22:53:15 INFO  Progress (5): 1.4/6.3 MB | 0.4/12 MB | 0.4/2.6 MB | 0.2/1.1 MB | 306/636 kB
2026.10.04 22:53:15 INFO  Progress (5): 1.4/6.3 MB | 0.4/12 MB | 0.4/2.6 MB | 0.2/1.1 MB | 306/636 kB
2026.10.04 22:53:15 INFO  Progress (5): 1.4/6.3 MB | 0.4/12 MB | 0.4/2.6 MB | 0.2/1.1 MB | 306/636 kB
2026.10.04 22:53:15 INFO  Progress (5): 1.4/6.3 MB | 0.4/12 MB | 0.4/2.6 MB | 0.2/1.1 MB | 306/636 kB
2026.10.04 22:53:15 INFO  Progress (5): 1.4/6.3 MB | 0.4/12 MB | 0.4/2.6 MB | 0.2/1.1 MB | 306/636 kB
2026.10.04 22:53:15 INFO  Progress (5): 1.4/6.3 MB | 0.4/12 MB | 0.4/2.6 MB | 0.2/1.1 MB | 306/636 kB
2026.10.04 22:53:15 INFO  Progress (5): 1.4/6.3 MB | 0.4/12 MB | 0.4/2.6 MB | 0.2/1.1 MB | 306/636 kB
2026.10.04 22:53:15 INFO  Progress (5): 1.4/6.3 MB | 0.4/12 MB | 0.4/2.6 MB | 0.2/1.1 MB | 323/636 kB
2026.10.04 22:53:15 INFO  Progress (5): 1.4/6.3 MB | 0.4/12 MB | 0.5/2.6 MB | 0.2/1.1 MB | 323/636 kB
2026.10.04 22:53:15 INFO  Progress (5): 1.4/6.3 MB | 0.4/12 MB | 0.5/2.6 MB | 0.2/1.1 MB | 323/636 kB
2026.10.04 22:53:15 INFO  Progress (5): 1.4/6.3 MB | 0.4/12 MB | 0.5/2.6 MB | 0.2/1.1 MB | 323/636 kB
2026.10.04 22:53:15 INFO  Progress (5): 1.5/6.3 MB | 0.4/12 MB | 0.5/2.6 MB | 0.2/1.1 MB | 323/636 kB
2026.10.04 22:53:15 INFO  Progress (5): 1.5/6.3 MB | 0.4/12 MB | 0.5/2.6 MB | 0.2/1.1 MB | 323/636 kB
2026.10.04 22:53:15 INFO  Progress (5): 1.5/6.3 MB | 0.4/12 MB | 0.5/2.6 MB | 0.2/1.1 MB | 323/636 kB
2026.10.04 22:53:15 INFO  Progress (5): 1.5/6.3 MB | 0.4/12 MB | 0.5/2.6 MB | 0.2/1.1 MB | 323/636 kB
2026.10.04 22:53:15 INFO  Progress (5): 1.5/6.3 MB | 0.4/12 MB | 0.5/2.6 MB | 0.2/1.1 MB | 323/636 kB
2026.10.04 22:53:15 INFO  Progress (5): 1.5/6.3 MB | 0.5/12 MB | 0.5/2.6 MB | 0.2/1.1 MB | 323/636 kB
2026.10.04 22:53:15 INFO  Progress (5): 1.5/6.3 MB | 0.5/12 MB | 0.5/2.6 MB | 0.2/1.1 MB | 323/636 kB
2026.10.04 22:53:15 INFO  Progress (5): 1.5/6.3 MB | 0.5/12 MB | 0.5/2.6 MB | 0.2/1.1 MB | 323/636 kB
2026.10.04 22:53:15 INFO  Progress (5): 1.5/6.3 MB | 0.5/12 MB | 0.5/2.6 MB | 0.2/1.1 MB | 323/636 kB
2026.10.04 22:53:15 INFO  Progress (5): 1.5/6.3 MB | 0.5/12 MB | 0.5/2.6 MB | 0.2/1.1 MB | 323/636 kB
2026.10.04 22:53:15 INFO  Progress (5): 1.5/6.3 MB | 0.5/12 MB | 0.5/2.6 MB | 0.3/1.1 MB | 323/636 kB
2026.10.04 22:53:15 INFO  Progress (5): 1.5/6.3 MB | 0.5/12 MB | 0.6/2.6 MB | 0.3/1.1 MB | 323/636 kB
2026.10.04 22:53:15 INFO  Progress (5): 1.5/6.3 MB | 0.5/12 MB | 0.6/2.6 MB | 0.3/1.1 MB | 323/636 kB
2026.10.04 22:53:15 INFO  Progress (5): 1.5/6.3 MB | 0.5/12 MB | 0.6/2.6 MB | 0.3/1.1 MB | 323/636 kB
2026.10.04 22:53:15 INFO  Progress (5): 1.5/6.3 MB | 0.5/12 MB | 0.6/2.6 MB | 0.3/1.1 MB | 323/636 kB
2026.10.04 22:53:15 INFO  Progress (5): 1.5/6.3 MB | 0.5/12 MB | 0.6/2.6 MB | 0.3/1.1 MB | 323/636 kB
2026.10.04 22:53:15 INFO  Progress (5): 1.5/6.3 MB | 0.5/12 MB | 0.6/2.6 MB | 0.3/1.1 MB | 323/636 kB
2026.10.04 22:53:15 INFO  Progress (5): 1.5/6.3 MB | 0.5/12 MB | 0.6/2.6 MB | 0.3/1.1 MB | 323/636 kB
2026.10.04 22:53:15 INFO  Progress (5): 1.5/6.3 MB | 0.5/12 MB | 0.6/2.6 MB | 0.3/1.1 MB | 323/636 kB
2026.10.04 22:53:15 INFO  Progress (5): 1.5/6.3 MB | 0.5/12 MB | 0.6/2.6 MB | 0.3/1.1 MB | 323/636 kB
2026.10.04 22:53:15 INFO  Progress (5): 1.5/6.3 MB | 0.5/12 MB | 0.6/2.6 MB | 0.4/1.1 MB | 323/636 kB
2026.10.04 22:53:15 INFO  Progress (5): 1.5/6.3 MB | 0.5/12 MB | 0.6/2.6 MB | 0.4/1.1 MB | 323/636 kB
2026.10.04 22:53:15 INFO  Progress (5): 1.5/6.3 MB | 0.5/12 MB | 0.6/2.6 MB | 0.4/1.1 MB | 323/636 kB
2026.10.04 22:53:15 INFO  Progress (5): 1.5/6.3 MB | 0.5/12 MB | 0.6/2.6 MB | 0.4/1.1 MB | 323/636 kB
2026.10.04 22:53:15 INFO  Progress (5): 1.5/6.3 MB | 0.5/12 MB | 0.6/2.6 MB | 0.4/1.1 MB | 323/636 kB
2026.10.04 22:53:15 INFO  Progress (5): 1.5/6.3 MB | 0.5/12 MB | 0.6/2.6 MB | 0.4/1.1 MB | 323/636 kB
2026.10.04 22:53:15 INFO  Progress (5): 1.6/6.3 MB | 0.5/12 MB | 0.6/2.6 MB | 0.4/1.1 MB | 323/636 kB
2026.10.04 22:53:15 INFO  Progress (5): 1.6/6.3 MB | 0.5/12 MB | 0.6/2.6 MB | 0.4/1.1 MB | 323/636 kB
2026.10.04 22:53:15 INFO  Progress (5): 1.6/6.3 MB | 0.5/12 MB | 0.6/2.6 MB | 0.4/1.1 MB | 323/636 kB
2026.10.04 22:53:15 INFO  Progress (5): 1.6/6.3 MB | 0.5/12 MB | 0.6/2.6 MB | 0.5/1.1 MB | 323/636 kB
2026.10.04 22:53:15 INFO  Progress (5): 1.6/6.3 MB | 0.5/12 MB | 0.6/2.6 MB | 0.5/1.1 MB | 323/636 kB
2026.10.04 22:53:15 INFO  Progress (5): 1.6/6.3 MB | 0.5/12 MB | 0.6/2.6 MB | 0.5/1.1 MB | 323/636 kB
2026.10.04 22:53:15 INFO  Progress (5): 1.6/6.3 MB | 0.5/12 MB | 0.6/2.6 MB | 0.5/1.1 MB | 339/636 kB
2026.10.04 22:53:15 INFO  Progress (5): 1.6/6.3 MB | 0.5/12 MB | 0.6/2.6 MB | 0.5/1.1 MB | 355/636 kB
2026.10.04 22:53:15 INFO  Progress (5): 1.6/6.3 MB | 0.5/12 MB | 0.6/2.6 MB | 0.5/1.1 MB | 355/636 kB
2026.10.04 22:53:15 INFO  Progress (5): 1.6/6.3 MB | 0.5/12 MB | 0.6/2.6 MB | 0.5/1.1 MB | 355/636 kB
2026.10.04 22:53:15 INFO  Progress (5): 1.6/6.3 MB | 0.5/12 MB | 0.6/2.6 MB | 0.5/1.1 MB | 355/636 kB
2026.10.04 22:53:15 INFO  Progress (5): 1.6/6.3 MB | 0.5/12 MB | 0.6/2.6 MB | 0.5/1.1 MB | 355/636 kB
2026.10.04 22:53:15 INFO  Progress (5): 1.6/6.3 MB | 0.5/12 MB | 0.7/2.6 MB | 0.5/1.1 MB | 355/636 kB
2026.10.04 22:53:15 INFO  Progress (5): 1.6/6.3 MB | 0.5/12 MB | 0.7/2.6 MB | 0.5/1.1 MB | 355/636 kB
2026.10.04 22:53:15 INFO  Progress (5): 1.6/6.3 MB | 0.5/12 MB | 0.7/2.6 MB | 0.5/1.1 MB | 355/636 kB
2026.10.04 22:53:15 INFO  Progress (5): 1.6/6.3 MB | 0.5/12 MB | 0.7/2.6 MB | 0.5/1.1 MB | 355/636 kB
2026.10.04 22:53:15 INFO  Progress (5): 1.6/6.3 MB | 0.5/12 MB | 0.7/2.6 MB | 0.5/1.1 MB | 355/636 kB
2026.10.04 22:53:15 INFO  Progress (5): 1.6/6.3 MB | 0.5/12 MB | 0.7/2.6 MB | 0.5/1.1 MB | 355/636 kB
2026.10.04 22:53:15 INFO  Progress (5): 1.6/6.3 MB | 0.5/12 MB | 0.7/2.6 MB | 0.5/1.1 MB | 355/636 kB
2026.10.04 22:53:15 INFO  Progress (5): 1.6/6.3 MB | 0.5/12 MB | 0.7/2.6 MB | 0.5/1.1 MB | 355/636 kB
2026.10.04 22:53:15 INFO  Progress (5): 1.6/6.3 MB | 0.5/12 MB | 0.7/2.6 MB | 0.5/1.1 MB | 355/636 kB
2026.10.04 22:53:15 INFO  Progress (5): 1.6/6.3 MB | 0.5/12 MB | 0.7/2.6 MB | 0.5/1.1 MB | 355/636 kB
2026.10.04 22:53:15 INFO  Progress (5): 1.6/6.3 MB | 0.5/12 MB | 0.7/2.6 MB | 0.5/1.1 MB | 355/636 kB
2026.10.04 22:53:15 INFO  Progress (5): 1.6/6.3 MB | 0.6/12 MB | 0.7/2.6 MB | 0.5/1.1 MB | 355/636 kB
2026.10.04 22:53:15 INFO  Progress (5): 1.6/6.3 MB | 0.6/12 MB | 0.7/2.6 MB | 0.5/1.1 MB | 355/636 kB
2026.10.04 22:53:15 INFO  Progress (5): 1.6/6.3 MB | 0.6/12 MB | 0.7/2.6 MB | 0.5/1.1 MB | 355/636 kB
2026.10.04 22:53:15 INFO  Progress (5): 1.6/6.3 MB | 0.6/12 MB | 0.7/2.6 MB | 0.5/1.1 MB | 355/636 kB
2026.10.04 22:53:15 INFO  Progress (5): 1.6/6.3 MB | 0.6/12 MB | 0.7/2.6 MB | 0.5/1.1 MB | 355/636 kB
2026.10.04 22:53:15 INFO  Progress (5): 1.6/6.3 MB | 0.6/12 MB | 0.7/2.6 MB | 0.5/1.1 MB | 355/636 kB
2026.10.04 22:53:15 INFO  Progress (5): 1.7/6.3 MB | 0.6/12 MB | 0.7/2.6 MB | 0.5/1.1 MB | 355/636 kB
2026.10.04 22:53:15 INFO  Progress (5): 1.7/6.3 MB | 0.6/12 MB | 0.7/2.6 MB | 0.5/1.1 MB | 355/636 kB
2026.10.04 22:53:15 INFO  Progress (5): 1.7/6.3 MB | 0.6/12 MB | 0.7/2.6 MB | 0.5/1.1 MB | 355/636 kB
2026.10.04 22:53:15 INFO  Progress (5): 1.7/6.3 MB | 0.6/12 MB | 0.7/2.6 MB | 0.5/1.1 MB | 355/636 kB
2026.10.04 22:53:15 INFO  Progress (5): 1.7/6.3 MB | 0.6/12 MB | 0.7/2.6 MB | 0.5/1.1 MB | 355/636 kB
2026.10.04 22:53:15 INFO  Progress (5): 1.7/6.3 MB | 0.6/12 MB | 0.7/2.6 MB | 0.5/1.1 MB | 355/636 kB
2026.10.04 22:53:15 INFO  Progress (5): 1.7/6.3 MB | 0.6/12 MB | 0.7/2.6 MB | 0.5/1.1 MB | 355/636 kB
2026.10.04 22:53:15 INFO  Progress (5): 1.7/6.3 MB | 0.6/12 MB | 0.7/2.6 MB | 0.5/1.1 MB | 355/636 kB
2026.10.04 22:53:15 INFO  Progress (5): 1.7/6.3 MB | 0.6/12 MB | 0.7/2.6 MB | 0.5/1.1 MB | 355/636 kB
2026.10.04 22:53:15 INFO  Progress (5): 1.7/6.3 MB | 0.6/12 MB | 0.7/2.6 MB | 0.5/1.1 MB | 355/636 kB
2026.10.04 22:53:15 INFO  Progress (5): 1.7/6.3 MB | 0.6/12 MB | 0.7/2.6 MB | 0.5/1.1 MB | 355/636 kB
2026.10.04 22:53:15 INFO  Progress (5): 1.7/6.3 MB | 0.6/12 MB | 0.7/2.6 MB | 0.5/1.1 MB | 355/636 kB
2026.10.04 22:53:15 INFO  Progress (5): 1.7/6.3 MB | 0.6/12 MB | 0.7/2.6 MB | 0.5/1.1 MB | 355/636 kB
2026.10.04 22:53:15 INFO  Progress (5): 1.7/6.3 MB | 0.6/12 MB | 0.7/2.6 MB | 0.5/1.1 MB | 355/636 kB
2026.10.04 22:53:15 INFO  Progress (5): 1.7/6.3 MB | 0.6/12 MB | 0.8/2.6 MB | 0.5/1.1 MB | 355/636 kB
2026.10.04 22:53:15 INFO  Progress (5): 1.8/6.3 MB | 0.6/12 MB | 0.8/2.6 MB | 0.5/1.1 MB | 355/636 kB
2026.10.04 22:53:15 INFO  Progress (5): 1.8/6.3 MB | 0.6/12 MB | 0.8/2.6 MB | 0.5/1.1 MB | 355/636 kB
2026.10.04 22:53:15 INFO  Progress (5): 1.8/6.3 MB | 0.6/12 MB | 0.8/2.6 MB | 0.5/1.1 MB | 355/636 kB
2026.10.04 22:53:15 INFO  Progress (5): 1.8/6.3 MB | 0.6/12 MB | 0.8/2.6 MB | 0.5/1.1 MB | 355/636 kB
2026.10.04 22:53:15 INFO  Progress (5): 1.8/6.3 MB | 0.6/12 MB | 0.8/2.6 MB | 0.6/1.1 MB | 355/636 kB
2026.10.04 22:53:15 INFO  Progress (5): 1.8/6.3 MB | 0.6/12 MB | 0.8/2.6 MB | 0.6/1.1 MB | 355/636 kB
2026.10.04 22:53:15 INFO  Progress (5): 1.8/6.3 MB | 0.6/12 MB | 0.8/2.6 MB | 0.6/1.1 MB | 355/636 kB
2026.10.04 22:53:15 INFO  Progress (5): 1.8/6.3 MB | 0.6/12 MB | 0.8/2.6 MB | 0.6/1.1 MB | 355/636 kB
2026.10.04 22:53:15 INFO  Progress (5): 1.8/6.3 MB | 0.6/12 MB | 0.8/2.6 MB | 0.6/1.1 MB | 355/636 kB
2026.10.04 22:53:15 INFO  Progress (5): 1.8/6.3 MB | 0.6/12 MB | 0.8/2.6 MB | 0.6/1.1 MB | 355/636 kB
2026.10.04 22:53:15 INFO  Progress (5): 1.8/6.3 MB | 0.6/12 MB | 0.8/2.6 MB | 0.6/1.1 MB | 355/636 kB
2026.10.04 22:53:15 INFO  Progress (5): 1.8/6.3 MB | 0.6/12 MB | 0.8/2.6 MB | 0.6/1.1 MB | 355/636 kB
2026.10.04 22:53:15 INFO  Progress (5): 1.9/6.3 MB | 0.6/12 MB | 0.8/2.6 MB | 0.6/1.1 MB | 355/636 kB
2026.10.04 22:53:15 INFO  Progress (5): 1.9/6.3 MB | 0.6/12 MB | 0.8/2.6 MB | 0.6/1.1 MB | 355/636 kB
2026.10.04 22:53:15 INFO  Progress (5): 1.9/6.3 MB | 0.6/12 MB | 0.8/2.6 MB | 0.7/1.1 MB | 355/636 kB
2026.10.04 22:53:15 INFO  Progress (5): 1.9/6.3 MB | 0.6/12 MB | 0.8/2.6 MB | 0.7/1.1 MB | 355/636 kB
2026.10.04 22:53:15 INFO  Progress (5): 1.9/6.3 MB | 0.6/12 MB | 0.8/2.6 MB | 0.7/1.1 MB | 355/636 kB
2026.10.04 22:53:15 INFO  Progress (5): 1.9/6.3 MB | 0.6/12 MB | 0.8/2.6 MB | 0.7/1.1 MB | 355/636 kB
2026.10.04 22:53:15 INFO  Progress (5): 1.9/6.3 MB | 0.6/12 MB | 0.8/2.6 MB | 0.7/1.1 MB | 355/636 kB
2026.10.04 22:53:15 INFO  Progress (5): 1.9/6.3 MB | 0.7/12 MB | 0.8/2.6 MB | 0.7/1.1 MB | 355/636 kB
2026.10.04 22:53:15 INFO  Progress (5): 1.9/6.3 MB | 0.7/12 MB | 0.8/2.6 MB | 0.7/1.1 MB | 355/636 kB
2026.10.04 22:53:15 INFO  Progress (5): 1.9/6.3 MB | 0.7/12 MB | 0.8/2.6 MB | 0.7/1.1 MB | 355/636 kB
2026.10.04 22:53:15 INFO  Progress (5): 1.9/6.3 MB | 0.7/12 MB | 0.8/2.6 MB | 0.7/1.1 MB | 355/636 kB
2026.10.04 22:53:15 INFO  Progress (5): 1.9/6.3 MB | 0.7/12 MB | 0.8/2.6 MB | 0.7/1.1 MB | 355/636 kB
2026.10.04 22:53:15 INFO  Progress (5): 1.9/6.3 MB | 0.7/12 MB | 0.8/2.6 MB | 0.7/1.1 MB | 355/636 kB
2026.10.04 22:53:15 INFO  Progress (5): 1.9/6.3 MB | 0.7/12 MB | 0.8/2.6 MB | 0.7/1.1 MB | 355/636 kB
2026.10.04 22:53:15 INFO  Progress (5): 1.9/6.3 MB | 0.7/12 MB | 0.8/2.6 MB | 0.7/1.1 MB | 355/636 kB
2026.10.04 22:53:15 INFO  Progress (5): 1.9/6.3 MB | 0.7/12 MB | 0.8/2.6 MB | 0.8/1.1 MB | 355/636 kB
2026.10.04 22:53:15 INFO  Progress (5): 1.9/6.3 MB | 0.7/12 MB | 0.8/2.6 MB | 0.8/1.1 MB | 355/636 kB
2026.10.04 22:53:15 INFO  Progress (5): 1.9/6.3 MB | 0.7/12 MB | 0.8/2.6 MB | 0.8/1.1 MB | 355/636 kB
2026.10.04 22:53:15 INFO  Progress (5): 1.9/6.3 MB | 0.8/12 MB | 0.8/2.6 MB | 0.8/1.1 MB | 355/636 kB
2026.10.04 22:53:15 INFO  Progress (5): 1.9/6.3 MB | 0.8/12 MB | 0.8/2.6 MB | 0.8/1.1 MB | 355/636 kB
2026.10.04 22:53:15 INFO  Progress (5): 1.9/6.3 MB | 0.8/12 MB | 0.8/2.6 MB | 0.8/1.1 MB | 355/636 kB
2026.10.04 22:53:15 INFO  Progress (5): 1.9/6.3 MB | 0.8/12 MB | 0.8/2.6 MB | 0.8/1.1 MB | 355/636 kB
2026.10.04 22:53:15 INFO  Progress (5): 1.9/6.3 MB | 0.8/12 MB | 0.8/2.6 MB | 0.8/1.1 MB | 355/636 kB
2026.10.04 22:53:15 INFO  Progress (5): 1.9/6.3 MB | 0.8/12 MB | 0.8/2.6 MB | 0.8/1.1 MB | 355/636 kB
2026.10.04 22:53:15 INFO  Progress (5): 1.9/6.3 MB | 0.8/12 MB | 0.8/2.6 MB | 0.8/1.1 MB | 355/636 kB
2026.10.04 22:53:15 INFO  Progress (5): 1.9/6.3 MB | 0.8/12 MB | 0.8/2.6 MB | 0.8/1.1 MB | 355/636 kB
2026.10.04 22:53:15 INFO  Progress (5): 1.9/6.3 MB | 0.8/12 MB | 0.8/2.6 MB | 0.8/1.1 MB | 355/636 kB
2026.10.04 22:53:15 INFO  Progress (5): 2.0/6.3 MB | 0.8/12 MB | 0.8/2.6 MB | 0.8/1.1 MB | 355/636 kB
2026.10.04 22:53:15 INFO  Progress (5): 2.0/6.3 MB | 0.8/12 MB | 0.8/2.6 MB | 0.8/1.1 MB | 355/636 kB
2026.10.04 22:53:15 INFO  Progress (5): 2.0/6.3 MB | 0.8/12 MB | 0.8/2.6 MB | 0.8/1.1 MB | 355/636 kB
2026.10.04 22:53:15 INFO  Progress (5): 2.0/6.3 MB | 0.8/12 MB | 0.8/2.6 MB | 0.8/1.1 MB | 355/636 kB
2026.10.04 22:53:15 INFO  Progress (5): 2.0/6.3 MB | 0.8/12 MB | 0.8/2.6 MB | 0.8/1.1 MB | 355/636 kB
2026.10.04 22:53:15 INFO  Progress (5): 2.0/6.3 MB | 0.8/12 MB | 0.8/2.6 MB | 0.8/1.1 MB | 355/636 kB
2026.10.04 22:53:15 INFO  Progress (5): 2.1/6.3 MB | 0.8/12 MB | 0.8/2.6 MB | 0.8/1.1 MB | 355/636 kB
2026.10.04 22:53:15 INFO  Progress (5): 2.1/6.3 MB | 0.8/12 MB | 0.8/2.6 MB | 0.8/1.1 MB | 355/636 kB
2026.10.04 22:53:15 INFO  Progress (5): 2.1/6.3 MB | 0.8/12 MB | 0.8/2.6 MB | 0.8/1.1 MB | 355/636 kB
2026.10.04 22:53:15 INFO  Progress (5): 2.1/6.3 MB | 0.8/12 MB | 0.8/2.6 MB | 0.8/1.1 MB | 355/636 kB
2026.10.04 22:53:15 INFO  Progress (5): 2.1/6.3 MB | 0.8/12 MB | 0.8/2.6 MB | 0.8/1.1 MB | 355/636 kB
2026.10.04 22:53:15 INFO  Progress (5): 2.1/6.3 MB | 0.8/12 MB | 0.8/2.6 MB | 0.8/1.1 MB | 355/636 kB
2026.10.04 22:53:15 INFO  Progress (5): 2.1/6.3 MB | 0.8/12 MB | 0.8/2.6 MB | 0.8/1.1 MB | 355/636 kB
2026.10.04 22:53:15 INFO  Progress (5): 2.1/6.3 MB | 0.8/12 MB | 0.8/2.6 MB | 0.8/1.1 MB | 355/636 kB
2026.10.04 22:53:15 INFO  Progress (5): 2.1/6.3 MB | 0.8/12 MB | 0.8/2.6 MB | 0.9/1.1 MB | 355/636 kB
2026.10.04 22:53:15 INFO  Progress (5): 2.1/6.3 MB | 0.8/12 MB | 0.8/2.6 MB | 0.9/1.1 MB | 355/636 kB
2026.10.04 22:53:15 INFO  Progress (5): 2.1/6.3 MB | 0.8/12 MB | 0.8/2.6 MB | 0.9/1.1 MB | 355/636 kB
2026.10.04 22:53:15 INFO  Progress (5): 2.1/6.3 MB | 0.8/12 MB | 0.9/2.6 MB | 0.9/1.1 MB | 355/636 kB
2026.10.04 22:53:15 INFO  Progress (5): 2.1/6.3 MB | 0.8/12 MB | 0.9/2.6 MB | 0.9/1.1 MB | 355/636 kB
2026.10.04 22:53:15 INFO  Progress (5): 2.1/6.3 MB | 0.8/12 MB | 0.9/2.6 MB | 0.9/1.1 MB | 355/636 kB
2026.10.04 22:53:15 INFO  Progress (5): 2.1/6.3 MB | 0.8/12 MB | 0.9/2.6 MB | 0.9/1.1 MB | 355/636 kB
2026.10.04 22:53:15 INFO  Progress (5): 2.1/6.3 MB | 0.8/12 MB | 0.9/2.6 MB | 0.9/1.1 MB | 355/636 kB
2026.10.04 22:53:15 INFO  Progress (5): 2.1/6.3 MB | 0.8/12 MB | 0.9/2.6 MB | 0.9/1.1 MB | 355/636 kB
2026.10.04 22:53:15 INFO  Progress (5): 2.1/6.3 MB | 0.8/12 MB | 1.0/2.6 MB | 0.9/1.1 MB | 355/636 kB
2026.10.04 22:53:15 INFO  Progress (5): 2.1/6.3 MB | 0.8/12 MB | 1.0/2.6 MB | 0.9/1.1 MB | 355/636 kB
2026.10.04 22:53:15 INFO  Progress (5): 2.1/6.3 MB | 0.8/12 MB | 1.0/2.6 MB | 0.9/1.1 MB | 355/636 kB
2026.10.04 22:53:15 INFO  Progress (5): 2.1/6.3 MB | 0.8/12 MB | 1.0/2.6 MB | 0.9/1.1 MB | 355/636 kB
2026.10.04 22:53:15 INFO  Progress (5): 2.1/6.3 MB | 0.8/12 MB | 1.0/2.6 MB | 0.9/1.1 MB | 355/636 kB
2026.10.04 22:53:15 INFO  Progress (5): 2.1/6.3 MB | 0.8/12 MB | 1.0/2.6 MB | 0.9/1.1 MB | 355/636 kB
2026.10.04 22:53:15 INFO  Progress (5): 2.1/6.3 MB | 0.8/12 MB | 1.0/2.6 MB | 0.9/1.1 MB | 355/636 kB
2026.10.04 22:53:15 INFO  Progress (5): 2.1/6.3 MB | 0.8/12 MB | 1.1/2.6 MB | 0.9/1.1 MB | 355/636 kB
2026.10.04 22:53:15 INFO  Progress (5): 2.1/6.3 MB | 0.8/12 MB | 1.1/2.6 MB | 0.9/1.1 MB | 355/636 kB
2026.10.04 22:53:15 INFO  Progress (5): 2.1/6.3 MB | 0.8/12 MB | 1.1/2.6 MB | 0.9/1.1 MB | 355/636 kB
2026.10.04 22:53:15 INFO  Progress (5): 2.1/6.3 MB | 0.8/12 MB | 1.1/2.6 MB | 0.9/1.1 MB | 355/636 kB
2026.10.04 22:53:15 INFO  Progress (5): 2.1/6.3 MB | 0.8/12 MB | 1.1/2.6 MB | 0.9/1.1 MB | 355/636 kB
2026.10.04 22:53:15 INFO  Progress (5): 2.1/6.3 MB | 0.8/12 MB | 1.1/2.6 MB | 0.9/1.1 MB | 355/636 kB
2026.10.04 22:53:15 INFO  Progress (5): 2.1/6.3 MB | 0.8/12 MB | 1.1/2.6 MB | 0.9/1.1 MB | 355/636 kB
2026.10.04 22:53:15 INFO  Progress (5): 2.1/6.3 MB | 0.9/12 MB | 1.1/2.6 MB | 0.9/1.1 MB | 355/636 kB
2026.10.04 22:53:15 INFO  Progress (5): 2.1/6.3 MB | 0.9/12 MB | 1.1/2.6 MB | 0.9/1.1 MB | 355/636 kB
2026.10.04 22:53:15 INFO  Progress (5): 2.1/6.3 MB | 0.9/12 MB | 1.1/2.6 MB | 0.9/1.1 MB | 355/636 kB
2026.10.04 22:53:15 INFO  Progress (5): 2.1/6.3 MB | 0.9/12 MB | 1.1/2.6 MB | 0.9/1.1 MB | 355/636 kB
2026.10.04 22:53:15 INFO  Progress (5): 2.1/6.3 MB | 0.9/12 MB | 1.1/2.6 MB | 0.9/1.1 MB | 355/636 kB
2026.10.04 22:53:15 INFO  Progress (5): 2.1/6.3 MB | 0.9/12 MB | 1.1/2.6 MB | 0.9/1.1 MB | 355/636 kB
2026.10.04 22:53:15 INFO  Progress (5): 2.1/6.3 MB | 0.9/12 MB | 1.1/2.6 MB | 0.9/1.1 MB | 355/636 kB
2026.10.04 22:53:15 INFO  Progress (5): 2.1/6.3 MB | 0.9/12 MB | 1.1/2.6 MB | 0.9/1.1 MB | 355/636 kB
2026.10.04 22:53:15 INFO  Progress (5): 2.1/6.3 MB | 0.9/12 MB | 1.1/2.6 MB | 0.9/1.1 MB | 355/636 kB
2026.10.04 22:53:15 INFO  Progress (5): 2.1/6.3 MB | 0.9/12 MB | 1.1/2.6 MB | 0.9/1.1 MB | 355/636 kB
2026.10.04 22:53:15 INFO  Progress (5): 2.1/6.3 MB | 0.9/12 MB | 1.2/2.6 MB | 0.9/1.1 MB | 355/636 kB
2026.10.04 22:53:15 INFO  Progress (5): 2.1/6.3 MB | 0.9/12 MB | 1.2/2.6 MB | 0.9/1.1 MB | 355/636 kB
2026.10.04 22:53:15 INFO  Progress (5): 2.1/6.3 MB | 0.9/12 MB | 1.2/2.6 MB | 0.9/1.1 MB | 355/636 kB
2026.10.04 22:53:15 INFO  Progress (5): 2.1/6.3 MB | 0.9/12 MB | 1.2/2.6 MB | 0.9/1.1 MB | 355/636 kB
2026.10.04 22:53:15 INFO  Progress (5): 2.1/6.3 MB | 0.9/12 MB | 1.2/2.6 MB | 0.9/1.1 MB | 355/636 kB
2026.10.04 22:53:15 INFO  Progress (5): 2.1/6.3 MB | 0.9/12 MB | 1.2/2.6 MB | 0.9/1.1 MB | 355/636 kB
2026.10.04 22:53:15 INFO  Progress (5): 2.1/6.3 MB | 0.9/12 MB | 1.2/2.6 MB | 0.9/1.1 MB | 355/636 kB
2026.10.04 22:53:15 INFO  Progress (5): 2.1/6.3 MB | 0.9/12 MB | 1.2/2.6 MB | 0.9/1.1 MB | 355/636 kB
2026.10.04 22:53:15 INFO  Progress (5): 2.1/6.3 MB | 0.9/12 MB | 1.2/2.6 MB | 1.0/1.1 MB | 355/636 kB
2026.10.04 22:53:15 INFO  Progress (5): 2.1/6.3 MB | 0.9/12 MB | 1.2/2.6 MB | 1.0/1.1 MB | 355/636 kB
2026.10.04 22:53:15 INFO  Progress (5): 2.1/6.3 MB | 0.9/12 MB | 1.2/2.6 MB | 1.0/1.1 MB | 355/636 kB
2026.10.04 22:53:15 INFO  Progress (5): 2.2/6.3 MB | 0.9/12 MB | 1.2/2.6 MB | 1.0/1.1 MB | 355/636 kB
2026.10.04 22:53:15 INFO  Progress (5): 2.2/6.3 MB | 0.9/12 MB | 1.2/2.6 MB | 1.0/1.1 MB | 355/636 kB
2026.10.04 22:53:15 INFO  Progress (5): 2.2/6.3 MB | 0.9/12 MB | 1.2/2.6 MB | 1.0/1.1 MB | 355/636 kB
2026.10.04 22:53:15 INFO  Progress (5): 2.2/6.3 MB | 0.9/12 MB | 1.2/2.6 MB | 1.0/1.1 MB | 355/636 kB
2026.10.04 22:53:15 INFO  Progress (5): 2.2/6.3 MB | 0.9/12 MB | 1.2/2.6 MB | 1.0/1.1 MB | 355/636 kB
2026.10.04 22:53:15 INFO  Progress (5): 2.2/6.3 MB | 0.9/12 MB | 1.2/2.6 MB | 1.0/1.1 MB | 355/636 kB
2026.10.04 22:53:15 INFO  Progress (5): 2.2/6.3 MB | 0.9/12 MB | 1.2/2.6 MB | 1.0/1.1 MB | 355/636 kB
2026.10.04 22:53:15 INFO  Progress (5): 2.3/6.3 MB | 0.9/12 MB | 1.2/2.6 MB | 1.0/1.1 MB | 355/636 kB
2026.10.04 22:53:15 INFO  Progress (5): 2.3/6.3 MB | 0.9/12 MB | 1.2/2.6 MB | 1.0/1.1 MB | 355/636 kB
2026.10.04 22:53:15 INFO  Progress (5): 2.3/6.3 MB | 0.9/12 MB | 1.2/2.6 MB | 1.0/1.1 MB | 355/636 kB
2026.10.04 22:53:15 INFO  Progress (5): 2.3/6.3 MB | 0.9/12 MB | 1.2/2.6 MB | 1.0/1.1 MB | 355/636 kB
2026.10.04 22:53:15 INFO  Progress (5): 2.3/6.3 MB | 1.0/12 MB | 1.2/2.6 MB | 1.0/1.1 MB | 355/636 kB
2026.10.04 22:53:15 INFO  Progress (5): 2.3/6.3 MB | 1.0/12 MB | 1.2/2.6 MB | 1.0/1.1 MB | 355/636 kB
2026.10.04 22:53:15 INFO  Progress (5): 2.3/6.3 MB | 1.0/12 MB | 1.2/2.6 MB | 1.0/1.1 MB | 355/636 kB
2026.10.04 22:53:15 INFO  Progress (5): 2.3/6.3 MB | 1.0/12 MB | 1.2/2.6 MB | 1.0/1.1 MB | 355/636 kB
2026.10.04 22:53:15 INFO  Progress (5): 2.3/6.3 MB | 1.0/12 MB | 1.2/2.6 MB | 1.0/1.1 MB | 355/636 kB
2026.10.04 22:53:15 INFO  Progress (5): 2.3/6.3 MB | 1.0/12 MB | 1.2/2.6 MB | 1.0/1.1 MB | 355/636 kB
2026.10.04 22:53:15 INFO  Progress (5): 2.3/6.3 MB | 1.0/12 MB | 1.3/2.6 MB | 1.0/1.1 MB | 355/636 kB
2026.10.04 22:53:15 INFO  Progress (5): 2.3/6.3 MB | 1.0/12 MB | 1.3/2.6 MB | 1.0/1.1 MB | 355/636 kB
2026.10.04 22:53:15 INFO  Progress (5): 2.3/6.3 MB | 1.0/12 MB | 1.3/2.6 MB | 1.0/1.1 MB | 355/636 kB
2026.10.04 22:53:15 INFO  Progress (5): 2.3/6.3 MB | 1.0/12 MB | 1.3/2.6 MB | 1.0/1.1 MB | 355/636 kB
2026.10.04 22:53:15 INFO  Progress (5): 2.3/6.3 MB | 1.1/12 MB | 1.3/2.6 MB | 1.0/1.1 MB | 355/636 kB
2026.10.04 22:53:15 INFO  Progress (5): 2.3/6.3 MB | 1.1/12 MB | 1.3/2.6 MB | 1.0/1.1 MB | 355/636 kB
2026.10.04 22:53:15 INFO  Progress (5): 2.3/6.3 MB | 1.1/12 MB | 1.3/2.6 MB | 1.0/1.1 MB | 355/636 kB
2026.10.04 22:53:15 INFO  Progress (5): 2.3/6.3 MB | 1.1/12 MB | 1.3/2.6 MB | 1.0/1.1 MB | 355/636 kB
2026.10.04 22:53:15 INFO  Progress (5): 2.3/6.3 MB | 1.1/12 MB | 1.3/2.6 MB | 1.0/1.1 MB | 355/636 kB
2026.10.04 22:53:15 INFO  Progress (5): 2.3/6.3 MB | 1.1/12 MB | 1.3/2.6 MB | 1.0/1.1 MB | 355/636 kB
2026.10.04 22:53:15 INFO  Progress (5): 2.3/6.3 MB | 1.1/12 MB | 1.3/2.6 MB | 1.0/1.1 MB | 355/636 kB
2026.10.04 22:53:15 INFO  Progress (5): 2.3/6.3 MB | 1.1/12 MB | 1.3/2.6 MB | 1.0/1.1 MB | 355/636 kB
2026.10.04 22:53:15 INFO  Progress (5): 2.3/6.3 MB | 1.1/12 MB | 1.3/2.6 MB | 1.0/1.1 MB | 355/636 kB
2026.10.04 22:53:15 INFO  Progress (5): 2.4/6.3 MB | 1.1/12 MB | 1.3/2.6 MB | 1.0/1.1 MB | 355/636 kB
2026.10.04 22:53:15 INFO  Progress (5): 2.4/6.3 MB | 1.1/12 MB | 1.3/2.6 MB | 1.1/1.1 MB | 355/636 kB
2026.10.04 22:53:15 INFO  Progress (5): 2.4/6.3 MB | 1.1/12 MB | 1.3/2.6 MB | 1.1/1.1 MB | 355/636 kB
2026.10.04 22:53:15 INFO  Progress (5): 2.4/6.3 MB | 1.1/12 MB | 1.3/2.6 MB | 1.1/1.1 MB | 355/636 kB
2026.10.04 22:53:15 INFO  Progress (5): 2.4/6.3 MB | 1.1/12 MB | 1.3/2.6 MB | 1.1/1.1 MB | 355/636 kB
2026.10.04 22:53:15 INFO  Progress (5): 2.4/6.3 MB | 1.1/12 MB | 1.3/2.6 MB | 1.1/1.1 MB | 355/636 kB
2026.10.04 22:53:15 INFO  Progress (5): 2.4/6.3 MB | 1.1/12 MB | 1.3/2.6 MB | 1.1/1.1 MB | 355/636 kB
2026.10.04 22:53:15 INFO  Progress (5): 2.4/6.3 MB | 1.1/12 MB | 1.3/2.6 MB | 1.1/1.1 MB | 355/636 kB
2026.10.04 22:53:15 INFO  Progress (5): 2.4/6.3 MB | 1.1/12 MB | 1.3/2.6 MB | 1.1/1.1 MB | 355/636 kB
2026.10.04 22:53:15 INFO  Progress (5): 2.4/6.3 MB | 1.1/12 MB | 1.3/2.6 MB | 1.1/1.1 MB | 355/636 kB
2026.10.04 22:53:15 INFO  Progress (5): 2.4/6.3 MB | 1.1/12 MB | 1.3/2.6 MB | 1.1/1.1 MB | 355/636 kB
2026.10.04 22:53:15 INFO  Progress (5): 2.4/6.3 MB | 1.1/12 MB | 1.3/2.6 MB | 1.1/1.1 MB | 355/636 kB
2026.10.04 22:53:15 INFO  Progress (5): 2.4/6.3 MB | 1.1/12 MB | 1.3/2.6 MB | 1.1 MB | 355/636 kB    
2026.10.04 22:53:15 INFO  Progress (5): 2.5/6.3 MB | 1.1/12 MB | 1.3/2.6 MB | 1.1 MB | 355/636 kB
2026.10.04 22:53:15 INFO  Progress (5): 2.5/6.3 MB | 1.1/12 MB | 1.3/2.6 MB | 1.1 MB | 355/636 kB
2026.10.04 22:53:15 INFO  Progress (5): 2.5/6.3 MB | 1.1/12 MB | 1.3/2.6 MB | 1.1 MB | 355/636 kB
2026.10.04 22:53:15 INFO  Progress (5): 2.5/6.3 MB | 1.1/12 MB | 1.3/2.6 MB | 1.1 MB | 355/636 kB
2026.10.04 22:53:15 INFO  Progress (5): 2.5/6.3 MB | 1.1/12 MB | 1.3/2.6 MB | 1.1 MB | 355/636 kB
2026.10.04 22:53:15 INFO  Progress (5): 2.5/6.3 MB | 1.1/12 MB | 1.3/2.6 MB | 1.1 MB | 355/636 kB
2026.10.04 22:53:15 INFO  Progress (5): 2.5/6.3 MB | 1.1/12 MB | 1.3/2.6 MB | 1.1 MB | 355/636 kB
2026.10.04 22:53:15 INFO  Progress (5): 2.5/6.3 MB | 1.1/12 MB | 1.3/2.6 MB | 1.1 MB | 355/636 kB
2026.10.04 22:53:15 INFO  Progress (5): 2.5/6.3 MB | 1.1/12 MB | 1.3/2.6 MB | 1.1 MB | 372/636 kB
2026.10.04 22:53:15 INFO  Progress (5): 2.5/6.3 MB | 1.1/12 MB | 1.3/2.6 MB | 1.1 MB | 388/636 kB
2026.10.04 22:53:15 INFO  Progress (5): 2.5/6.3 MB | 1.1/12 MB | 1.3/2.6 MB | 1.1 MB | 405/636 kB
2026.10.04 22:53:15 INFO  Progress (5): 2.5/6.3 MB | 1.1/12 MB | 1.3/2.6 MB | 1.1 MB | 421/636 kB
2026.10.04 22:53:15 INFO  Progress (5): 2.5/6.3 MB | 1.1/12 MB | 1.3/2.6 MB | 1.1 MB | 437/636 kB
2026.10.04 22:53:15 INFO  Progress (5): 2.5/6.3 MB | 1.1/12 MB | 1.3/2.6 MB | 1.1 MB | 454/636 kB
2026.10.04 22:53:15 INFO  Progress (5): 2.5/6.3 MB | 1.1/12 MB | 1.3/2.6 MB | 1.1 MB | 470/636 kB
2026.10.04 22:53:15 INFO  Progress (5): 2.5/6.3 MB | 1.1/12 MB | 1.3/2.6 MB | 1.1 MB | 487/636 kB
2026.10.04 22:53:15 INFO  Progress (5): 2.5/6.3 MB | 1.1/12 MB | 1.3/2.6 MB | 1.1 MB | 503/636 kB
2026.10.04 22:53:15 INFO  Progress (5): 2.5/6.3 MB | 1.1/12 MB | 1.3/2.6 MB | 1.1 MB | 519/636 kB
2026.10.04 22:53:15 INFO  Progress (5): 2.5/6.3 MB | 1.1/12 MB | 1.3/2.6 MB | 1.1 MB | 536/636 kB
2026.10.04 22:53:15 INFO  Progress (5): 2.5/6.3 MB | 1.1/12 MB | 1.3/2.6 MB | 1.1 MB | 552/636 kB
2026.10.04 22:53:15 INFO  Progress (5): 2.5/6.3 MB | 1.1/12 MB | 1.3/2.6 MB | 1.1 MB | 568/636 kB
2026.10.04 22:53:15 INFO  Progress (5): 2.5/6.3 MB | 1.1/12 MB | 1.3/2.6 MB | 1.1 MB | 585/636 kB
2026.10.04 22:53:15 INFO  Progress (5): 2.5/6.3 MB | 1.1/12 MB | 1.3/2.6 MB | 1.1 MB | 601/636 kB
2026.10.04 22:53:15 INFO                                                                         
2026.10.04 22:53:15 INFO  Downloaded from central: https://repo.maven.apache.org/maven2/org/scala-lang/modules/scala-parallel-collections_2.13/0.2.0/scala-parallel-collections_2.13-0.2.0.jar (1.1 MB at 734 kB/s)
2026.10.04 22:53:15 INFO  Downloading from central: https://repo.maven.apache.org/maven2/com/swoval/file-tree-views/2.1.9/file-tree-views-2.1.9.jar
2026.10.04 22:53:15 INFO  Progress (4): 2.5/6.3 MB | 1.1/12 MB | 1.3/2.6 MB | 601/636 kB
2026.10.04 22:53:15 INFO  Progress (4): 2.5/6.3 MB | 1.1/12 MB | 1.3/2.6 MB | 601/636 kB
2026.10.04 22:53:15 INFO  Progress (4): 2.6/6.3 MB | 1.1/12 MB | 1.3/2.6 MB | 601/636 kB
2026.10.04 22:53:15 INFO  Progress (4): 2.6/6.3 MB | 1.1/12 MB | 1.3/2.6 MB | 601/636 kB
2026.10.04 22:53:15 INFO  Progress (4): 2.6/6.3 MB | 1.1/12 MB | 1.3/2.6 MB | 601/636 kB
2026.10.04 22:53:15 INFO  Progress (4): 2.6/6.3 MB | 1.1/12 MB | 1.4/2.6 MB | 601/636 kB
2026.10.04 22:53:15 INFO  Progress (4): 2.6/6.3 MB | 1.1/12 MB | 1.4/2.6 MB | 601/636 kB
2026.10.04 22:53:15 INFO  Progress (4): 2.6/6.3 MB | 1.1/12 MB | 1.4/2.6 MB | 601/636 kB
2026.10.04 22:53:15 INFO  Progress (4): 2.6/6.3 MB | 1.1/12 MB | 1.4/2.6 MB | 601/636 kB
2026.10.04 22:53:15 INFO  Progress (4): 2.6/6.3 MB | 1.2/12 MB | 1.4/2.6 MB | 601/636 kB
2026.10.04 22:53:15 INFO  Progress (4): 2.6/6.3 MB | 1.2/12 MB | 1.4/2.6 MB | 601/636 kB
2026.10.04 22:53:15 INFO  Progress (4): 2.6/6.3 MB | 1.2/12 MB | 1.4/2.6 MB | 618/636 kB
2026.10.04 22:53:15 INFO  Progress (4): 2.6/6.3 MB | 1.2/12 MB | 1.4/2.6 MB | 618/636 kB
2026.10.04 22:53:15 INFO  Progress (4): 2.6/6.3 MB | 1.2/12 MB | 1.4/2.6 MB | 634/636 kB
2026.10.04 22:53:15 INFO  Progress (4): 2.6/6.3 MB | 1.2/12 MB | 1.4/2.6 MB | 636 kB    
2026.10.04 22:53:15 INFO  Progress (4): 2.6/6.3 MB | 1.2/12 MB | 1.4/2.6 MB | 636 kB
2026.10.04 22:53:15 INFO                                                            
2026.10.04 22:53:15 INFO  Downloaded from central: https://repo.maven.apache.org/maven2/org/scala-sbt/io_2.13/1.8.0/io_2.13-1.8.0.jar (636 kB at 410 kB/s)
2026.10.04 22:53:15 INFO  Downloading from central: https://repo.maven.apache.org/maven2/net/java/dev/jna/jna/5.12.0/jna-5.12.0.jar
2026.10.04 22:53:15 INFO  Progress (3): 2.6/6.3 MB | 1.2/12 MB | 1.4/2.6 MB
2026.10.04 22:53:15 INFO  Progress (3): 2.6/6.3 MB | 1.2/12 MB | 1.4/2.6 MB
2026.10.04 22:53:15 INFO  Progress (3): 2.7/6.3 MB | 1.2/12 MB | 1.4/2.6 MB
2026.10.04 22:53:15 INFO  Progress (3): 2.7/6.3 MB | 1.2/12 MB | 1.4/2.6 MB
2026.10.04 22:53:15 INFO  Progress (3): 2.7/6.3 MB | 1.2/12 MB | 1.4/2.6 MB
2026.10.04 22:53:15 INFO  Progress (3): 2.7/6.3 MB | 1.2/12 MB | 1.4/2.6 MB
2026.10.04 22:53:15 INFO  Progress (3): 2.7/6.3 MB | 1.2/12 MB | 1.4/2.6 MB
2026.10.04 22:53:15 INFO  Progress (3): 2.7/6.3 MB | 1.2/12 MB | 1.4/2.6 MB
2026.10.04 22:53:15 INFO  Progress (3): 2.7/6.3 MB | 1.2/12 MB | 1.4/2.6 MB
2026.10.04 22:53:15 INFO  Progress (3): 2.7/6.3 MB | 1.2/12 MB | 1.4/2.6 MB
2026.10.04 22:53:15 INFO  Progress (3): 2.7/6.3 MB | 1.2/12 MB | 1.4/2.6 MB
2026.10.04 22:53:15 INFO  Progress (3): 2.7/6.3 MB | 1.2/12 MB | 1.4/2.6 MB
2026.10.04 22:53:15 INFO  Progress (3): 2.7/6.3 MB | 1.2/12 MB | 1.4/2.6 MB
2026.10.04 22:53:15 INFO  Progress (3): 2.7/6.3 MB | 1.2/12 MB | 1.4/2.6 MB
2026.10.04 22:53:15 INFO  Progress (3): 2.7/6.3 MB | 1.2/12 MB | 1.4/2.6 MB
2026.10.04 22:53:15 INFO  Progress (3): 2.7/6.3 MB | 1.2/12 MB | 1.4/2.6 MB
2026.10.04 22:53:15 INFO  Progress (3): 2.8/6.3 MB | 1.2/12 MB | 1.4/2.6 MB
2026.10.04 22:53:15 INFO  Progress (3): 2.8/6.3 MB | 1.2/12 MB | 1.4/2.6 MB
2026.10.04 22:53:15 INFO  Progress (3): 2.8/6.3 MB | 1.2/12 MB | 1.5/2.6 MB
2026.10.04 22:53:15 INFO  Progress (3): 2.8/6.3 MB | 1.2/12 MB | 1.5/2.6 MB
2026.10.04 22:53:15 INFO  Progress (3): 2.8/6.3 MB | 1.3/12 MB | 1.5/2.6 MB
2026.10.04 22:53:15 INFO  Progress (4): 2.8/6.3 MB | 1.3/12 MB | 1.5/2.6 MB | 7.7/229 kB
2026.10.04 22:53:15 INFO  Progress (4): 2.8/6.3 MB | 1.3/12 MB | 1.5/2.6 MB | 11/229 kB 
2026.10.04 22:53:15 INFO  Progress (4): 2.8/6.3 MB | 1.3/12 MB | 1.5/2.6 MB | 11/229 kB
2026.10.04 22:53:15 INFO  Progress (4): 2.8/6.3 MB | 1.3/12 MB | 1.5/2.6 MB | 11/229 kB
2026.10.04 22:53:15 INFO  Progress (4): 2.8/6.3 MB | 1.3/12 MB | 1.5/2.6 MB | 28/229 kB
2026.10.04 22:53:15 INFO  Progress (4): 2.8/6.3 MB | 1.3/12 MB | 1.5/2.6 MB | 44/229 kB
2026.10.04 22:53:16 INFO  Progress (5): 2.8/6.3 MB | 1.3/12 MB | 1.5/2.6 MB | 44/229 kB | 0/1.9 MB
2026.10.04 22:53:16 INFO  Progress (5): 2.8/6.3 MB | 1.3/12 MB | 1.5/2.6 MB | 44/229 kB | 0/1.9 MB
2026.10.04 22:53:16 INFO  Progress (5): 2.8/6.3 MB | 1.3/12 MB | 1.5/2.6 MB | 44/229 kB | 0/1.9 MB
2026.10.04 22:53:16 INFO  Progress (5): 2.8/6.3 MB | 1.3/12 MB | 1.5/2.6 MB | 44/229 kB | 0/1.9 MB
2026.10.04 22:53:16 INFO  Progress (5): 2.8/6.3 MB | 1.3/12 MB | 1.5/2.6 MB | 44/229 kB | 0/1.9 MB
2026.10.04 22:53:16 INFO  Progress (5): 2.8/6.3 MB | 1.3/12 MB | 1.5/2.6 MB | 44/229 kB | 0/1.9 MB
2026.10.04 22:53:16 INFO  Progress (5): 2.8/6.3 MB | 1.3/12 MB | 1.5/2.6 MB | 44/229 kB | 0.1/1.9 MB
2026.10.04 22:53:16 INFO  Progress (5): 2.8/6.3 MB | 1.3/12 MB | 1.5/2.6 MB | 44/229 kB | 0.1/1.9 MB
2026.10.04 22:53:16 INFO  Progress (5): 2.8/6.3 MB | 1.3/12 MB | 1.5/2.6 MB | 60/229 kB | 0.1/1.9 MB
2026.10.04 22:53:16 INFO  Progress (5): 2.8/6.3 MB | 1.3/12 MB | 1.5/2.6 MB | 60/229 kB | 0.1/1.9 MB
2026.10.04 22:53:16 INFO  Progress (5): 2.9/6.3 MB | 1.3/12 MB | 1.5/2.6 MB | 60/229 kB | 0.1/1.9 MB
2026.10.04 22:53:16 INFO  Progress (5): 2.9/6.3 MB | 1.3/12 MB | 1.5/2.6 MB | 60/229 kB | 0.1/1.9 MB
2026.10.04 22:53:16 INFO  Progress (5): 2.9/6.3 MB | 1.3/12 MB | 1.5/2.6 MB | 60/229 kB | 0.1/1.9 MB
2026.10.04 22:53:16 INFO  Progress (5): 2.9/6.3 MB | 1.3/12 MB | 1.5/2.6 MB | 77/229 kB | 0.1/1.9 MB
2026.10.04 22:53:16 INFO  Progress (5): 2.9/6.3 MB | 1.3/12 MB | 1.5/2.6 MB | 93/229 kB | 0.1/1.9 MB
2026.10.04 22:53:16 INFO  Progress (5): 2.9/6.3 MB | 1.3/12 MB | 1.5/2.6 MB | 110/229 kB | 0.1/1.9 MB
2026.10.04 22:53:16 INFO  Progress (5): 2.9/6.3 MB | 1.3/12 MB | 1.5/2.6 MB | 110/229 kB | 0.1/1.9 MB
2026.10.04 22:53:16 INFO  Progress (5): 2.9/6.3 MB | 1.3/12 MB | 1.5/2.6 MB | 110/229 kB | 0.1/1.9 MB
2026.10.04 22:53:16 INFO  Progress (5): 2.9/6.3 MB | 1.3/12 MB | 1.5/2.6 MB | 110/229 kB | 0.1/1.9 MB
2026.10.04 22:53:16 INFO  Progress (5): 2.9/6.3 MB | 1.3/12 MB | 1.5/2.6 MB | 110/229 kB | 0.1/1.9 MB
2026.10.04 22:53:16 INFO  Progress (5): 2.9/6.3 MB | 1.3/12 MB | 1.5/2.6 MB | 110/229 kB | 0.1/1.9 MB
2026.10.04 22:53:16 INFO  Progress (5): 2.9/6.3 MB | 1.3/12 MB | 1.5/2.6 MB | 126/229 kB | 0.1/1.9 MB
2026.10.04 22:53:16 INFO  Progress (5): 2.9/6.3 MB | 1.3/12 MB | 1.5/2.6 MB | 126/229 kB | 0.1/1.9 MB
2026.10.04 22:53:16 INFO  Progress (5): 2.9/6.3 MB | 1.3/12 MB | 1.5/2.6 MB | 142/229 kB | 0.1/1.9 MB
2026.10.04 22:53:16 INFO  Progress (5): 2.9/6.3 MB | 1.3/12 MB | 1.5/2.6 MB | 142/229 kB | 0.1/1.9 MB
2026.10.04 22:53:16 INFO  Progress (5): 2.9/6.3 MB | 1.3/12 MB | 1.5/2.6 MB | 142/229 kB | 0.1/1.9 MB
2026.10.04 22:53:16 INFO  Progress (5): 3.0/6.3 MB | 1.3/12 MB | 1.5/2.6 MB | 142/229 kB | 0.1/1.9 MB
2026.10.04 22:53:16 INFO  Progress (5): 3.0/6.3 MB | 1.3/12 MB | 1.5/2.6 MB | 142/229 kB | 0.1/1.9 MB
2026.10.04 22:53:16 INFO  Progress (5): 3.0/6.3 MB | 1.3/12 MB | 1.5/2.6 MB | 142/229 kB | 0.1/1.9 MB
2026.10.04 22:53:16 INFO  Progress (5): 3.0/6.3 MB | 1.3/12 MB | 1.5/2.6 MB | 142/229 kB | 0.1/1.9 MB
2026.10.04 22:53:16 INFO  Progress (5): 3.0/6.3 MB | 1.3/12 MB | 1.5/2.6 MB | 159/229 kB | 0.1/1.9 MB
2026.10.04 22:53:16 INFO  Progress (5): 3.0/6.3 MB | 1.3/12 MB | 1.5/2.6 MB | 159/229 kB | 0.1/1.9 MB
2026.10.04 22:53:16 INFO  Progress (5): 3.0/6.3 MB | 1.3/12 MB | 1.5/2.6 MB | 159/229 kB | 0.1/1.9 MB
2026.10.04 22:53:16 INFO  Progress (5): 3.0/6.3 MB | 1.3/12 MB | 1.5/2.6 MB | 159/229 kB | 0.2/1.9 MB
2026.10.04 22:53:16 INFO  Progress (5): 3.0/6.3 MB | 1.3/12 MB | 1.5/2.6 MB | 159/229 kB | 0.2/1.9 MB
2026.10.04 22:53:16 INFO  Progress (5): 3.0/6.3 MB | 1.3/12 MB | 1.5/2.6 MB | 159/229 kB | 0.2/1.9 MB
2026.10.04 22:53:16 INFO  Progress (5): 3.0/6.3 MB | 1.3/12 MB | 1.5/2.6 MB | 175/229 kB | 0.2/1.9 MB
2026.10.04 22:53:16 INFO  Progress (5): 3.0/6.3 MB | 1.3/12 MB | 1.5/2.6 MB | 175/229 kB | 0.2/1.9 MB
2026.10.04 22:53:16 INFO  Progress (5): 3.0/6.3 MB | 1.3/12 MB | 1.5/2.6 MB | 175/229 kB | 0.2/1.9 MB
2026.10.04 22:53:16 INFO  Progress (5): 3.0/6.3 MB | 1.3/12 MB | 1.6/2.6 MB | 175/229 kB | 0.2/1.9 MB
2026.10.04 22:53:16 INFO  Progress (5): 3.0/6.3 MB | 1.3/12 MB | 1.6/2.6 MB | 175/229 kB | 0.2/1.9 MB
2026.10.04 22:53:16 INFO  Progress (5): 3.0/6.3 MB | 1.3/12 MB | 1.6/2.6 MB | 175/229 kB | 0.2/1.9 MB
2026.10.04 22:53:16 INFO  Progress (5): 3.0/6.3 MB | 1.3/12 MB | 1.6/2.6 MB | 175/229 kB | 0.2/1.9 MB
2026.10.04 22:53:16 INFO  Progress (5): 3.0/6.3 MB | 1.3/12 MB | 1.6/2.6 MB | 175/229 kB | 0.2/1.9 MB
2026.10.04 22:53:16 INFO  Progress (5): 3.0/6.3 MB | 1.4/12 MB | 1.6/2.6 MB | 175/229 kB | 0.2/1.9 MB
2026.10.04 22:53:16 INFO  Progress (5): 3.0/6.3 MB | 1.4/12 MB | 1.6/2.6 MB | 175/229 kB | 0.2/1.9 MB
2026.10.04 22:53:16 INFO  Progress (5): 3.0/6.3 MB | 1.4/12 MB | 1.6/2.6 MB | 175/229 kB | 0.2/1.9 MB
2026.10.04 22:53:16 INFO  Progress (5): 3.0/6.3 MB | 1.4/12 MB | 1.6/2.6 MB | 175/229 kB | 0.2/1.9 MB
2026.10.04 22:53:16 INFO  Progress (5): 3.0/6.3 MB | 1.4/12 MB | 1.6/2.6 MB | 175/229 kB | 0.2/1.9 MB
2026.10.04 22:53:16 INFO  Progress (5): 3.0/6.3 MB | 1.4/12 MB | 1.6/2.6 MB | 175/229 kB | 0.2/1.9 MB
2026.10.04 22:53:16 INFO  Progress (5): 3.0/6.3 MB | 1.4/12 MB | 1.6/2.6 MB | 175/229 kB | 0.2/1.9 MB
2026.10.04 22:53:16 INFO  Progress (5): 3.1/6.3 MB | 1.4/12 MB | 1.6/2.6 MB | 175/229 kB | 0.2/1.9 MB
2026.10.04 22:53:16 INFO  Progress (5): 3.1/6.3 MB | 1.4/12 MB | 1.6/2.6 MB | 175/229 kB | 0.2/1.9 MB
2026.10.04 22:53:16 INFO  Progress (5): 3.1/6.3 MB | 1.4/12 MB | 1.6/2.6 MB | 175/229 kB | 0.2/1.9 MB
2026.10.04 22:53:16 INFO  Progress (5): 3.1/6.3 MB | 1.4/12 MB | 1.6/2.6 MB | 175/229 kB | 0.2/1.9 MB
2026.10.04 22:53:16 INFO  Progress (5): 3.1/6.3 MB | 1.4/12 MB | 1.7/2.6 MB | 175/229 kB | 0.2/1.9 MB
2026.10.04 22:53:16 INFO  Progress (5): 3.1/6.3 MB | 1.4/12 MB | 1.7/2.6 MB | 192/229 kB | 0.2/1.9 MB
2026.10.04 22:53:16 INFO  Progress (5): 3.1/6.3 MB | 1.4/12 MB | 1.7/2.6 MB | 208/229 kB | 0.2/1.9 MB
2026.10.04 22:53:16 INFO  Progress (5): 3.1/6.3 MB | 1.4/12 MB | 1.7/2.6 MB | 208/229 kB | 0.2/1.9 MB
2026.10.04 22:53:16 INFO  Progress (5): 3.1/6.3 MB | 1.4/12 MB | 1.7/2.6 MB | 224/229 kB | 0.2/1.9 MB
2026.10.04 22:53:16 INFO  Progress (5): 3.1/6.3 MB | 1.4/12 MB | 1.7/2.6 MB | 224/229 kB | 0.2/1.9 MB
2026.10.04 22:53:16 INFO  Progress (5): 3.1/6.3 MB | 1.4/12 MB | 1.7/2.6 MB | 229 kB | 0.2/1.9 MB    
2026.10.04 22:53:16 INFO  Progress (5): 3.1/6.3 MB | 1.4/12 MB | 1.7/2.6 MB | 229 kB | 0.2/1.9 MB
2026.10.04 22:53:16 INFO  Progress (5): 3.1/6.3 MB | 1.4/12 MB | 1.7/2.6 MB | 229 kB | 0.2/1.9 MB
2026.10.04 22:53:16 INFO  Progress (5): 3.1/6.3 MB | 1.4/12 MB | 1.7/2.6 MB | 229 kB | 0.2/1.9 MB
2026.10.04 22:53:16 INFO  Progress (5): 3.1/6.3 MB | 1.4/12 MB | 1.7/2.6 MB | 229 kB | 0.3/1.9 MB
2026.10.04 22:53:16 INFO  Progress (5): 3.1/6.3 MB | 1.4/12 MB | 1.7/2.6 MB | 229 kB | 0.3/1.9 MB
2026.10.04 22:53:16 INFO  Progress (5): 3.1/6.3 MB | 1.4/12 MB | 1.7/2.6 MB | 229 kB | 0.3/1.9 MB
2026.10.04 22:53:16 INFO  Progress (5): 3.1/6.3 MB | 1.4/12 MB | 1.7/2.6 MB | 229 kB | 0.3/1.9 MB
2026.10.04 22:53:16 INFO  Progress (5): 3.1/6.3 MB | 1.4/12 MB | 1.7/2.6 MB | 229 kB | 0.3/1.9 MB
2026.10.04 22:53:16 INFO  Progress (5): 3.1/6.3 MB | 1.4/12 MB | 1.7/2.6 MB | 229 kB | 0.3/1.9 MB
2026.10.04 22:53:16 INFO  Progress (5): 3.1/6.3 MB | 1.4/12 MB | 1.7/2.6 MB | 229 kB | 0.3/1.9 MB
2026.10.04 22:53:16 INFO  Progress (5): 3.1/6.3 MB | 1.4/12 MB | 1.7/2.6 MB | 229 kB | 0.3/1.9 MB
2026.10.04 22:53:16 INFO  Progress (5): 3.1/6.3 MB | 1.4/12 MB | 1.7/2.6 MB | 229 kB | 0.3/1.9 MB
2026.10.04 22:53:16 INFO  Progress (5): 3.1/6.3 MB | 1.4/12 MB | 1.7/2.6 MB | 229 kB | 0.3/1.9 MB
2026.10.04 22:53:16 INFO  Progress (5): 3.2/6.3 MB | 1.4/12 MB | 1.7/2.6 MB | 229 kB | 0.3/1.9 MB
2026.10.04 22:53:16 INFO  Progress (5): 3.2/6.3 MB | 1.5/12 MB | 1.7/2.6 MB | 229 kB | 0.3/1.9 MB
2026.10.04 22:53:16 INFO  Progress (5): 3.2/6.3 MB | 1.5/12 MB | 1.7/2.6 MB | 229 kB | 0.3/1.9 MB
2026.10.04 22:53:16 INFO  Progress (5): 3.2/6.3 MB | 1.5/12 MB | 1.7/2.6 MB | 229 kB | 0.3/1.9 MB
2026.10.04 22:53:16 INFO  Progress (5): 3.2/6.3 MB | 1.5/12 MB | 1.7/2.6 MB | 229 kB | 0.3/1.9 MB
2026.10.04 22:53:16 INFO  Progress (5): 3.2/6.3 MB | 1.5/12 MB | 1.7/2.6 MB | 229 kB | 0.3/1.9 MB
2026.10.04 22:53:16 INFO  Progress (5): 3.2/6.3 MB | 1.5/12 MB | 1.7/2.6 MB | 229 kB | 0.3/1.9 MB
2026.10.04 22:53:16 INFO  Progress (5): 3.2/6.3 MB | 1.5/12 MB | 1.7/2.6 MB | 229 kB | 0.3/1.9 MB
2026.10.04 22:53:16 INFO  Progress (5): 3.2/6.3 MB | 1.5/12 MB | 1.7/2.6 MB | 229 kB | 0.3/1.9 MB
2026.10.04 22:53:16 INFO  Progress (5): 3.2/6.3 MB | 1.5/12 MB | 1.7/2.6 MB | 229 kB | 0.3/1.9 MB
2026.10.04 22:53:16 INFO  Progress (5): 3.2/6.3 MB | 1.5/12 MB | 1.7/2.6 MB | 229 kB | 0.3/1.9 MB
2026.10.04 22:53:16 INFO  Progress (5): 3.2/6.3 MB | 1.5/12 MB | 1.7/2.6 MB | 229 kB | 0.3/1.9 MB
2026.10.04 22:53:16 INFO  Progress (5): 3.2/6.3 MB | 1.5/12 MB | 1.7/2.6 MB | 229 kB | 0.3/1.9 MB
2026.10.04 22:53:16 INFO  Progress (5): 3.2/6.3 MB | 1.5/12 MB | 1.7/2.6 MB | 229 kB | 0.3/1.9 MB
2026.10.04 22:53:16 INFO  Progress (5): 3.3/6.3 MB | 1.5/12 MB | 1.7/2.6 MB | 229 kB | 0.3/1.9 MB
2026.10.04 22:53:16 INFO                                                                         
2026.10.04 22:53:16 INFO  Downloaded from central: https://repo.maven.apache.org/maven2/com/swoval/file-tree-views/2.1.9/file-tree-views-2.1.9.jar (229 kB at 133 kB/s)
2026.10.04 22:53:16 INFO  Downloading from central: https://repo.maven.apache.org/maven2/net/java/dev/jna/jna-platform/5.12.0/jna-platform-5.12.0.jar
2026.10.04 22:53:16 INFO  Progress (4): 3.3/6.3 MB | 1.5/12 MB | 1.7/2.6 MB | 0.3/1.9 MB
2026.10.04 22:53:16 INFO  Progress (4): 3.3/6.3 MB | 1.5/12 MB | 1.7/2.6 MB | 0.3/1.9 MB
2026.10.04 22:53:16 INFO  Progress (4): 3.3/6.3 MB | 1.5/12 MB | 1.8/2.6 MB | 0.3/1.9 MB
2026.10.04 22:53:16 INFO  Progress (4): 3.3/6.3 MB | 1.5/12 MB | 1.8/2.6 MB | 0.4/1.9 MB
2026.10.04 22:53:16 INFO  Progress (4): 3.3/6.3 MB | 1.5/12 MB | 1.8/2.6 MB | 0.4/1.9 MB
2026.10.04 22:53:16 INFO  Progress (4): 3.3/6.3 MB | 1.5/12 MB | 1.8/2.6 MB | 0.4/1.9 MB
2026.10.04 22:53:16 INFO  Progress (4): 3.3/6.3 MB | 1.5/12 MB | 1.8/2.6 MB | 0.4/1.9 MB
2026.10.04 22:53:16 INFO  Progress (4): 3.3/6.3 MB | 1.5/12 MB | 1.8/2.6 MB | 0.4/1.9 MB
2026.10.04 22:53:16 INFO  Progress (4): 3.3/6.3 MB | 1.5/12 MB | 1.8/2.6 MB | 0.4/1.9 MB
2026.10.04 22:53:16 INFO  Progress (4): 3.3/6.3 MB | 1.5/12 MB | 1.8/2.6 MB | 0.4/1.9 MB
2026.10.04 22:53:16 INFO  Progress (4): 3.3/6.3 MB | 1.5/12 MB | 1.8/2.6 MB | 0.4/1.9 MB
2026.10.04 22:53:16 INFO  Progress (4): 3.3/6.3 MB | 1.5/12 MB | 1.8/2.6 MB | 0.4/1.9 MB
2026.10.04 22:53:16 INFO  Progress (4): 3.3/6.3 MB | 1.5/12 MB | 1.8/2.6 MB | 0.4/1.9 MB
2026.10.04 22:53:16 INFO  Progress (4): 3.3/6.3 MB | 1.5/12 MB | 1.8/2.6 MB | 0.4/1.9 MB
2026.10.04 22:53:16 INFO  Progress (4): 3.3/6.3 MB | 1.5/12 MB | 1.8/2.6 MB | 0.4/1.9 MB
2026.10.04 22:53:16 INFO  Progress (4): 3.3/6.3 MB | 1.6/12 MB | 1.8/2.6 MB | 0.4/1.9 MB
2026.10.04 22:53:16 INFO  Progress (4): 3.3/6.3 MB | 1.6/12 MB | 1.8/2.6 MB | 0.4/1.9 MB
2026.10.04 22:53:16 INFO  Progress (4): 3.3/6.3 MB | 1.6/12 MB | 1.8/2.6 MB | 0.4/1.9 MB
2026.10.04 22:53:16 INFO  Progress (4): 3.4/6.3 MB | 1.6/12 MB | 1.8/2.6 MB | 0.4/1.9 MB
2026.10.04 22:53:16 INFO  Progress (4): 3.4/6.3 MB | 1.6/12 MB | 1.8/2.6 MB | 0.5/1.9 MB
2026.10.04 22:53:16 INFO  Progress (4): 3.4/6.3 MB | 1.6/12 MB | 1.8/2.6 MB | 0.5/1.9 MB
2026.10.04 22:53:16 INFO  Progress (4): 3.4/6.3 MB | 1.6/12 MB | 1.8/2.6 MB | 0.5/1.9 MB
2026.10.04 22:53:16 INFO  Progress (4): 3.4/6.3 MB | 1.6/12 MB | 1.8/2.6 MB | 0.5/1.9 MB
2026.10.04 22:53:16 INFO  Progress (4): 3.4/6.3 MB | 1.6/12 MB | 1.8/2.6 MB | 0.5/1.9 MB
2026.10.04 22:53:16 INFO  Progress (4): 3.4/6.3 MB | 1.6/12 MB | 1.8/2.6 MB | 0.5/1.9 MB
2026.10.04 22:53:16 INFO  Progress (4): 3.4/6.3 MB | 1.6/12 MB | 1.8/2.6 MB | 0.5/1.9 MB
2026.10.04 22:53:16 INFO  Progress (4): 3.4/6.3 MB | 1.6/12 MB | 1.8/2.6 MB | 0.5/1.9 MB
2026.10.04 22:53:16 INFO  Progress (4): 3.4/6.3 MB | 1.6/12 MB | 1.8/2.6 MB | 0.5/1.9 MB
2026.10.04 22:53:16 INFO  Progress (4): 3.4/6.3 MB | 1.6/12 MB | 1.8/2.6 MB | 0.5/1.9 MB
2026.10.04 22:53:16 INFO  Progress (4): 3.4/6.3 MB | 1.6/12 MB | 1.8/2.6 MB | 0.5/1.9 MB
2026.10.04 22:53:16 INFO  Progress (4): 3.4/6.3 MB | 1.6/12 MB | 1.8/2.6 MB | 0.5/1.9 MB
2026.10.04 22:53:16 INFO  Progress (4): 3.4/6.3 MB | 1.6/12 MB | 1.8/2.6 MB | 0.5/1.9 MB
2026.10.04 22:53:16 INFO  Progress (4): 3.4/6.3 MB | 1.6/12 MB | 1.8/2.6 MB | 0.5/1.9 MB
2026.10.04 22:53:16 INFO  Progress (4): 3.4/6.3 MB | 1.6/12 MB | 1.8/2.6 MB | 0.5/1.9 MB
2026.10.04 22:53:16 INFO  Progress (4): 3.4/6.3 MB | 1.6/12 MB | 1.8/2.6 MB | 0.5/1.9 MB
2026.10.04 22:53:16 INFO  Progress (4): 3.4/6.3 MB | 1.6/12 MB | 1.8/2.6 MB | 0.5/1.9 MB
2026.10.04 22:53:16 INFO  Progress (4): 3.4/6.3 MB | 1.6/12 MB | 1.8/2.6 MB | 0.5/1.9 MB
2026.10.04 22:53:16 INFO  Progress (4): 3.4/6.3 MB | 1.6/12 MB | 1.8/2.6 MB | 0.6/1.9 MB
2026.10.04 22:53:16 INFO  Progress (4): 3.4/6.3 MB | 1.6/12 MB | 1.8/2.6 MB | 0.6/1.9 MB
2026.10.04 22:53:16 INFO  Progress (4): 3.4/6.3 MB | 1.6/12 MB | 1.8/2.6 MB | 0.6/1.9 MB
2026.10.04 22:53:16 INFO  Progress (5): 3.4/6.3 MB | 1.6/12 MB | 1.8/2.6 MB | 0.6/1.9 MB | 0/1.4 MB
2026.10.04 22:53:16 INFO  Progress (5): 3.4/6.3 MB | 1.6/12 MB | 1.8/2.6 MB | 0.6/1.9 MB | 0/1.4 MB
2026.10.04 22:53:16 INFO  Progress (5): 3.4/6.3 MB | 1.6/12 MB | 1.8/2.6 MB | 0.6/1.9 MB | 0/1.4 MB
2026.10.04 22:53:16 INFO  Progress (5): 3.4/6.3 MB | 1.6/12 MB | 1.9/2.6 MB | 0.6/1.9 MB | 0/1.4 MB
2026.10.04 22:53:16 INFO  Progress (5): 3.4/6.3 MB | 1.6/12 MB | 1.9/2.6 MB | 0.6/1.9 MB | 0/1.4 MB
2026.10.04 22:53:16 INFO  Progress (5): 3.4/6.3 MB | 1.6/12 MB | 1.9/2.6 MB | 0.6/1.9 MB | 0/1.4 MB
2026.10.04 22:53:16 INFO  Progress (5): 3.5/6.3 MB | 1.6/12 MB | 1.9/2.6 MB | 0.6/1.9 MB | 0/1.4 MB
2026.10.04 22:53:16 INFO  Progress (5): 3.5/6.3 MB | 1.6/12 MB | 1.9/2.6 MB | 0.6/1.9 MB | 0/1.4 MB
2026.10.04 22:53:16 INFO  Progress (5): 3.5/6.3 MB | 1.6/12 MB | 1.9/2.6 MB | 0.6/1.9 MB | 0/1.4 MB
2026.10.04 22:53:16 INFO  Progress (5): 3.5/6.3 MB | 1.6/12 MB | 1.9/2.6 MB | 0.6/1.9 MB | 0/1.4 MB
2026.10.04 22:53:16 INFO  Progress (5): 3.5/6.3 MB | 1.6/12 MB | 1.9/2.6 MB | 0.6/1.9 MB | 0/1.4 MB
2026.10.04 22:53:16 INFO  Progress (5): 3.5/6.3 MB | 1.6/12 MB | 1.9/2.6 MB | 0.6/1.9 MB | 0/1.4 MB
2026.10.04 22:53:16 INFO  Progress (5): 3.5/6.3 MB | 1.6/12 MB | 1.9/2.6 MB | 0.6/1.9 MB | 0/1.4 MB
2026.10.04 22:53:16 INFO  Progress (5): 3.5/6.3 MB | 1.7/12 MB | 1.9/2.6 MB | 0.6/1.9 MB | 0/1.4 MB
2026.10.04 22:53:16 INFO  Progress (5): 3.5/6.3 MB | 1.7/12 MB | 1.9/2.6 MB | 0.6/1.9 MB | 0/1.4 MB
2026.10.04 22:53:16 INFO  Progress (5): 3.5/6.3 MB | 1.7/12 MB | 1.9/2.6 MB | 0.6/1.9 MB | 0/1.4 MB
2026.10.04 22:53:16 INFO  Progress (5): 3.5/6.3 MB | 1.7/12 MB | 1.9/2.6 MB | 0.6/1.9 MB | 0/1.4 MB
2026.10.04 22:53:16 INFO  Progress (5): 3.5/6.3 MB | 1.7/12 MB | 1.9/2.6 MB | 0.6/1.9 MB | 0/1.4 MB
2026.10.04 22:53:16 INFO  Progress (5): 3.5/6.3 MB | 1.7/12 MB | 1.9/2.6 MB | 0.6/1.9 MB | 0.1/1.4 MB
2026.10.04 22:53:16 INFO  Progress (5): 3.5/6.3 MB | 1.7/12 MB | 1.9/2.6 MB | 0.6/1.9 MB | 0.1/1.4 MB
2026.10.04 22:53:16 INFO  Progress (5): 3.5/6.3 MB | 1.7/12 MB | 1.9/2.6 MB | 0.6/1.9 MB | 0.1/1.4 MB
2026.10.04 22:53:16 INFO  Progress (5): 3.5/6.3 MB | 1.7/12 MB | 1.9/2.6 MB | 0.6/1.9 MB | 0.1/1.4 MB
2026.10.04 22:53:16 INFO  Progress (5): 3.6/6.3 MB | 1.7/12 MB | 1.9/2.6 MB | 0.6/1.9 MB | 0.1/1.4 MB
2026.10.04 22:53:16 INFO  Progress (5): 3.6/6.3 MB | 1.7/12 MB | 1.9/2.6 MB | 0.6/1.9 MB | 0.1/1.4 MB
2026.10.04 22:53:16 INFO  Progress (5): 3.6/6.3 MB | 1.7/12 MB | 1.9/2.6 MB | 0.6/1.9 MB | 0.1/1.4 MB
2026.10.04 22:53:16 INFO  Progress (5): 3.6/6.3 MB | 1.7/12 MB | 1.9/2.6 MB | 0.6/1.9 MB | 0.1/1.4 MB
2026.10.04 22:53:16 INFO  Progress (5): 3.6/6.3 MB | 1.7/12 MB | 1.9/2.6 MB | 0.6/1.9 MB | 0.1/1.4 MB
2026.10.04 22:53:16 INFO  Progress (5): 3.6/6.3 MB | 1.7/12 MB | 1.9/2.6 MB | 0.6/1.9 MB | 0.1/1.4 MB
2026.10.04 22:53:16 INFO  Progress (5): 3.6/6.3 MB | 1.7/12 MB | 1.9/2.6 MB | 0.6/1.9 MB | 0.1/1.4 MB
2026.10.04 22:53:16 INFO  Progress (5): 3.6/6.3 MB | 1.7/12 MB | 1.9/2.6 MB | 0.6/1.9 MB | 0.1/1.4 MB
2026.10.04 22:53:16 INFO  Progress (5): 3.6/6.3 MB | 1.7/12 MB | 1.9/2.6 MB | 0.6/1.9 MB | 0.1/1.4 MB
2026.10.04 22:53:16 INFO  Progress (5): 3.6/6.3 MB | 1.7/12 MB | 1.9/2.6 MB | 0.6/1.9 MB | 0.1/1.4 MB
2026.10.04 22:53:16 INFO  Progress (5): 3.7/6.3 MB | 1.7/12 MB | 1.9/2.6 MB | 0.6/1.9 MB | 0.1/1.4 MB
2026.10.04 22:53:16 INFO  Progress (5): 3.7/6.3 MB | 1.7/12 MB | 1.9/2.6 MB | 0.6/1.9 MB | 0.1/1.4 MB
2026.10.04 22:53:16 INFO  Progress (5): 3.7/6.3 MB | 1.7/12 MB | 1.9/2.6 MB | 0.6/1.9 MB | 0.1/1.4 MB
2026.10.04 22:53:16 INFO  Progress (5): 3.7/6.3 MB | 1.7/12 MB | 1.9/2.6 MB | 0.6/1.9 MB | 0.1/1.4 MB
2026.10.04 22:53:16 INFO  Progress (5): 3.7/6.3 MB | 1.7/12 MB | 1.9/2.6 MB | 0.6/1.9 MB | 0.1/1.4 MB
2026.10.04 22:53:16 INFO  Progress (5): 3.7/6.3 MB | 1.7/12 MB | 1.9/2.6 MB | 0.6/1.9 MB | 0.1/1.4 MB
2026.10.04 22:53:16 INFO  Progress (5): 3.7/6.3 MB | 1.7/12 MB | 1.9/2.6 MB | 0.6/1.9 MB | 0.1/1.4 MB
2026.10.04 22:53:16 INFO  Progress (5): 3.7/6.3 MB | 1.7/12 MB | 1.9/2.6 MB | 0.6/1.9 MB | 0.1/1.4 MB
2026.10.04 22:53:16 INFO  Progress (5): 3.7/6.3 MB | 1.7/12 MB | 1.9/2.6 MB | 0.6/1.9 MB | 0.1/1.4 MB
2026.10.04 22:53:16 INFO  Progress (5): 3.7/6.3 MB | 1.7/12 MB | 1.9/2.6 MB | 0.7/1.9 MB | 0.1/1.4 MB
2026.10.04 22:53:16 INFO  Progress (5): 3.7/6.3 MB | 1.7/12 MB | 1.9/2.6 MB | 0.7/1.9 MB | 0.1/1.4 MB
2026.10.04 22:53:16 INFO  Progress (5): 3.7/6.3 MB | 1.7/12 MB | 1.9/2.6 MB | 0.7/1.9 MB | 0.1/1.4 MB
2026.10.04 22:53:16 INFO  Progress (5): 3.7/6.3 MB | 1.7/12 MB | 1.9/2.6 MB | 0.7/1.9 MB | 0.1/1.4 MB
2026.10.04 22:53:16 INFO  Progress (5): 3.7/6.3 MB | 1.7/12 MB | 1.9/2.6 MB | 0.7/1.9 MB | 0.1/1.4 MB
2026.10.04 22:53:16 INFO  Progress (5): 3.7/6.3 MB | 1.7/12 MB | 1.9/2.6 MB | 0.7/1.9 MB | 0.1/1.4 MB
2026.10.04 22:53:16 INFO  Progress (5): 3.7/6.3 MB | 1.7/12 MB | 1.9/2.6 MB | 0.8/1.9 MB | 0.1/1.4 MB
2026.10.04 22:53:16 INFO  Progress (5): 3.7/6.3 MB | 1.7/12 MB | 1.9/2.6 MB | 0.8/1.9 MB | 0.1/1.4 MB
2026.10.04 22:53:16 INFO  Progress (5): 3.7/6.3 MB | 1.7/12 MB | 1.9/2.6 MB | 0.8/1.9 MB | 0.1/1.4 MB
2026.10.04 22:53:16 INFO  Progress (5): 3.7/6.3 MB | 1.7/12 MB | 1.9/2.6 MB | 0.8/1.9 MB | 0.1/1.4 MB
2026.10.04 22:53:16 INFO  Progress (5): 3.7/6.3 MB | 1.7/12 MB | 1.9/2.6 MB | 0.8/1.9 MB | 0.1/1.4 MB
2026.10.04 22:53:16 INFO  Progress (5): 3.7/6.3 MB | 1.7/12 MB | 1.9/2.6 MB | 0.8/1.9 MB | 0.1/1.4 MB
2026.10.04 22:53:16 INFO  Progress (5): 3.7/6.3 MB | 1.7/12 MB | 1.9/2.6 MB | 0.8/1.9 MB | 0.1/1.4 MB
2026.10.04 22:53:16 INFO  Progress (5): 3.7/6.3 MB | 1.7/12 MB | 1.9/2.6 MB | 0.8/1.9 MB | 0.1/1.4 MB
2026.10.04 22:53:16 INFO  Progress (5): 3.7/6.3 MB | 1.7/12 MB | 1.9/2.6 MB | 0.8/1.9 MB | 0.1/1.4 MB
2026.10.04 22:53:16 INFO  Progress (5): 3.7/6.3 MB | 1.7/12 MB | 1.9/2.6 MB | 0.8/1.9 MB | 0.2/1.4 MB
2026.10.04 22:53:16 INFO  Progress (5): 3.7/6.3 MB | 1.7/12 MB | 1.9/2.6 MB | 0.8/1.9 MB | 0.2/1.4 MB
2026.10.04 22:53:16 INFO  Progress (5): 3.7/6.3 MB | 1.7/12 MB | 1.9/2.6 MB | 0.8/1.9 MB | 0.2/1.4 MB
2026.10.04 22:53:16 INFO  Progress (5): 3.7/6.3 MB | 1.7/12 MB | 1.9/2.6 MB | 0.8/1.9 MB | 0.2/1.4 MB
2026.10.04 22:53:16 INFO  Progress (5): 3.7/6.3 MB | 1.7/12 MB | 1.9/2.6 MB | 0.8/1.9 MB | 0.2/1.4 MB
2026.10.04 22:53:16 INFO  Progress (5): 3.7/6.3 MB | 1.7/12 MB | 1.9/2.6 MB | 0.9/1.9 MB | 0.2/1.4 MB
2026.10.04 22:53:16 INFO  Progress (5): 3.7/6.3 MB | 1.7/12 MB | 2.0/2.6 MB | 0.9/1.9 MB | 0.2/1.4 MB
2026.10.04 22:53:16 INFO  Progress (5): 3.7/6.3 MB | 1.7/12 MB | 2.0/2.6 MB | 0.9/1.9 MB | 0.2/1.4 MB
2026.10.04 22:53:16 INFO  Progress (5): 3.7/6.3 MB | 1.7/12 MB | 2.0/2.6 MB | 0.9/1.9 MB | 0.2/1.4 MB
2026.10.04 22:53:16 INFO  Progress (5): 3.7/6.3 MB | 1.7/12 MB | 2.0/2.6 MB | 0.9/1.9 MB | 0.2/1.4 MB
2026.10.04 22:53:16 INFO  Progress (5): 3.7/6.3 MB | 1.7/12 MB | 2.0/2.6 MB | 0.9/1.9 MB | 0.2/1.4 MB
2026.10.04 22:53:16 INFO  Progress (5): 3.7/6.3 MB | 1.7/12 MB | 2.0/2.6 MB | 0.9/1.9 MB | 0.2/1.4 MB
2026.10.04 22:53:16 INFO  Progress (5): 3.7/6.3 MB | 1.7/12 MB | 2.0/2.6 MB | 0.9/1.9 MB | 0.2/1.4 MB
2026.10.04 22:53:16 INFO  Progress (5): 3.7/6.3 MB | 1.7/12 MB | 2.0/2.6 MB | 0.9/1.9 MB | 0.2/1.4 MB
2026.10.04 22:53:16 INFO  Progress (5): 3.7/6.3 MB | 1.7/12 MB | 2.0/2.6 MB | 0.9/1.9 MB | 0.2/1.4 MB
2026.10.04 22:53:16 INFO  Progress (5): 3.7/6.3 MB | 1.7/12 MB | 2.0/2.6 MB | 0.9/1.9 MB | 0.2/1.4 MB
2026.10.04 22:53:16 INFO  Progress (5): 3.7/6.3 MB | 1.8/12 MB | 2.0/2.6 MB | 0.9/1.9 MB | 0.2/1.4 MB
2026.10.04 22:53:16 INFO  Progress (5): 3.7/6.3 MB | 1.8/12 MB | 2.0/2.6 MB | 0.9/1.9 MB | 0.2/1.4 MB
2026.10.04 22:53:16 INFO  Progress (5): 3.7/6.3 MB | 1.8/12 MB | 2.0/2.6 MB | 0.9/1.9 MB | 0.2/1.4 MB
2026.10.04 22:53:16 INFO  Progress (5): 3.8/6.3 MB | 1.8/12 MB | 2.0/2.6 MB | 0.9/1.9 MB | 0.2/1.4 MB
2026.10.04 22:53:16 INFO  Progress (5): 3.8/6.3 MB | 1.8/12 MB | 2.0/2.6 MB | 0.9/1.9 MB | 0.2/1.4 MB
2026.10.04 22:53:16 INFO  Progress (5): 3.8/6.3 MB | 1.8/12 MB | 2.0/2.6 MB | 0.9/1.9 MB | 0.2/1.4 MB
2026.10.04 22:53:16 INFO  Progress (5): 3.8/6.3 MB | 1.8/12 MB | 2.0/2.6 MB | 0.9/1.9 MB | 0.2/1.4 MB
2026.10.04 22:53:16 INFO  Progress (5): 3.8/6.3 MB | 1.8/12 MB | 2.0/2.6 MB | 0.9/1.9 MB | 0.2/1.4 MB
2026.10.04 22:53:16 INFO  Progress (5): 3.8/6.3 MB | 1.8/12 MB | 2.0/2.6 MB | 0.9/1.9 MB | 0.2/1.4 MB
2026.10.04 22:53:16 INFO  Progress (5): 3.9/6.3 MB | 1.8/12 MB | 2.0/2.6 MB | 0.9/1.9 MB | 0.2/1.4 MB
2026.10.04 22:53:16 INFO  Progress (5): 3.9/6.3 MB | 1.8/12 MB | 2.0/2.6 MB | 0.9/1.9 MB | 0.2/1.4 MB
2026.10.04 22:53:16 INFO  Progress (5): 3.9/6.3 MB | 1.8/12 MB | 2.0/2.6 MB | 0.9/1.9 MB | 0.2/1.4 MB
2026.10.04 22:53:16 INFO  Progress (5): 3.9/6.3 MB | 1.8/12 MB | 2.0/2.6 MB | 0.9/1.9 MB | 0.2/1.4 MB
2026.10.04 22:53:16 INFO  Progress (5): 3.9/6.3 MB | 1.8/12 MB | 2.0/2.6 MB | 0.9/1.9 MB | 0.2/1.4 MB
2026.10.04 22:53:16 INFO  Progress (5): 3.9/6.3 MB | 1.8/12 MB | 2.0/2.6 MB | 0.9/1.9 MB | 0.2/1.4 MB
2026.10.04 22:53:16 INFO  Progress (5): 3.9/6.3 MB | 1.8/12 MB | 2.0/2.6 MB | 0.9/1.9 MB | 0.2/1.4 MB
2026.10.04 22:53:16 INFO  Progress (5): 3.9/6.3 MB | 1.8/12 MB | 2.0/2.6 MB | 0.9/1.9 MB | 0.2/1.4 MB
2026.10.04 22:53:16 INFO  Progress (5): 3.9/6.3 MB | 1.8/12 MB | 2.0/2.6 MB | 0.9/1.9 MB | 0.2/1.4 MB
2026.10.04 22:53:16 INFO  Progress (5): 3.9/6.3 MB | 1.8/12 MB | 2.0/2.6 MB | 0.9/1.9 MB | 0.3/1.4 MB
2026.10.04 22:53:16 INFO  Progress (5): 3.9/6.3 MB | 1.8/12 MB | 2.0/2.6 MB | 0.9/1.9 MB | 0.3/1.4 MB
2026.10.04 22:53:16 INFO  Progress (5): 3.9/6.3 MB | 1.8/12 MB | 2.0/2.6 MB | 0.9/1.9 MB | 0.3/1.4 MB
2026.10.04 22:53:16 INFO  Progress (5): 3.9/6.3 MB | 1.8/12 MB | 2.0/2.6 MB | 0.9/1.9 MB | 0.3/1.4 MB
2026.10.04 22:53:16 INFO  Progress (5): 3.9/6.3 MB | 1.8/12 MB | 2.0/2.6 MB | 0.9/1.9 MB | 0.3/1.4 MB
2026.10.04 22:53:16 INFO  Progress (5): 3.9/6.3 MB | 1.8/12 MB | 2.1/2.6 MB | 0.9/1.9 MB | 0.3/1.4 MB
2026.10.04 22:53:16 INFO  Progress (5): 4.0/6.3 MB | 1.8/12 MB | 2.1/2.6 MB | 0.9/1.9 MB | 0.3/1.4 MB
2026.10.04 22:53:16 INFO  Progress (5): 4.0/6.3 MB | 1.8/12 MB | 2.1/2.6 MB | 0.9/1.9 MB | 0.3/1.4 MB
2026.10.04 22:53:16 INFO  Progress (5): 4.0/6.3 MB | 1.8/12 MB | 2.1/2.6 MB | 0.9/1.9 MB | 0.3/1.4 MB
2026.10.04 22:53:16 INFO  Progress (5): 4.0/6.3 MB | 1.8/12 MB | 2.1/2.6 MB | 0.9/1.9 MB | 0.3/1.4 MB
2026.10.04 22:53:16 INFO  Progress (5): 4.0/6.3 MB | 1.8/12 MB | 2.1/2.6 MB | 0.9/1.9 MB | 0.3/1.4 MB
2026.10.04 22:53:16 INFO  Progress (5): 4.0/6.3 MB | 1.8/12 MB | 2.1/2.6 MB | 0.9/1.9 MB | 0.3/1.4 MB
2026.10.04 22:53:16 INFO  Progress (5): 4.0/6.3 MB | 1.8/12 MB | 2.1/2.6 MB | 0.9/1.9 MB | 0.3/1.4 MB
2026.10.04 22:53:16 INFO  Progress (5): 4.0/6.3 MB | 1.8/12 MB | 2.1/2.6 MB | 0.9/1.9 MB | 0.3/1.4 MB
2026.10.04 22:53:16 INFO  Progress (5): 4.0/6.3 MB | 1.8/12 MB | 2.1/2.6 MB | 0.9/1.9 MB | 0.3/1.4 MB
2026.10.04 22:53:16 INFO  Progress (5): 4.0/6.3 MB | 1.8/12 MB | 2.1/2.6 MB | 0.9/1.9 MB | 0.3/1.4 MB
2026.10.04 22:53:16 INFO  Progress (5): 4.0/6.3 MB | 1.8/12 MB | 2.1/2.6 MB | 0.9/1.9 MB | 0.3/1.4 MB
2026.10.04 22:53:16 INFO  Progress (5): 4.0/6.3 MB | 1.9/12 MB | 2.1/2.6 MB | 0.9/1.9 MB | 0.3/1.4 MB
2026.10.04 22:53:16 INFO  Progress (5): 4.0/6.3 MB | 1.9/12 MB | 2.1/2.6 MB | 0.9/1.9 MB | 0.3/1.4 MB
2026.10.04 22:53:16 INFO  Progress (5): 4.0/6.3 MB | 1.9/12 MB | 2.1/2.6 MB | 0.9/1.9 MB | 0.3/1.4 MB
2026.10.04 22:53:16 INFO  Progress (5): 4.0/6.3 MB | 1.9/12 MB | 2.1/2.6 MB | 0.9/1.9 MB | 0.3/1.4 MB
2026.10.04 22:53:16 INFO  Progress (5): 4.0/6.3 MB | 1.9/12 MB | 2.1/2.6 MB | 0.9/1.9 MB | 0.3/1.4 MB
2026.10.04 22:53:16 INFO  Progress (5): 4.0/6.3 MB | 1.9/12 MB | 2.1/2.6 MB | 0.9/1.9 MB | 0.3/1.4 MB
2026.10.04 22:53:16 INFO  Progress (5): 4.0/6.3 MB | 1.9/12 MB | 2.1/2.6 MB | 0.9/1.9 MB | 0.3/1.4 MB
2026.10.04 22:53:16 INFO  Progress (5): 4.0/6.3 MB | 1.9/12 MB | 2.1/2.6 MB | 0.9/1.9 MB | 0.3/1.4 MB
2026.10.04 22:53:16 INFO  Progress (5): 4.0/6.3 MB | 1.9/12 MB | 2.1/2.6 MB | 0.9/1.9 MB | 0.3/1.4 MB
2026.10.04 22:53:16 INFO  Progress (5): 4.0/6.3 MB | 2.0/12 MB | 2.1/2.6 MB | 0.9/1.9 MB | 0.3/1.4 MB
2026.10.04 22:53:16 INFO  Progress (5): 4.0/6.3 MB | 2.0/12 MB | 2.1/2.6 MB | 0.9/1.9 MB | 0.3/1.4 MB
2026.10.04 22:53:16 INFO  Progress (5): 4.0/6.3 MB | 2.0/12 MB | 2.1/2.6 MB | 0.9/1.9 MB | 0.3/1.4 MB
2026.10.04 22:53:16 INFO  Progress (5): 4.0/6.3 MB | 2.0/12 MB | 2.1/2.6 MB | 0.9/1.9 MB | 0.3/1.4 MB
2026.10.04 22:53:16 INFO  Progress (5): 4.1/6.3 MB | 2.0/12 MB | 2.1/2.6 MB | 0.9/1.9 MB | 0.3/1.4 MB
2026.10.04 22:53:16 INFO  Progress (5): 4.1/6.3 MB | 2.0/12 MB | 2.1/2.6 MB | 0.9/1.9 MB | 0.3/1.4 MB
2026.10.04 22:53:16 INFO  Progress (5): 4.1/6.3 MB | 2.0/12 MB | 2.1/2.6 MB | 0.9/1.9 MB | 0.3/1.4 MB
2026.10.04 22:53:16 INFO  Progress (5): 4.1/6.3 MB | 2.0/12 MB | 2.1/2.6 MB | 0.9/1.9 MB | 0.3/1.4 MB
2026.10.04 22:53:16 INFO  Progress (5): 4.1/6.3 MB | 2.0/12 MB | 2.1/2.6 MB | 0.9/1.9 MB | 0.3/1.4 MB
2026.10.04 22:53:16 INFO  Progress (5): 4.1/6.3 MB | 2.0/12 MB | 2.1/2.6 MB | 0.9/1.9 MB | 0.3/1.4 MB
2026.10.04 22:53:16 INFO  Progress (5): 4.1/6.3 MB | 2.0/12 MB | 2.1/2.6 MB | 0.9/1.9 MB | 0.3/1.4 MB
2026.10.04 22:53:16 INFO  Progress (5): 4.1/6.3 MB | 2.0/12 MB | 2.1/2.6 MB | 1.0/1.9 MB | 0.3/1.4 MB
2026.10.04 22:53:16 INFO  Progress (5): 4.1/6.3 MB | 2.0/12 MB | 2.1/2.6 MB | 1.0/1.9 MB | 0.4/1.4 MB
2026.10.04 22:53:16 INFO  Progress (5): 4.1/6.3 MB | 2.0/12 MB | 2.1/2.6 MB | 1.0/1.9 MB | 0.4/1.4 MB
2026.10.04 22:53:16 INFO  Progress (5): 4.1/6.3 MB | 2.0/12 MB | 2.1/2.6 MB | 1.0/1.9 MB | 0.4/1.4 MB
2026.10.04 22:53:16 INFO  Progress (5): 4.1/6.3 MB | 2.0/12 MB | 2.1/2.6 MB | 1.0/1.9 MB | 0.4/1.4 MB
2026.10.04 22:53:16 INFO  Progress (5): 4.1/6.3 MB | 2.0/12 MB | 2.1/2.6 MB | 1.0/1.9 MB | 0.4/1.4 MB
2026.10.04 22:53:16 INFO  Progress (5): 4.1/6.3 MB | 2.0/12 MB | 2.1/2.6 MB | 1.0/1.9 MB | 0.4/1.4 MB
2026.10.04 22:53:16 INFO  Progress (5): 4.1/6.3 MB | 2.0/12 MB | 2.1/2.6 MB | 1.0/1.9 MB | 0.4/1.4 MB
2026.10.04 22:53:16 INFO  Progress (5): 4.1/6.3 MB | 2.0/12 MB | 2.1/2.6 MB | 1.0/1.9 MB | 0.4/1.4 MB
2026.10.04 22:53:16 INFO  Progress (5): 4.1/6.3 MB | 2.0/12 MB | 2.1/2.6 MB | 1.0/1.9 MB | 0.4/1.4 MB
2026.10.04 22:53:16 INFO  Progress (5): 4.1/6.3 MB | 2.0/12 MB | 2.1/2.6 MB | 1.1/1.9 MB | 0.4/1.4 MB
2026.10.04 22:53:16 INFO  Progress (5): 4.1/6.3 MB | 2.0/12 MB | 2.1/2.6 MB | 1.1/1.9 MB | 0.4/1.4 MB
2026.10.04 22:53:16 INFO  Progress (5): 4.1/6.3 MB | 2.0/12 MB | 2.1/2.6 MB | 1.1/1.9 MB | 0.4/1.4 MB
2026.10.04 22:53:16 INFO  Progress (5): 4.1/6.3 MB | 2.0/12 MB | 2.1/2.6 MB | 1.1/1.9 MB | 0.4/1.4 MB
2026.10.04 22:53:16 INFO  Progress (5): 4.1/6.3 MB | 2.0/12 MB | 2.1/2.6 MB | 1.1/1.9 MB | 0.4/1.4 MB
2026.10.04 22:53:16 INFO  Progress (5): 4.1/6.3 MB | 2.0/12 MB | 2.1/2.6 MB | 1.1/1.9 MB | 0.4/1.4 MB
2026.10.04 22:53:16 INFO  Progress (5): 4.1/6.3 MB | 2.0/12 MB | 2.1/2.6 MB | 1.2/1.9 MB | 0.4/1.4 MB
2026.10.04 22:53:16 INFO  Progress (5): 4.1/6.3 MB | 2.0/12 MB | 2.1/2.6 MB | 1.2/1.9 MB | 0.4/1.4 MB
2026.10.04 22:53:16 INFO  Progress (5): 4.1/6.3 MB | 2.0/12 MB | 2.1/2.6 MB | 1.2/1.9 MB | 0.4/1.4 MB
2026.10.04 22:53:16 INFO  Progress (5): 4.1/6.3 MB | 2.0/12 MB | 2.1/2.6 MB | 1.2/1.9 MB | 0.4/1.4 MB
2026.10.04 22:53:16 INFO  Progress (5): 4.1/6.3 MB | 2.0/12 MB | 2.1/2.6 MB | 1.2/1.9 MB | 0.4/1.4 MB
2026.10.04 22:53:16 INFO  Progress (5): 4.1/6.3 MB | 2.0/12 MB | 2.1/2.6 MB | 1.2/1.9 MB | 0.4/1.4 MB
2026.10.04 22:53:16 INFO  Progress (5): 4.1/6.3 MB | 2.0/12 MB | 2.1/2.6 MB | 1.2/1.9 MB | 0.4/1.4 MB
2026.10.04 22:53:16 INFO  Progress (5): 4.1/6.3 MB | 2.0/12 MB | 2.1/2.6 MB | 1.2/1.9 MB | 0.4/1.4 MB
2026.10.04 22:53:16 INFO  Progress (5): 4.1/6.3 MB | 2.0/12 MB | 2.1/2.6 MB | 1.2/1.9 MB | 0.4/1.4 MB
2026.10.04 22:53:16 INFO  Progress (5): 4.1/6.3 MB | 2.0/12 MB | 2.1/2.6 MB | 1.2/1.9 MB | 0.4/1.4 MB
2026.10.04 22:53:16 INFO  Progress (5): 4.1/6.3 MB | 2.0/12 MB | 2.1/2.6 MB | 1.2/1.9 MB | 0.4/1.4 MB
2026.10.04 22:53:16 INFO  Progress (5): 4.1/6.3 MB | 2.1/12 MB | 2.1/2.6 MB | 1.2/1.9 MB | 0.4/1.4 MB
2026.10.04 22:53:16 INFO  Progress (5): 4.1/6.3 MB | 2.1/12 MB | 2.2/2.6 MB | 1.2/1.9 MB | 0.4/1.4 MB
2026.10.04 22:53:16 INFO  Progress (5): 4.1/6.3 MB | 2.1/12 MB | 2.2/2.6 MB | 1.2/1.9 MB | 0.4/1.4 MB
2026.10.04 22:53:16 INFO  Progress (5): 4.1/6.3 MB | 2.1/12 MB | 2.2/2.6 MB | 1.2/1.9 MB | 0.4/1.4 MB
2026.10.04 22:53:16 INFO  Progress (5): 4.1/6.3 MB | 2.1/12 MB | 2.2/2.6 MB | 1.2/1.9 MB | 0.4/1.4 MB
2026.10.04 22:53:16 INFO  Progress (5): 4.2/6.3 MB | 2.1/12 MB | 2.2/2.6 MB | 1.2/1.9 MB | 0.4/1.4 MB
2026.10.04 22:53:16 INFO  Progress (5): 4.2/6.3 MB | 2.1/12 MB | 2.2/2.6 MB | 1.2/1.9 MB | 0.4/1.4 MB
2026.10.04 22:53:16 INFO  Progress (5): 4.2/6.3 MB | 2.1/12 MB | 2.2/2.6 MB | 1.2/1.9 MB | 0.4/1.4 MB
2026.10.04 22:53:16 INFO  Progress (5): 4.2/6.3 MB | 2.1/12 MB | 2.2/2.6 MB | 1.2/1.9 MB | 0.4/1.4 MB
2026.10.04 22:53:16 INFO  Progress (5): 4.2/6.3 MB | 2.1/12 MB | 2.2/2.6 MB | 1.2/1.9 MB | 0.4/1.4 MB
2026.10.04 22:53:16 INFO  Progress (5): 4.2/6.3 MB | 2.1/12 MB | 2.2/2.6 MB | 1.2/1.9 MB | 0.4/1.4 MB
2026.10.04 22:53:16 INFO  Progress (5): 4.2/6.3 MB | 2.1/12 MB | 2.2/2.6 MB | 1.2/1.9 MB | 0.4/1.4 MB
2026.10.04 22:53:16 INFO  Progress (5): 4.2/6.3 MB | 2.1/12 MB | 2.2/2.6 MB | 1.2/1.9 MB | 0.4/1.4 MB
2026.10.04 22:53:16 INFO  Progress (5): 4.2/6.3 MB | 2.1/12 MB | 2.2/2.6 MB | 1.2/1.9 MB | 0.5/1.4 MB
2026.10.04 22:53:16 INFO  Progress (5): 4.3/6.3 MB | 2.1/12 MB | 2.2/2.6 MB | 1.2/1.9 MB | 0.5/1.4 MB
2026.10.04 22:53:16 INFO  Progress (5): 4.3/6.3 MB | 2.1/12 MB | 2.2/2.6 MB | 1.2/1.9 MB | 0.5/1.4 MB
2026.10.04 22:53:16 INFO  Progress (5): 4.3/6.3 MB | 2.1/12 MB | 2.2/2.6 MB | 1.2/1.9 MB | 0.5/1.4 MB
2026.10.04 22:53:16 INFO  Progress (5): 4.3/6.3 MB | 2.1/12 MB | 2.2/2.6 MB | 1.2/1.9 MB | 0.5/1.4 MB
2026.10.04 22:53:16 INFO  Progress (5): 4.3/6.3 MB | 2.1/12 MB | 2.2/2.6 MB | 1.2/1.9 MB | 0.5/1.4 MB
2026.10.04 22:53:16 INFO  Progress (5): 4.3/6.3 MB | 2.1/12 MB | 2.2/2.6 MB | 1.2/1.9 MB | 0.5/1.4 MB
2026.10.04 22:53:16 INFO  Progress (5): 4.3/6.3 MB | 2.1/12 MB | 2.2/2.6 MB | 1.3/1.9 MB | 0.5/1.4 MB
2026.10.04 22:53:16 INFO  Progress (5): 4.3/6.3 MB | 2.1/12 MB | 2.2/2.6 MB | 1.3/1.9 MB | 0.5/1.4 MB
2026.10.04 22:53:16 INFO  Progress (5): 4.3/6.3 MB | 2.1/12 MB | 2.2/2.6 MB | 1.3/1.9 MB | 0.5/1.4 MB
2026.10.04 22:53:16 INFO  Progress (5): 4.3/6.3 MB | 2.1/12 MB | 2.2/2.6 MB | 1.3/1.9 MB | 0.5/1.4 MB
2026.10.04 22:53:16 INFO  Progress (5): 4.3/6.3 MB | 2.1/12 MB | 2.2/2.6 MB | 1.3/1.9 MB | 0.5/1.4 MB
2026.10.04 22:53:16 INFO  Progress (5): 4.3/6.3 MB | 2.1/12 MB | 2.2/2.6 MB | 1.3/1.9 MB | 0.5/1.4 MB
2026.10.04 22:53:16 INFO  Progress (5): 4.3/6.3 MB | 2.1/12 MB | 2.2/2.6 MB | 1.3/1.9 MB | 0.5/1.4 MB
2026.10.04 22:53:16 INFO  Progress (5): 4.3/6.3 MB | 2.1/12 MB | 2.2/2.6 MB | 1.3/1.9 MB | 0.5/1.4 MB
2026.10.04 22:53:16 INFO  Progress (5): 4.3/6.3 MB | 2.1/12 MB | 2.2/2.6 MB | 1.3/1.9 MB | 0.5/1.4 MB
2026.10.04 22:53:16 INFO  Progress (5): 4.3/6.3 MB | 2.1/12 MB | 2.2/2.6 MB | 1.3/1.9 MB | 0.5/1.4 MB
2026.10.04 22:53:16 INFO  Progress (5): 4.3/6.3 MB | 2.1/12 MB | 2.2/2.6 MB | 1.3/1.9 MB | 0.5/1.4 MB
2026.10.04 22:53:16 INFO  Progress (5): 4.3/6.3 MB | 2.1/12 MB | 2.2/2.6 MB | 1.3/1.9 MB | 0.5/1.4 MB
2026.10.04 22:53:16 INFO  Progress (5): 4.3/6.3 MB | 2.1/12 MB | 2.2/2.6 MB | 1.4/1.9 MB | 0.5/1.4 MB
2026.10.04 22:53:16 INFO  Progress (5): 4.3/6.3 MB | 2.1/12 MB | 2.2/2.6 MB | 1.4/1.9 MB | 0.5/1.4 MB
2026.10.04 22:53:16 INFO  Progress (5): 4.3/6.3 MB | 2.1/12 MB | 2.2/2.6 MB | 1.4/1.9 MB | 0.5/1.4 MB
2026.10.04 22:53:16 INFO  Progress (5): 4.3/6.3 MB | 2.1/12 MB | 2.2/2.6 MB | 1.4/1.9 MB | 0.5/1.4 MB
2026.10.04 22:53:16 INFO  Progress (5): 4.3/6.3 MB | 2.1/12 MB | 2.2/2.6 MB | 1.4/1.9 MB | 0.5/1.4 MB
2026.10.04 22:53:16 INFO  Progress (5): 4.3/6.3 MB | 2.1/12 MB | 2.2/2.6 MB | 1.4/1.9 MB | 0.5/1.4 MB
2026.10.04 22:53:16 INFO  Progress (5): 4.3/6.3 MB | 2.1/12 MB | 2.2/2.6 MB | 1.4/1.9 MB | 0.5/1.4 MB
2026.10.04 22:53:16 INFO  Progress (5): 4.3/6.3 MB | 2.1/12 MB | 2.2/2.6 MB | 1.4/1.9 MB | 0.5/1.4 MB
2026.10.04 22:53:16 INFO  Progress (5): 4.3/6.3 MB | 2.1/12 MB | 2.2/2.6 MB | 1.4/1.9 MB | 0.5/1.4 MB
2026.10.04 22:53:16 INFO  Progress (5): 4.3/6.3 MB | 2.1/12 MB | 2.2/2.6 MB | 1.4/1.9 MB | 0.5/1.4 MB
2026.10.04 22:53:16 INFO  Progress (5): 4.3/6.3 MB | 2.1/12 MB | 2.2/2.6 MB | 1.4/1.9 MB | 0.5/1.4 MB
2026.10.04 22:53:16 INFO  Progress (5): 4.3/6.3 MB | 2.1/12 MB | 2.3/2.6 MB | 1.4/1.9 MB | 0.5/1.4 MB
2026.10.04 22:53:16 INFO  Progress (5): 4.3/6.3 MB | 2.1/12 MB | 2.3/2.6 MB | 1.4/1.9 MB | 0.5/1.4 MB
2026.10.04 22:53:16 INFO  Progress (5): 4.3/6.3 MB | 2.1/12 MB | 2.3/2.6 MB | 1.4/1.9 MB | 0.6/1.4 MB
2026.10.04 22:53:16 INFO  Progress (5): 4.3/6.3 MB | 2.1/12 MB | 2.3/2.6 MB | 1.4/1.9 MB | 0.6/1.4 MB
2026.10.04 22:53:16 INFO  Progress (5): 4.3/6.3 MB | 2.1/12 MB | 2.3/2.6 MB | 1.4/1.9 MB | 0.6/1.4 MB
2026.10.04 22:53:16 INFO  Progress (5): 4.3/6.3 MB | 2.1/12 MB | 2.3/2.6 MB | 1.4/1.9 MB | 0.6/1.4 MB
2026.10.04 22:53:16 INFO  Progress (5): 4.4/6.3 MB | 2.1/12 MB | 2.3/2.6 MB | 1.4/1.9 MB | 0.6/1.4 MB
2026.10.04 22:53:16 INFO  Progress (5): 4.4/6.3 MB | 2.1/12 MB | 2.3/2.6 MB | 1.4/1.9 MB | 0.6/1.4 MB
2026.10.04 22:53:16 INFO  Progress (5): 4.4/6.3 MB | 2.1/12 MB | 2.3/2.6 MB | 1.4/1.9 MB | 0.6/1.4 MB
2026.10.04 22:53:16 INFO  Progress (5): 4.4/6.3 MB | 2.1/12 MB | 2.3/2.6 MB | 1.4/1.9 MB | 0.6/1.4 MB
2026.10.04 22:53:16 INFO  Progress (5): 4.4/6.3 MB | 2.1/12 MB | 2.3/2.6 MB | 1.4/1.9 MB | 0.6/1.4 MB
2026.10.04 22:53:16 INFO  Progress (5): 4.4/6.3 MB | 2.1/12 MB | 2.3/2.6 MB | 1.4/1.9 MB | 0.6/1.4 MB
2026.10.04 22:53:16 INFO  Progress (5): 4.4/6.3 MB | 2.1/12 MB | 2.3/2.6 MB | 1.4/1.9 MB | 0.6/1.4 MB
2026.10.04 22:53:16 INFO  Progress (5): 4.4/6.3 MB | 2.2/12 MB | 2.3/2.6 MB | 1.4/1.9 MB | 0.6/1.4 MB
2026.10.04 22:53:16 INFO  Progress (5): 4.4/6.3 MB | 2.2/12 MB | 2.3/2.6 MB | 1.5/1.9 MB | 0.6/1.4 MB
2026.10.04 22:53:16 INFO  Progress (5): 4.4/6.3 MB | 2.2/12 MB | 2.3/2.6 MB | 1.5/1.9 MB | 0.6/1.4 MB
2026.10.04 22:53:16 INFO  Progress (5): 4.4/6.3 MB | 2.2/12 MB | 2.3/2.6 MB | 1.5/1.9 MB | 0.6/1.4 MB
2026.10.04 22:53:16 INFO  Progress (5): 4.4/6.3 MB | 2.2/12 MB | 2.3/2.6 MB | 1.5/1.9 MB | 0.6/1.4 MB
2026.10.04 22:53:16 INFO  Progress (5): 4.4/6.3 MB | 2.2/12 MB | 2.3/2.6 MB | 1.5/1.9 MB | 0.6/1.4 MB
2026.10.04 22:53:16 INFO  Progress (5): 4.4/6.3 MB | 2.2/12 MB | 2.3/2.6 MB | 1.5/1.9 MB | 0.6/1.4 MB
2026.10.04 22:53:16 INFO  Progress (5): 4.4/6.3 MB | 2.2/12 MB | 2.3/2.6 MB | 1.5/1.9 MB | 0.6/1.4 MB
2026.10.04 22:53:16 INFO  Progress (5): 4.4/6.3 MB | 2.2/12 MB | 2.3/2.6 MB | 1.5/1.9 MB | 0.6/1.4 MB
2026.10.04 22:53:16 INFO  Progress (5): 4.4/6.3 MB | 2.2/12 MB | 2.3/2.6 MB | 1.6/1.9 MB | 0.6/1.4 MB
2026.10.04 22:53:16 INFO  Progress (5): 4.4/6.3 MB | 2.2/12 MB | 2.3/2.6 MB | 1.6/1.9 MB | 0.6/1.4 MB
2026.10.04 22:53:16 INFO  Progress (5): 4.4/6.3 MB | 2.2/12 MB | 2.3/2.6 MB | 1.6/1.9 MB | 0.6/1.4 MB
2026.10.04 22:53:16 INFO  Progress (5): 4.4/6.3 MB | 2.2/12 MB | 2.3/2.6 MB | 1.6/1.9 MB | 0.6/1.4 MB
2026.10.04 22:53:16 INFO  Progress (5): 4.4/6.3 MB | 2.2/12 MB | 2.3/2.6 MB | 1.6/1.9 MB | 0.6/1.4 MB
2026.10.04 22:53:16 INFO  Progress (5): 4.4/6.3 MB | 2.2/12 MB | 2.3/2.6 MB | 1.6/1.9 MB | 0.6/1.4 MB
2026.10.04 22:53:16 INFO  Progress (5): 4.4/6.3 MB | 2.2/12 MB | 2.3/2.6 MB | 1.6/1.9 MB | 0.6/1.4 MB
2026.10.04 22:53:16 INFO  Progress (5): 4.4/6.3 MB | 2.2/12 MB | 2.3/2.6 MB | 1.6/1.9 MB | 0.6/1.4 MB
2026.10.04 22:53:16 INFO  Progress (5): 4.4/6.3 MB | 2.2/12 MB | 2.3/2.6 MB | 1.6/1.9 MB | 0.6/1.4 MB
2026.10.04 22:53:16 INFO  Progress (5): 4.4/6.3 MB | 2.2/12 MB | 2.3/2.6 MB | 1.7/1.9 MB | 0.6/1.4 MB
2026.10.04 22:53:16 INFO  Progress (5): 4.4/6.3 MB | 2.2/12 MB | 2.3/2.6 MB | 1.7/1.9 MB | 0.7/1.4 MB
2026.10.04 22:53:16 INFO  Progress (5): 4.4/6.3 MB | 2.2/12 MB | 2.3/2.6 MB | 1.7/1.9 MB | 0.7/1.4 MB
2026.10.04 22:53:16 INFO  Progress (5): 4.4/6.3 MB | 2.2/12 MB | 2.3/2.6 MB | 1.7/1.9 MB | 0.7/1.4 MB
2026.10.04 22:53:16 INFO  Progress (5): 4.4/6.3 MB | 2.2/12 MB | 2.3/2.6 MB | 1.7/1.9 MB | 0.7/1.4 MB
2026.10.04 22:53:16 INFO  Progress (5): 4.4/6.3 MB | 2.2/12 MB | 2.3/2.6 MB | 1.7/1.9 MB | 0.7/1.4 MB
2026.10.04 22:53:16 INFO  Progress (5): 4.4/6.3 MB | 2.2/12 MB | 2.3/2.6 MB | 1.7/1.9 MB | 0.7/1.4 MB
2026.10.04 22:53:16 INFO  Progress (5): 4.4/6.3 MB | 2.2/12 MB | 2.3/2.6 MB | 1.7/1.9 MB | 0.7/1.4 MB
2026.10.04 22:53:16 INFO  Progress (5): 4.4/6.3 MB | 2.2/12 MB | 2.3/2.6 MB | 1.7/1.9 MB | 0.7/1.4 MB
2026.10.04 22:53:16 INFO  Progress (5): 4.4/6.3 MB | 2.2/12 MB | 2.3/2.6 MB | 1.7/1.9 MB | 0.7/1.4 MB
2026.10.04 22:53:16 INFO  Progress (5): 4.4/6.3 MB | 2.2/12 MB | 2.4/2.6 MB | 1.7/1.9 MB | 0.7/1.4 MB
2026.10.04 22:53:16 INFO  Progress (5): 4.4/6.3 MB | 2.2/12 MB | 2.4/2.6 MB | 1.7/1.9 MB | 0.7/1.4 MB
2026.10.04 22:53:16 INFO  Progress (5): 4.4/6.3 MB | 2.2/12 MB | 2.4/2.6 MB | 1.7/1.9 MB | 0.7/1.4 MB
2026.10.04 22:53:16 INFO  Progress (5): 4.4/6.3 MB | 2.2/12 MB | 2.4/2.6 MB | 1.7/1.9 MB | 0.7/1.4 MB
2026.10.04 22:53:16 INFO  Progress (5): 4.4/6.3 MB | 2.2/12 MB | 2.4/2.6 MB | 1.7/1.9 MB | 0.7/1.4 MB
2026.10.04 22:53:16 INFO  Progress (5): 4.4/6.3 MB | 2.2/12 MB | 2.4/2.6 MB | 1.7/1.9 MB | 0.7/1.4 MB
2026.10.04 22:53:16 INFO  Progress (5): 4.4/6.3 MB | 2.2/12 MB | 2.4/2.6 MB | 1.7/1.9 MB | 0.7/1.4 MB
2026.10.04 22:53:16 INFO  Progress (5): 4.4/6.3 MB | 2.2/12 MB | 2.4/2.6 MB | 1.7/1.9 MB | 0.7/1.4 MB
2026.10.04 22:53:16 INFO  Progress (5): 4.4/6.3 MB | 2.2/12 MB | 2.4/2.6 MB | 1.7/1.9 MB | 0.7/1.4 MB
2026.10.04 22:53:16 INFO  Progress (5): 4.5/6.3 MB | 2.2/12 MB | 2.4/2.6 MB | 1.7/1.9 MB | 0.7/1.4 MB
2026.10.04 22:53:16 INFO  Progress (5): 4.5/6.3 MB | 2.2/12 MB | 2.4/2.6 MB | 1.7/1.9 MB | 0.7/1.4 MB
2026.10.04 22:53:16 INFO  Progress (5): 4.5/6.3 MB | 2.2/12 MB | 2.4/2.6 MB | 1.7/1.9 MB | 0.7/1.4 MB
2026.10.04 22:53:16 INFO  Progress (5): 4.5/6.3 MB | 2.2/12 MB | 2.4/2.6 MB | 1.7/1.9 MB | 0.7/1.4 MB
2026.10.04 22:53:16 INFO  Progress (5): 4.5/6.3 MB | 2.2/12 MB | 2.4/2.6 MB | 1.7/1.9 MB | 0.7/1.4 MB
2026.10.04 22:53:16 INFO  Progress (5): 4.5/6.3 MB | 2.2/12 MB | 2.4/2.6 MB | 1.7/1.9 MB | 0.7/1.4 MB
2026.10.04 22:53:16 INFO  Progress (5): 4.5/6.3 MB | 2.2/12 MB | 2.4/2.6 MB | 1.7/1.9 MB | 0.7/1.4 MB
2026.10.04 22:53:16 INFO  Progress (5): 4.6/6.3 MB | 2.2/12 MB | 2.4/2.6 MB | 1.7/1.9 MB | 0.7/1.4 MB
2026.10.04 22:53:16 INFO  Progress (5): 4.6/6.3 MB | 2.2/12 MB | 2.4/2.6 MB | 1.7/1.9 MB | 0.7/1.4 MB
2026.10.04 22:53:16 INFO  Progress (5): 4.6/6.3 MB | 2.2/12 MB | 2.4/2.6 MB | 1.7/1.9 MB | 0.7/1.4 MB
2026.10.04 22:53:16 INFO  Progress (5): 4.6/6.3 MB | 2.2/12 MB | 2.4/2.6 MB | 1.7/1.9 MB | 0.7/1.4 MB
2026.10.04 22:53:16 INFO  Progress (5): 4.6/6.3 MB | 2.2/12 MB | 2.4/2.6 MB | 1.7/1.9 MB | 0.7/1.4 MB
2026.10.04 22:53:16 INFO  Progress (5): 4.6/6.3 MB | 2.2/12 MB | 2.4/2.6 MB | 1.7/1.9 MB | 0.7/1.4 MB
2026.10.04 22:53:16 INFO  Progress (5): 4.6/6.3 MB | 2.3/12 MB | 2.4/2.6 MB | 1.7/1.9 MB | 0.7/1.4 MB
2026.10.04 22:53:16 INFO  Progress (5): 4.6/6.3 MB | 2.3/12 MB | 2.4/2.6 MB | 1.7/1.9 MB | 0.7/1.4 MB
2026.10.04 22:53:16 INFO  Progress (5): 4.6/6.3 MB | 2.3/12 MB | 2.4/2.6 MB | 1.7/1.9 MB | 0.7/1.4 MB
2026.10.04 22:53:16 INFO  Progress (5): 4.6/6.3 MB | 2.3/12 MB | 2.4/2.6 MB | 1.7/1.9 MB | 0.7/1.4 MB
2026.10.04 22:53:16 INFO  Progress (5): 4.6/6.3 MB | 2.3/12 MB | 2.4/2.6 MB | 1.7/1.9 MB | 0.7/1.4 MB
2026.10.04 22:53:16 INFO  Progress (5): 4.6/6.3 MB | 2.3/12 MB | 2.5/2.6 MB | 1.7/1.9 MB | 0.7/1.4 MB
2026.10.04 22:53:16 INFO  Progress (5): 4.7/6.3 MB | 2.3/12 MB | 2.5/2.6 MB | 1.7/1.9 MB | 0.7/1.4 MB
2026.10.04 22:53:16 INFO  Progress (5): 4.7/6.3 MB | 2.3/12 MB | 2.5/2.6 MB | 1.7/1.9 MB | 0.7/1.4 MB
2026.10.04 22:53:16 INFO  Progress (5): 4.7/6.3 MB | 2.3/12 MB | 2.5/2.6 MB | 1.7/1.9 MB | 0.7/1.4 MB
2026.10.04 22:53:16 INFO  Progress (5): 4.7/6.3 MB | 2.3/12 MB | 2.5/2.6 MB | 1.7/1.9 MB | 0.7/1.4 MB
2026.10.04 22:53:16 INFO  Progress (5): 4.7/6.3 MB | 2.3/12 MB | 2.5/2.6 MB | 1.7/1.9 MB | 0.7/1.4 MB
2026.10.04 22:53:16 INFO  Progress (5): 4.7/6.3 MB | 2.3/12 MB | 2.5/2.6 MB | 1.7/1.9 MB | 0.7/1.4 MB
2026.10.04 22:53:16 INFO  Progress (5): 4.7/6.3 MB | 2.3/12 MB | 2.5/2.6 MB | 1.7/1.9 MB | 0.7/1.4 MB
2026.10.04 22:53:16 INFO  Progress (5): 4.7/6.3 MB | 2.3/12 MB | 2.5/2.6 MB | 1.7/1.9 MB | 0.7/1.4 MB
2026.10.04 22:53:16 INFO  Progress (5): 4.7/6.3 MB | 2.3/12 MB | 2.5/2.6 MB | 1.7/1.9 MB | 0.7/1.4 MB
2026.10.04 22:53:16 INFO  Progress (5): 4.7/6.3 MB | 2.3/12 MB | 2.5/2.6 MB | 1.7/1.9 MB | 0.7/1.4 MB
2026.10.04 22:53:16 INFO  Progress (5): 4.8/6.3 MB | 2.3/12 MB | 2.5/2.6 MB | 1.7/1.9 MB | 0.7/1.4 MB
2026.10.04 22:53:16 INFO  Progress (5): 4.8/6.3 MB | 2.3/12 MB | 2.5/2.6 MB | 1.7/1.9 MB | 0.7/1.4 MB
2026.10.04 22:53:16 INFO  Progress (5): 4.8/6.3 MB | 2.3/12 MB | 2.5/2.6 MB | 1.7/1.9 MB | 0.7/1.4 MB
2026.10.04 22:53:16 INFO  Progress (5): 4.8/6.3 MB | 2.3/12 MB | 2.5/2.6 MB | 1.7/1.9 MB | 0.7/1.4 MB
2026.10.04 22:53:16 INFO  Progress (5): 4.8/6.3 MB | 2.3/12 MB | 2.5/2.6 MB | 1.7/1.9 MB | 0.7/1.4 MB
2026.10.04 22:53:16 INFO  Progress (5): 4.8/6.3 MB | 2.3/12 MB | 2.5/2.6 MB | 1.7/1.9 MB | 0.7/1.4 MB
2026.10.04 22:53:16 INFO  Progress (5): 4.8/6.3 MB | 2.3/12 MB | 2.5/2.6 MB | 1.8/1.9 MB | 0.7/1.4 MB
2026.10.04 22:53:16 INFO  Progress (5): 4.8/6.3 MB | 2.3/12 MB | 2.5/2.6 MB | 1.8/1.9 MB | 0.7/1.4 MB
2026.10.04 22:53:16 INFO  Progress (5): 4.8/6.3 MB | 2.3/12 MB | 2.5/2.6 MB | 1.8/1.9 MB | 0.8/1.4 MB
2026.10.04 22:53:16 INFO  Progress (5): 4.8/6.3 MB | 2.3/12 MB | 2.5/2.6 MB | 1.8/1.9 MB | 0.8/1.4 MB
2026.10.04 22:53:16 INFO  Progress (5): 4.8/6.3 MB | 2.3/12 MB | 2.5/2.6 MB | 1.8/1.9 MB | 0.8/1.4 MB
2026.10.04 22:53:16 INFO  Progress (5): 4.8/6.3 MB | 2.3/12 MB | 2.5/2.6 MB | 1.8/1.9 MB | 0.8/1.4 MB
2026.10.04 22:53:16 INFO  Progress (5): 4.8/6.3 MB | 2.3/12 MB | 2.5/2.6 MB | 1.8/1.9 MB | 0.8/1.4 MB
2026.10.04 22:53:16 INFO  Progress (5): 4.8/6.3 MB | 2.3/12 MB | 2.5/2.6 MB | 1.8/1.9 MB | 0.8/1.4 MB
2026.10.04 22:53:16 INFO  Progress (5): 4.8/6.3 MB | 2.3/12 MB | 2.5/2.6 MB | 1.8/1.9 MB | 0.8/1.4 MB
2026.10.04 22:53:16 INFO  Progress (5): 4.8/6.3 MB | 2.3/12 MB | 2.5/2.6 MB | 1.8/1.9 MB | 0.8/1.4 MB
2026.10.04 22:53:16 INFO  Progress (5): 4.8/6.3 MB | 2.3/12 MB | 2.5/2.6 MB | 1.8/1.9 MB | 0.8/1.4 MB
2026.10.04 22:53:16 INFO  Progress (5): 4.8/6.3 MB | 2.3/12 MB | 2.5/2.6 MB | 1.8/1.9 MB | 0.8/1.4 MB
2026.10.04 22:53:16 INFO  Progress (5): 4.9/6.3 MB | 2.3/12 MB | 2.5/2.6 MB | 1.8/1.9 MB | 0.8/1.4 MB
2026.10.04 22:53:16 INFO  Progress (5): 4.9/6.3 MB | 2.3/12 MB | 2.5/2.6 MB | 1.8/1.9 MB | 0.8/1.4 MB
2026.10.04 22:53:16 INFO  Progress (5): 4.9/6.3 MB | 2.3/12 MB | 2.5/2.6 MB | 1.8/1.9 MB | 0.8/1.4 MB
2026.10.04 22:53:16 INFO  Progress (5): 4.9/6.3 MB | 2.3/12 MB | 2.5/2.6 MB | 1.8/1.9 MB | 0.8/1.4 MB
2026.10.04 22:53:16 INFO  Progress (5): 4.9/6.3 MB | 2.3/12 MB | 2.5/2.6 MB | 1.8/1.9 MB | 0.8/1.4 MB
2026.10.04 22:53:16 INFO  Progress (5): 4.9/6.3 MB | 2.3/12 MB | 2.6/2.6 MB | 1.8/1.9 MB | 0.8/1.4 MB
2026.10.04 22:53:16 INFO  Progress (5): 4.9/6.3 MB | 2.3/12 MB | 2.6/2.6 MB | 1.8/1.9 MB | 0.8/1.4 MB
2026.10.04 22:53:16 INFO  Progress (5): 4.9/6.3 MB | 2.3/12 MB | 2.6/2.6 MB | 1.8/1.9 MB | 0.8/1.4 MB
2026.10.04 22:53:16 INFO  Progress (5): 4.9/6.3 MB | 2.3/12 MB | 2.6/2.6 MB | 1.8/1.9 MB | 0.8/1.4 MB
2026.10.04 22:53:16 INFO  Progress (5): 4.9/6.3 MB | 2.3/12 MB | 2.6/2.6 MB | 1.8/1.9 MB | 0.8/1.4 MB
2026.10.04 22:53:16 INFO  Progress (5): 4.9/6.3 MB | 2.3/12 MB | 2.6/2.6 MB | 1.8/1.9 MB | 0.8/1.4 MB
2026.10.04 22:53:16 INFO  Progress (5): 4.9/6.3 MB | 2.3/12 MB | 2.6/2.6 MB | 1.8/1.9 MB | 0.8/1.4 MB
2026.10.04 22:53:16 INFO  Progress (5): 4.9/6.3 MB | 2.3/12 MB | 2.6/2.6 MB | 1.8/1.9 MB | 0.8/1.4 MB
2026.10.04 22:53:16 INFO  Progress (5): 4.9/6.3 MB | 2.3/12 MB | 2.6/2.6 MB | 1.8/1.9 MB | 0.8/1.4 MB
2026.10.04 22:53:16 INFO  Progress (5): 4.9/6.3 MB | 2.3/12 MB | 2.6/2.6 MB | 1.8/1.9 MB | 0.8/1.4 MB
2026.10.04 22:53:16 INFO  Progress (5): 4.9/6.3 MB | 2.3/12 MB | 2.6/2.6 MB | 1.8/1.9 MB | 0.8/1.4 MB
2026.10.04 22:53:16 INFO  Progress (5): 4.9/6.3 MB | 2.3/12 MB | 2.6/2.6 MB | 1.9/1.9 MB | 0.8/1.4 MB
2026.10.04 22:53:16 INFO  Progress (5): 4.9/6.3 MB | 2.4/12 MB | 2.6/2.6 MB | 1.9/1.9 MB | 0.8/1.4 MB
2026.10.04 22:53:16 INFO  Progress (5): 4.9/6.3 MB | 2.4/12 MB | 2.6/2.6 MB | 1.9 MB | 0.8/1.4 MB    
2026.10.04 22:53:16 INFO  Progress (5): 4.9/6.3 MB | 2.4/12 MB | 2.6/2.6 MB | 1.9 MB | 0.8/1.4 MB
2026.10.04 22:53:16 INFO  Progress (5): 4.9/6.3 MB | 2.4/12 MB | 2.6/2.6 MB | 1.9 MB | 0.8/1.4 MB
2026.10.04 22:53:16 INFO  Progress (5): 4.9/6.3 MB | 2.4/12 MB | 2.6/2.6 MB | 1.9 MB | 0.8/1.4 MB
2026.10.04 22:53:16 INFO  Progress (5): 4.9/6.3 MB | 2.4/12 MB | 2.6/2.6 MB | 1.9 MB | 0.8/1.4 MB
2026.10.04 22:53:16 INFO  Progress (5): 4.9/6.3 MB | 2.4/12 MB | 2.6/2.6 MB | 1.9 MB | 0.8/1.4 MB
2026.10.04 22:53:16 INFO  Progress (5): 4.9/6.3 MB | 2.4/12 MB | 2.6/2.6 MB | 1.9 MB | 0.8/1.4 MB
2026.10.04 22:53:16 INFO  Progress (5): 4.9/6.3 MB | 2.4/12 MB | 2.6/2.6 MB | 1.9 MB | 0.9/1.4 MB
2026.10.04 22:53:16 INFO  Progress (5): 4.9/6.3 MB | 2.4/12 MB | 2.6/2.6 MB | 1.9 MB | 0.9/1.4 MB
2026.10.04 22:53:16 INFO  Progress (5): 4.9/6.3 MB | 2.4/12 MB | 2.6/2.6 MB | 1.9 MB | 0.9/1.4 MB
2026.10.04 22:53:16 INFO  Progress (5): 4.9/6.3 MB | 2.4/12 MB | 2.6/2.6 MB | 1.9 MB | 0.9/1.4 MB
2026.10.04 22:53:16 INFO  Progress (5): 4.9/6.3 MB | 2.4/12 MB | 2.6 MB | 1.9 MB | 0.9/1.4 MB    
2026.10.04 22:53:16 INFO  Progress (5): 5.0/6.3 MB | 2.4/12 MB | 2.6 MB | 1.9 MB | 0.9/1.4 MB
2026.10.04 22:53:16 INFO  Progress (5): 5.0/6.3 MB | 2.4/12 MB | 2.6 MB | 1.9 MB | 0.9/1.4 MB
2026.10.04 22:53:16 INFO                                                                     
2026.10.04 22:53:16 INFO  Downloaded from central: https://repo.maven.apache.org/maven2/net/java/dev/jna/jna/5.12.0/jna-5.12.0.jar (1.9 MB at 837 kB/s)
2026.10.04 22:53:16 INFO  Downloading from central: https://repo.maven.apache.org/maven2/org/scala-sbt/util-logging_2.13/1.8.0/util-logging_2.13-1.8.0.jar
2026.10.04 22:53:16 INFO  Progress (4): 5.0/6.3 MB | 2.4/12 MB | 2.6 MB | 0.9/1.4 MB
2026.10.04 22:53:16 INFO  Progress (4): 5.0/6.3 MB | 2.4/12 MB | 2.6 MB | 0.9/1.4 MB
2026.10.04 22:53:16 INFO  Progress (4): 5.0/6.3 MB | 2.4/12 MB | 2.6 MB | 0.9/1.4 MB
2026.10.04 22:53:16 INFO  Progress (4): 5.0/6.3 MB | 2.4/12 MB | 2.6 MB | 0.9/1.4 MB
2026.10.04 22:53:16 INFO  Progress (4): 5.0/6.3 MB | 2.4/12 MB | 2.6 MB | 0.9/1.4 MB
2026.10.04 22:53:16 INFO  Progress (4): 5.0/6.3 MB | 2.4/12 MB | 2.6 MB | 0.9/1.4 MB
2026.10.04 22:53:16 INFO  Progress (4): 5.0/6.3 MB | 2.4/12 MB | 2.6 MB | 0.9/1.4 MB
2026.10.04 22:53:16 INFO                                                            
2026.10.04 22:53:16 INFO  Downloaded from central: https://repo.maven.apache.org/maven2/org/scala-sbt/zinc-persist-core-assembly/1.8.0/zinc-persist-core-assembly-1.8.0.jar (2.6 MB at 1.2 MB/s)
2026.10.04 22:53:16 INFO  Downloading from central: https://repo.maven.apache.org/maven2/org/scala-sbt/collections_2.13/1.8.0/collections_2.13-1.8.0.jar
2026.10.04 22:53:16 INFO  Progress (3): 5.0/6.3 MB | 2.4/12 MB | 0.9/1.4 MB
2026.10.04 22:53:16 INFO  Progress (3): 5.0/6.3 MB | 2.4/12 MB | 0.9/1.4 MB
2026.10.04 22:53:16 INFO  Progress (3): 5.0/6.3 MB | 2.4/12 MB | 0.9/1.4 MB
2026.10.04 22:53:16 INFO  Progress (3): 5.1/6.3 MB | 2.4/12 MB | 0.9/1.4 MB
2026.10.04 22:53:16 INFO  Progress (3): 5.1/6.3 MB | 2.5/12 MB | 0.9/1.4 MB
2026.10.04 22:53:16 INFO  Progress (3): 5.1/6.3 MB | 2.5/12 MB | 0.9/1.4 MB
2026.10.04 22:53:16 INFO  Progress (3): 5.1/6.3 MB | 2.5/12 MB | 1.0/1.4 MB
2026.10.04 22:53:16 INFO  Progress (3): 5.1/6.3 MB | 2.5/12 MB | 1.0/1.4 MB
2026.10.04 22:53:16 INFO  Progress (3): 5.1/6.3 MB | 2.5/12 MB | 1.0/1.4 MB
2026.10.04 22:53:16 INFO  Progress (3): 5.1/6.3 MB | 2.5/12 MB | 1.0/1.4 MB
2026.10.04 22:53:16 INFO  Progress (3): 5.1/6.3 MB | 2.5/12 MB | 1.0/1.4 MB
2026.10.04 22:53:16 INFO  Progress (3): 5.1/6.3 MB | 2.5/12 MB | 1.0/1.4 MB
2026.10.04 22:53:16 INFO  Progress (4): 5.1/6.3 MB | 2.5/12 MB | 1.0/1.4 MB | 7.7/463 kB
2026.10.04 22:53:16 INFO  Progress (4): 5.1/6.3 MB | 2.5/12 MB | 1.0/1.4 MB | 8.2/463 kB
2026.10.04 22:53:16 INFO  Progress (4): 5.1/6.3 MB | 2.5/12 MB | 1.0/1.4 MB | 8.2/463 kB
2026.10.04 22:53:16 INFO  Progress (4): 5.1/6.3 MB | 2.5/12 MB | 1.0/1.4 MB | 8.2/463 kB
2026.10.04 22:53:16 INFO  Progress (4): 5.1/6.3 MB | 2.5/12 MB | 1.0/1.4 MB | 8.2/463 kB
2026.10.04 22:53:16 INFO  Progress (4): 5.2/6.3 MB | 2.5/12 MB | 1.0/1.4 MB | 8.2/463 kB
2026.10.04 22:53:16 INFO  Progress (4): 5.2/6.3 MB | 2.5/12 MB | 1.0/1.4 MB | 25/463 kB 
2026.10.04 22:53:16 INFO  Progress (4): 5.2/6.3 MB | 2.5/12 MB | 1.0/1.4 MB | 25/463 kB
2026.10.04 22:53:16 INFO  Progress (4): 5.2/6.3 MB | 2.5/12 MB | 1.0/1.4 MB | 25/463 kB
2026.10.04 22:53:16 INFO  Progress (4): 5.2/6.3 MB | 2.5/12 MB | 1.0/1.4 MB | 25/463 kB
2026.10.04 22:53:16 INFO  Progress (5): 5.2/6.3 MB | 2.5/12 MB | 1.0/1.4 MB | 25/463 kB | 7.7/365 kB
2026.10.04 22:53:16 INFO  Progress (5): 5.2/6.3 MB | 2.5/12 MB | 1.0/1.4 MB | 25/463 kB | 7.7/365 kB
2026.10.04 22:53:16 INFO  Progress (5): 5.2/6.3 MB | 2.5/12 MB | 1.0/1.4 MB | 41/463 kB | 7.7/365 kB
2026.10.04 22:53:16 INFO  Progress (5): 5.2/6.3 MB | 2.5/12 MB | 1.0/1.4 MB | 41/463 kB | 12/365 kB 
2026.10.04 22:53:16 INFO  Progress (5): 5.2/6.3 MB | 2.5/12 MB | 1.0/1.4 MB | 41/463 kB | 12/365 kB
2026.10.04 22:53:16 INFO  Progress (5): 5.2/6.3 MB | 2.5/12 MB | 1.0/1.4 MB | 41/463 kB | 12/365 kB
2026.10.04 22:53:16 INFO  Progress (5): 5.2/6.3 MB | 2.5/12 MB | 1.0/1.4 MB | 41/463 kB | 12/365 kB
2026.10.04 22:53:16 INFO  Progress (5): 5.2/6.3 MB | 2.5/12 MB | 1.0/1.4 MB | 41/463 kB | 12/365 kB
2026.10.04 22:53:16 INFO  Progress (5): 5.2/6.3 MB | 2.5/12 MB | 1.0/1.4 MB | 41/463 kB | 12/365 kB
2026.10.04 22:53:16 INFO  Progress (5): 5.2/6.3 MB | 2.5/12 MB | 1.0/1.4 MB | 57/463 kB | 12/365 kB
2026.10.04 22:53:16 INFO  Progress (5): 5.2/6.3 MB | 2.5/12 MB | 1.0/1.4 MB | 57/463 kB | 29/365 kB
2026.10.04 22:53:16 INFO  Progress (5): 5.2/6.3 MB | 2.5/12 MB | 1.0/1.4 MB | 57/463 kB | 45/365 kB
2026.10.04 22:53:16 INFO  Progress (5): 5.2/6.3 MB | 2.5/12 MB | 1.0/1.4 MB | 57/463 kB | 45/365 kB
2026.10.04 22:53:16 INFO  Progress (5): 5.2/6.3 MB | 2.5/12 MB | 1.0/1.4 MB | 57/463 kB | 45/365 kB
2026.10.04 22:53:16 INFO  Progress (5): 5.2/6.3 MB | 2.5/12 MB | 1.0/1.4 MB | 74/463 kB | 45/365 kB
2026.10.04 22:53:16 INFO  Progress (5): 5.2/6.3 MB | 2.5/12 MB | 1.0/1.4 MB | 74/463 kB | 61/365 kB
2026.10.04 22:53:16 INFO  Progress (5): 5.3/6.3 MB | 2.5/12 MB | 1.0/1.4 MB | 74/463 kB | 61/365 kB
2026.10.04 22:53:16 INFO  Progress (5): 5.3/6.3 MB | 2.5/12 MB | 1.1/1.4 MB | 74/463 kB | 61/365 kB
2026.10.04 22:53:16 INFO  Progress (5): 5.3/6.3 MB | 2.5/12 MB | 1.1/1.4 MB | 74/463 kB | 78/365 kB
2026.10.04 22:53:16 INFO  Progress (5): 5.3/6.3 MB | 2.5/12 MB | 1.1/1.4 MB | 74/463 kB | 78/365 kB
2026.10.04 22:53:16 INFO  Progress (5): 5.3/6.3 MB | 2.5/12 MB | 1.1/1.4 MB | 74/463 kB | 78/365 kB
2026.10.04 22:53:16 INFO  Progress (5): 5.3/6.3 MB | 2.5/12 MB | 1.1/1.4 MB | 90/463 kB | 78/365 kB
2026.10.04 22:53:16 INFO  Progress (5): 5.3/6.3 MB | 2.6/12 MB | 1.1/1.4 MB | 90/463 kB | 78/365 kB
2026.10.04 22:53:16 INFO  Progress (5): 5.3/6.3 MB | 2.6/12 MB | 1.1/1.4 MB | 90/463 kB | 94/365 kB
2026.10.04 22:53:16 INFO  Progress (5): 5.3/6.3 MB | 2.6/12 MB | 1.1/1.4 MB | 90/463 kB | 94/365 kB
2026.10.04 22:53:16 INFO  Progress (5): 5.3/6.3 MB | 2.6/12 MB | 1.1/1.4 MB | 106/463 kB | 94/365 kB
2026.10.04 22:53:16 INFO  Progress (5): 5.3/6.3 MB | 2.6/12 MB | 1.1/1.4 MB | 106/463 kB | 94/365 kB
2026.10.04 22:53:16 INFO  Progress (5): 5.3/6.3 MB | 2.6/12 MB | 1.1/1.4 MB | 106/463 kB | 94/365 kB
2026.10.04 22:53:16 INFO  Progress (5): 5.3/6.3 MB | 2.6/12 MB | 1.1/1.4 MB | 106/463 kB | 94/365 kB
2026.10.04 22:53:16 INFO  Progress (5): 5.3/6.3 MB | 2.6/12 MB | 1.1/1.4 MB | 106/463 kB | 111/365 kB
2026.10.04 22:53:16 INFO  Progress (5): 5.3/6.3 MB | 2.6/12 MB | 1.1/1.4 MB | 106/463 kB | 111/365 kB
2026.10.04 22:53:16 INFO  Progress (5): 5.3/6.3 MB | 2.6/12 MB | 1.1/1.4 MB | 106/463 kB | 127/365 kB
2026.10.04 22:53:16 INFO  Progress (5): 5.3/6.3 MB | 2.6/12 MB | 1.1/1.4 MB | 106/463 kB | 127/365 kB
2026.10.04 22:53:16 INFO  Progress (5): 5.3/6.3 MB | 2.6/12 MB | 1.1/1.4 MB | 123/463 kB | 127/365 kB
2026.10.04 22:53:16 INFO  Progress (5): 5.3/6.3 MB | 2.6/12 MB | 1.1/1.4 MB | 123/463 kB | 127/365 kB
2026.10.04 22:53:16 INFO  Progress (5): 5.3/6.3 MB | 2.6/12 MB | 1.1/1.4 MB | 123/463 kB | 127/365 kB
2026.10.04 22:53:16 INFO  Progress (5): 5.4/6.3 MB | 2.6/12 MB | 1.1/1.4 MB | 123/463 kB | 127/365 kB
2026.10.04 22:53:16 INFO  Progress (5): 5.4/6.3 MB | 2.6/12 MB | 1.1/1.4 MB | 123/463 kB | 143/365 kB
2026.10.04 22:53:16 INFO  Progress (5): 5.4/6.3 MB | 2.6/12 MB | 1.1/1.4 MB | 139/463 kB | 143/365 kB
2026.10.04 22:53:16 INFO  Progress (5): 5.4/6.3 MB | 2.6/12 MB | 1.1/1.4 MB | 139/463 kB | 160/365 kB
2026.10.04 22:53:16 INFO  Progress (5): 5.4/6.3 MB | 2.6/12 MB | 1.1/1.4 MB | 139/463 kB | 160/365 kB
2026.10.04 22:53:16 INFO  Progress (5): 5.4/6.3 MB | 2.6/12 MB | 1.1/1.4 MB | 139/463 kB | 160/365 kB
2026.10.04 22:53:16 INFO  Progress (5): 5.4/6.3 MB | 2.6/12 MB | 1.1/1.4 MB | 139/463 kB | 160/365 kB
2026.10.04 22:53:16 INFO  Progress (5): 5.4/6.3 MB | 2.6/12 MB | 1.1/1.4 MB | 139/463 kB | 160/365 kB
2026.10.04 22:53:16 INFO  Progress (5): 5.4/6.3 MB | 2.6/12 MB | 1.1/1.4 MB | 156/463 kB | 160/365 kB
2026.10.04 22:53:16 INFO  Progress (5): 5.4/6.3 MB | 2.6/12 MB | 1.1/1.4 MB | 156/463 kB | 160/365 kB
2026.10.04 22:53:16 INFO  Progress (5): 5.4/6.3 MB | 2.6/12 MB | 1.1/1.4 MB | 172/463 kB | 160/365 kB
2026.10.04 22:53:16 INFO  Progress (5): 5.4/6.3 MB | 2.6/12 MB | 1.1/1.4 MB | 172/463 kB | 160/365 kB
2026.10.04 22:53:16 INFO  Progress (5): 5.4/6.3 MB | 2.6/12 MB | 1.2/1.4 MB | 172/463 kB | 160/365 kB
2026.10.04 22:53:16 INFO  Progress (5): 5.4/6.3 MB | 2.6/12 MB | 1.2/1.4 MB | 172/463 kB | 176/365 kB
2026.10.04 22:53:16 INFO  Progress (5): 5.4/6.3 MB | 2.6/12 MB | 1.2/1.4 MB | 172/463 kB | 176/365 kB
2026.10.04 22:53:16 INFO  Progress (5): 5.4/6.3 MB | 2.6/12 MB | 1.2/1.4 MB | 172/463 kB | 176/365 kB
2026.10.04 22:53:16 INFO  Progress (5): 5.4/6.3 MB | 2.6/12 MB | 1.2/1.4 MB | 172/463 kB | 193/365 kB
2026.10.04 22:53:16 INFO  Progress (5): 5.4/6.3 MB | 2.6/12 MB | 1.2/1.4 MB | 172/463 kB | 209/365 kB
2026.10.04 22:53:16 INFO  Progress (5): 5.4/6.3 MB | 2.6/12 MB | 1.2/1.4 MB | 172/463 kB | 209/365 kB
2026.10.04 22:53:16 INFO  Progress (5): 5.4/6.3 MB | 2.6/12 MB | 1.2/1.4 MB | 172/463 kB | 209/365 kB
2026.10.04 22:53:16 INFO  Progress (5): 5.4/6.3 MB | 2.6/12 MB | 1.2/1.4 MB | 172/463 kB | 209/365 kB
2026.10.04 22:53:16 INFO  Progress (5): 5.4/6.3 MB | 2.6/12 MB | 1.2/1.4 MB | 188/463 kB | 209/365 kB
2026.10.04 22:53:16 INFO  Progress (5): 5.5/6.3 MB | 2.6/12 MB | 1.2/1.4 MB | 188/463 kB | 209/365 kB
2026.10.04 22:53:16 INFO  Progress (5): 5.5/6.3 MB | 2.6/12 MB | 1.2/1.4 MB | 188/463 kB | 209/365 kB
2026.10.04 22:53:16 INFO  Progress (5): 5.5/6.3 MB | 2.6/12 MB | 1.2/1.4 MB | 188/463 kB | 225/365 kB
2026.10.04 22:53:16 INFO  Progress (5): 5.5/6.3 MB | 2.6/12 MB | 1.2/1.4 MB | 188/463 kB | 225/365 kB
2026.10.04 22:53:16 INFO  Progress (5): 5.5/6.3 MB | 2.6/12 MB | 1.2/1.4 MB | 188/463 kB | 225/365 kB
2026.10.04 22:53:16 INFO  Progress (5): 5.5/6.3 MB | 2.6/12 MB | 1.2/1.4 MB | 205/463 kB | 225/365 kB
2026.10.04 22:53:16 INFO  Progress (5): 5.5/6.3 MB | 2.6/12 MB | 1.2/1.4 MB | 205/463 kB | 242/365 kB
2026.10.04 22:53:16 INFO  Progress (5): 5.5/6.3 MB | 2.6/12 MB | 1.2/1.4 MB | 205/463 kB | 258/365 kB
2026.10.04 22:53:16 INFO  Progress (5): 5.5/6.3 MB | 2.6/12 MB | 1.2/1.4 MB | 221/463 kB | 258/365 kB
2026.10.04 22:53:16 INFO  Progress (5): 5.5/6.3 MB | 2.7/12 MB | 1.2/1.4 MB | 221/463 kB | 258/365 kB
2026.10.04 22:53:16 INFO  Progress (5): 5.5/6.3 MB | 2.7/12 MB | 1.2/1.4 MB | 221/463 kB | 258/365 kB
2026.10.04 22:53:16 INFO  Progress (5): 5.5/6.3 MB | 2.7/12 MB | 1.2/1.4 MB | 221/463 kB | 258/365 kB
2026.10.04 22:53:16 INFO  Progress (5): 5.5/6.3 MB | 2.7/12 MB | 1.2/1.4 MB | 221/463 kB | 258/365 kB
2026.10.04 22:53:16 INFO  Progress (5): 5.5/6.3 MB | 2.7/12 MB | 1.2/1.4 MB | 221/463 kB | 258/365 kB
2026.10.04 22:53:16 INFO  Progress (5): 5.5/6.3 MB | 2.7/12 MB | 1.2/1.4 MB | 221/463 kB | 258/365 kB
2026.10.04 22:53:16 INFO  Progress (5): 5.5/6.3 MB | 2.7/12 MB | 1.2/1.4 MB | 238/463 kB | 258/365 kB
2026.10.04 22:53:16 INFO  Progress (5): 5.5/6.3 MB | 2.7/12 MB | 1.2/1.4 MB | 238/463 kB | 274/365 kB
2026.10.04 22:53:16 INFO  Progress (5): 5.5/6.3 MB | 2.7/12 MB | 1.2/1.4 MB | 238/463 kB | 274/365 kB
2026.10.04 22:53:16 INFO  Progress (5): 5.5/6.3 MB | 2.7/12 MB | 1.2/1.4 MB | 238/463 kB | 274/365 kB
2026.10.04 22:53:16 INFO  Progress (5): 5.5/6.3 MB | 2.7/12 MB | 1.2/1.4 MB | 238/463 kB | 274/365 kB
2026.10.04 22:53:16 INFO  Progress (5): 5.5/6.3 MB | 2.7/12 MB | 1.2/1.4 MB | 238/463 kB | 291/365 kB
2026.10.04 22:53:16 INFO  Progress (5): 5.5/6.3 MB | 2.7/12 MB | 1.2/1.4 MB | 254/463 kB | 291/365 kB
2026.10.04 22:53:17 INFO  no build target found for D:\API_Automation\SampleTestRepoAPI\src\main\java\org\example\Main.java. Using fallback presentation compiler.
2026.10.04 22:53:16 INFO  Progress (5): 5.6/6.3 MB | 2.7/12 MB | 1.2/1.4 MB | 254/463 kB | 291/365 kB
2026.10.04 22:53:16 INFO  Progress (5): 5.6/6.3 MB | 2.7/12 MB | 1.2/1.4 MB | 254/463 kB | 291/365 kB
2026.10.04 22:53:16 INFO  Progress (5): 5.6/6.3 MB | 2.7/12 MB | 1.3/1.4 MB | 254/463 kB | 291/365 kB
2026.10.04 22:53:16 INFO  Progress (5): 5.6/6.3 MB | 2.7/12 MB | 1.3/1.4 MB | 254/463 kB | 291/365 kB
2026.10.04 22:53:16 INFO  Progress (5): 5.6/6.3 MB | 2.7/12 MB | 1.3/1.4 MB | 254/463 kB | 291/365 kB
2026.10.04 22:53:16 INFO  Progress (5): 5.6/6.3 MB | 2.7/12 MB | 1.3/1.4 MB | 254/463 kB | 291/365 kB
2026.10.04 22:53:16 INFO  Progress (5): 5.6/6.3 MB | 2.7/12 MB | 1.3/1.4 MB | 254/463 kB | 291/365 kB
2026.10.04 22:53:16 INFO  Progress (5): 5.6/6.3 MB | 2.7/12 MB | 1.3/1.4 MB | 254/463 kB | 307/365 kB
2026.10.04 22:53:16 INFO  Progress (5): 5.6/6.3 MB | 2.7/12 MB | 1.3/1.4 MB | 254/463 kB | 307/365 kB
2026.10.04 22:53:16 INFO  Progress (5): 5.6/6.3 MB | 2.7/12 MB | 1.3/1.4 MB | 254/463 kB | 324/365 kB
2026.10.04 22:53:16 INFO  Progress (5): 5.6/6.3 MB | 2.7/12 MB | 1.3/1.4 MB | 270/463 kB | 324/365 kB
2026.10.04 22:53:16 INFO  Progress (5): 5.6/6.3 MB | 2.7/12 MB | 1.3/1.4 MB | 287/463 kB | 324/365 kB
2026.10.04 22:53:16 INFO  Progress (5): 5.6/6.3 MB | 2.7/12 MB | 1.3/1.4 MB | 287/463 kB | 340/365 kB
2026.10.04 22:53:16 INFO  Progress (5): 5.6/6.3 MB | 2.7/12 MB | 1.3/1.4 MB | 287/463 kB | 340/365 kB
2026.10.04 22:53:16 INFO  Progress (5): 5.6/6.3 MB | 2.7/12 MB | 1.3/1.4 MB | 287/463 kB | 340/365 kB
2026.10.04 22:53:16 INFO  Progress (5): 5.6/6.3 MB | 2.7/12 MB | 1.3/1.4 MB | 287/463 kB | 340/365 kB
2026.10.04 22:53:16 INFO  Progress (5): 5.6/6.3 MB | 2.7/12 MB | 1.3/1.4 MB | 287/463 kB | 340/365 kB
2026.10.04 22:53:16 INFO  Progress (5): 5.6/6.3 MB | 2.7/12 MB | 1.3/1.4 MB | 287/463 kB | 340/365 kB
2026.10.04 22:53:16 INFO  Progress (5): 5.7/6.3 MB | 2.7/12 MB | 1.3/1.4 MB | 287/463 kB | 340/365 kB
2026.10.04 22:53:16 INFO  Progress (5): 5.7/6.3 MB | 2.7/12 MB | 1.3/1.4 MB | 287/463 kB | 340/365 kB
2026.10.04 22:53:16 INFO  Progress (5): 5.7/6.3 MB | 2.7/12 MB | 1.3/1.4 MB | 287/463 kB | 340/365 kB
2026.10.04 22:53:16 INFO  Progress (5): 5.7/6.3 MB | 2.7/12 MB | 1.3/1.4 MB | 287/463 kB | 340/365 kB
2026.10.04 22:53:16 INFO  Progress (5): 5.7/6.3 MB | 2.7/12 MB | 1.3/1.4 MB | 287/463 kB | 340/365 kB
2026.10.04 22:53:16 INFO  Progress (5): 5.7/6.3 MB | 2.7/12 MB | 1.3/1.4 MB | 287/463 kB | 340/365 kB
2026.10.04 22:53:16 INFO  Progress (5): 5.7/6.3 MB | 2.7/12 MB | 1.3/1.4 MB | 287/463 kB | 340/365 kB
2026.10.04 22:53:16 INFO  Progress (5): 5.7/6.3 MB | 2.7/12 MB | 1.3/1.4 MB | 287/463 kB | 340/365 kB
2026.10.04 22:53:16 INFO  Progress (5): 5.7/6.3 MB | 2.7/12 MB | 1.3/1.4 MB | 287/463 kB | 340/365 kB
2026.10.04 22:53:16 INFO  Progress (5): 5.7/6.3 MB | 2.8/12 MB | 1.3/1.4 MB | 287/463 kB | 340/365 kB
2026.10.04 22:53:16 INFO  Progress (5): 5.7/6.3 MB | 2.8/12 MB | 1.3/1.4 MB | 287/463 kB | 356/365 kB
2026.10.04 22:53:16 INFO  Progress (5): 5.7/6.3 MB | 2.8/12 MB | 1.3/1.4 MB | 287/463 kB | 365 kB    
2026.10.04 22:53:16 INFO  Progress (5): 5.7/6.3 MB | 2.8/12 MB | 1.3/1.4 MB | 303/463 kB | 365 kB
2026.10.04 22:53:16 INFO  Progress (5): 5.7/6.3 MB | 2.8/12 MB | 1.3/1.4 MB | 319/463 kB | 365 kB
2026.10.04 22:53:16 INFO  Progress (5): 5.7/6.3 MB | 2.8/12 MB | 1.3/1.4 MB | 319/463 kB | 365 kB
2026.10.04 22:53:16 INFO  Progress (5): 5.7/6.3 MB | 2.8/12 MB | 1.3/1.4 MB | 336/463 kB | 365 kB
2026.10.04 22:53:16 INFO  Progress (5): 5.7/6.3 MB | 2.8/12 MB | 1.3/1.4 MB | 352/463 kB | 365 kB
2026.10.04 22:53:16 INFO  Progress (5): 5.7/6.3 MB | 2.8/12 MB | 1.3/1.4 MB | 369/463 kB | 365 kB
2026.10.04 22:53:16 INFO  Progress (5): 5.8/6.3 MB | 2.8/12 MB | 1.3/1.4 MB | 369/463 kB | 365 kB
2026.10.04 22:53:16 INFO  Progress (5): 5.8/6.3 MB | 2.8/12 MB | 1.3/1.4 MB | 369/463 kB | 365 kB
2026.10.04 22:53:16 INFO  Progress (5): 5.8/6.3 MB | 2.8/12 MB | 1.4/1.4 MB | 369/463 kB | 365 kB
2026.10.04 22:53:16 INFO  Progress (5): 5.8/6.3 MB | 2.8/12 MB | 1.4 MB | 369/463 kB | 365 kB    
2026.10.04 22:53:16 INFO                                                                     
2026.10.04 22:53:16 INFO  Downloaded from central: https://repo.maven.apache.org/maven2/org/scala-sbt/collections_2.13/1.8.0/collections_2.13-1.8.0.jar (365 kB at 150 kB/s)
2026.10.04 22:53:16 INFO  Downloading from central: https://repo.maven.apache.org/maven2/org/scala-sbt/util-position_2.13/1.8.0/util-position_2.13-1.8.0.jar
2026.10.04 22:53:16 INFO  Progress (4): 5.8/6.3 MB | 2.8/12 MB | 1.4 MB | 369/463 kB
2026.10.04 22:53:16 INFO  Progress (4): 5.8/6.3 MB | 2.8/12 MB | 1.4 MB | 385/463 kB
2026.10.04 22:53:16 INFO  Progress (4): 5.8/6.3 MB | 2.8/12 MB | 1.4 MB | 385/463 kB
2026.10.04 22:53:16 INFO  Progress (4): 5.8/6.3 MB | 2.8/12 MB | 1.4 MB | 385/463 kB
2026.10.04 22:53:16 INFO  Progress (4): 5.8/6.3 MB | 2.8/12 MB | 1.4 MB | 401/463 kB
2026.10.04 22:53:16 INFO  Progress (4): 5.8/6.3 MB | 2.8/12 MB | 1.4 MB | 401/463 kB
2026.10.04 22:53:16 INFO                                                            
2026.10.04 22:53:16 INFO  Downloaded from central: https://repo.maven.apache.org/maven2/net/java/dev/jna/jna-platform/5.12.0/jna-platform-5.12.0.jar (1.4 MB at 555 kB/s)
2026.10.04 22:53:16 INFO  Downloading from central: https://repo.maven.apache.org/maven2/org/scala-sbt/core-macros_2.13/1.8.0/core-macros_2.13-1.8.0.jar
2026.10.04 22:53:16 INFO  Progress (3): 5.8/6.3 MB | 2.8/12 MB | 401/463 kB
2026.10.04 22:53:16 INFO  Progress (3): 5.8/6.3 MB | 2.8/12 MB | 401/463 kB
2026.10.04 22:53:16 INFO  Progress (3): 5.9/6.3 MB | 2.8/12 MB | 401/463 kB
2026.10.04 22:53:16 INFO  Progress (3): 5.9/6.3 MB | 2.8/12 MB | 418/463 kB
2026.10.04 22:53:16 INFO  Progress (3): 5.9/6.3 MB | 2.8/12 MB | 418/463 kB
2026.10.04 22:53:16 INFO  Progress (3): 5.9/6.3 MB | 2.8/12 MB | 418/463 kB
2026.10.04 22:53:16 INFO  Progress (3): 5.9/6.3 MB | 2.8/12 MB | 434/463 kB
2026.10.04 22:53:16 INFO  Progress (3): 5.9/6.3 MB | 2.8/12 MB | 434/463 kB
2026.10.04 22:53:16 INFO  Progress (3): 5.9/6.3 MB | 2.8/12 MB | 434/463 kB
2026.10.04 22:53:16 INFO  Progress (3): 5.9/6.3 MB | 2.8/12 MB | 434/463 kB
2026.10.04 22:53:16 INFO  Progress (3): 5.9/6.3 MB | 2.8/12 MB | 451/463 kB
2026.10.04 22:53:16 INFO  Progress (3): 5.9/6.3 MB | 2.8/12 MB | 451/463 kB
2026.10.04 22:53:16 INFO  Progress (3): 5.9/6.3 MB | 2.8/12 MB | 451/463 kB
2026.10.04 22:53:16 INFO  Progress (3): 5.9/6.3 MB | 2.8/12 MB | 463 kB    
2026.10.04 22:53:16 INFO  Progress (3): 5.9/6.3 MB | 2.9/12 MB | 463 kB
2026.10.04 22:53:16 INFO  Progress (3): 6.0/6.3 MB | 2.9/12 MB | 463 kB
2026.10.04 22:53:16 INFO  Progress (3): 6.0/6.3 MB | 2.9/12 MB | 463 kB
2026.10.04 22:53:16 INFO                                               
2026.10.04 22:53:16 INFO  Downloaded from central: https://repo.maven.apache.org/maven2/org/scala-sbt/util-logging_2.13/1.8.0/util-logging_2.13-1.8.0.jar (463 kB at 186 kB/s)
2026.10.04 22:53:16 INFO  Downloading from central: https://repo.maven.apache.org/maven2/org/jline/jline-terminal/3.19.0/jline-terminal-3.19.0.jar
2026.10.04 22:53:16 INFO  Progress (2): 6.0/6.3 MB | 2.9/12 MB
2026.10.04 22:53:16 INFO  Progress (2): 6.0/6.3 MB | 2.9/12 MB
2026.10.04 22:53:16 INFO  Progress (3): 6.0/6.3 MB | 2.9/12 MB | 7.7/28 kB
2026.10.04 22:53:16 INFO  Progress (3): 6.0/6.3 MB | 2.9/12 MB | 16/28 kB 
2026.10.04 22:53:16 INFO  Progress (3): 6.0/6.3 MB | 2.9/12 MB | 16/28 kB
2026.10.04 22:53:16 INFO  Progress (3): 6.0/6.3 MB | 2.9/12 MB | 16/28 kB
2026.10.04 22:53:16 INFO  Progress (4): 6.0/6.3 MB | 2.9/12 MB | 16/28 kB | 7.7/87 kB
2026.10.04 22:53:16 INFO  Progress (4): 6.0/6.3 MB | 2.9/12 MB | 16/28 kB | 16/87 kB 
2026.10.04 22:53:16 INFO  Progress (4): 6.0/6.3 MB | 2.9/12 MB | 16/28 kB | 25/87 kB
2026.10.04 22:53:16 INFO  Progress (4): 6.0/6.3 MB | 2.9/12 MB | 28 kB | 25/87 kB   
2026.10.04 22:53:16 INFO  Progress (4): 6.0/6.3 MB | 2.9/12 MB | 28 kB | 25/87 kB
2026.10.04 22:53:16 INFO  Progress (4): 6.1/6.3 MB | 2.9/12 MB | 28 kB | 25/87 kB
2026.10.04 22:53:16 INFO  Progress (4): 6.1/6.3 MB | 2.9/12 MB | 28 kB | 41/87 kB
2026.10.04 22:53:16 INFO  Progress (4): 6.1/6.3 MB | 2.9/12 MB | 28 kB | 41/87 kB
2026.10.04 22:53:16 INFO                                                         
2026.10.04 22:53:16 INFO  Downloaded from central: https://repo.maven.apache.org/maven2/org/scala-sbt/util-position_2.13/1.8.0/util-position_2.13-1.8.0.jar (28 kB at 11 kB/s)
2026.10.04 22:53:16 INFO  Downloading from central: https://repo.maven.apache.org/maven2/org/scala-lang/scala-reflect/2.13.8/scala-reflect-2.13.8.jar
2026.10.04 22:53:16 INFO  Progress (3): 6.1/6.3 MB | 2.9/12 MB | 57/87 kB
2026.10.04 22:53:16 INFO  Progress (3): 6.1/6.3 MB | 2.9/12 MB | 57/87 kB
2026.10.04 22:53:16 INFO  Progress (3): 6.1/6.3 MB | 2.9/12 MB | 57/87 kB
2026.10.04 22:53:16 INFO  Progress (3): 6.1/6.3 MB | 2.9/12 MB | 57/87 kB
2026.10.04 22:53:16 INFO  Progress (3): 6.1/6.3 MB | 2.9/12 MB | 74/87 kB
2026.10.04 22:53:16 INFO  Progress (3): 6.1/6.3 MB | 2.9/12 MB | 74/87 kB
2026.10.04 22:53:16 INFO  Progress (3): 6.1/6.3 MB | 2.9/12 MB | 87 kB   
2026.10.04 22:53:16 INFO  Progress (3): 6.1/6.3 MB | 2.9/12 MB | 87 kB
2026.10.04 22:53:16 INFO  Progress (3): 6.1/6.3 MB | 2.9/12 MB | 87 kB
2026.10.04 22:53:16 INFO  Progress (3): 6.1/6.3 MB | 2.9/12 MB | 87 kB
2026.10.04 22:53:16 INFO  Progress (3): 6.2/6.3 MB | 2.9/12 MB | 87 kB
2026.10.04 22:53:16 INFO  Progress (3): 6.2/6.3 MB | 2.9/12 MB | 87 kB
2026.10.04 22:53:16 INFO  Progress (4): 6.2/6.3 MB | 2.9/12 MB | 87 kB | 7.7/228 kB
2026.10.04 22:53:16 INFO  Progress (4): 6.2/6.3 MB | 2.9/12 MB | 87 kB | 8.2/228 kB
2026.10.04 22:53:16 INFO  Progress (4): 6.2/6.3 MB | 2.9/12 MB | 87 kB | 8.2/228 kB
2026.10.04 22:53:16 INFO                                                           
2026.10.04 22:53:16 INFO  Downloaded from central: https://repo.maven.apache.org/maven2/org/scala-sbt/core-macros_2.13/1.8.0/core-macros_2.13-1.8.0.jar (87 kB at 34 kB/s)
2026.10.04 22:53:16 INFO  Downloading from central: https://repo.maven.apache.org/maven2/org/scala-sbt/util-relation_2.13/1.8.0/util-relation_2.13-1.8.0.jar
2026.10.04 22:53:16 INFO  Progress (3): 6.2/6.3 MB | 2.9/12 MB | 8.2/228 kB
2026.10.04 22:53:16 INFO  Progress (3): 6.2/6.3 MB | 2.9/12 MB | 25/228 kB 
2026.10.04 22:53:16 INFO  Progress (3): 6.2/6.3 MB | 2.9/12 MB | 25/228 kB
2026.10.04 22:53:16 INFO  Progress (3): 6.2/6.3 MB | 2.9/12 MB | 25/228 kB
2026.10.04 22:53:16 INFO  Progress (3): 6.2/6.3 MB | 2.9/12 MB | 41/228 kB
2026.10.04 22:53:16 INFO  Progress (3): 6.2/6.3 MB | 3.0/12 MB | 41/228 kB
2026.10.04 22:53:16 INFO  Progress (3): 6.2/6.3 MB | 3.0/12 MB | 41/228 kB
2026.10.04 22:53:16 INFO  Progress (3): 6.3/6.3 MB | 3.0/12 MB | 41/228 kB
2026.10.04 22:53:16 INFO  Progress (3): 6.3/6.3 MB | 3.0/12 MB | 41/228 kB
2026.10.04 22:53:16 INFO  Progress (3): 6.3/6.3 MB | 3.0/12 MB | 49/228 kB
2026.10.04 22:53:16 INFO  Progress (3): 6.3/6.3 MB | 3.0/12 MB | 49/228 kB
2026.10.04 22:53:16 INFO  Progress (3): 6.3/6.3 MB | 3.0/12 MB | 49/228 kB
2026.10.04 22:53:16 INFO  Progress (4): 6.3/6.3 MB | 3.0/12 MB | 49/228 kB | 0/3.8 MB
2026.10.04 22:53:16 INFO  Progress (4): 6.3/6.3 MB | 3.0/12 MB | 66/228 kB | 0/3.8 MB
2026.10.04 22:53:16 INFO  Progress (4): 6.3/6.3 MB | 3.0/12 MB | 66/228 kB | 0/3.8 MB
2026.10.04 22:53:16 INFO  Progress (4): 6.3 MB | 3.0/12 MB | 66/228 kB | 0/3.8 MB    
2026.10.04 22:53:16 INFO  Progress (4): 6.3 MB | 3.0/12 MB | 66/228 kB | 0/3.8 MB
2026.10.04 22:53:16 INFO  Progress (4): 6.3 MB | 3.0/12 MB | 82/228 kB | 0/3.8 MB
2026.10.04 22:53:16 INFO  Progress (4): 6.3 MB | 3.0/12 MB | 82/228 kB | 0/3.8 MB
2026.10.04 22:53:16 INFO  Progress (4): 6.3 MB | 3.0/12 MB | 82/228 kB | 0/3.8 MB
2026.10.04 22:53:16 INFO  Progress (4): 6.3 MB | 3.0/12 MB | 98/228 kB | 0/3.8 MB
2026.10.04 22:53:16 INFO  Progress (4): 6.3 MB | 3.0/12 MB | 98/228 kB | 0.1/3.8 MB
2026.10.04 22:53:16 INFO  Progress (4): 6.3 MB | 3.0/12 MB | 115/228 kB | 0.1/3.8 MB
2026.10.04 22:53:16 INFO  Progress (4): 6.3 MB | 3.0/12 MB | 115/228 kB | 0.1/3.8 MB
2026.10.04 22:53:16 INFO  Progress (4): 6.3 MB | 3.0/12 MB | 115/228 kB | 0.1/3.8 MB
2026.10.04 22:53:16 INFO  Progress (4): 6.3 MB | 3.0/12 MB | 115/228 kB | 0.1/3.8 MB
2026.10.04 22:53:16 INFO  Progress (5): 6.3 MB | 3.0/12 MB | 115/228 kB | 0.1/3.8 MB | 7.7/15 kB
2026.10.04 22:53:16 INFO  Progress (5): 6.3 MB | 3.0/12 MB | 115/228 kB | 0.1/3.8 MB | 15 kB    
2026.10.04 22:53:16 INFO  Progress (5): 6.3 MB | 3.0/12 MB | 131/228 kB | 0.1/3.8 MB | 15 kB
2026.10.04 22:53:16 INFO  Progress (5): 6.3 MB | 3.0/12 MB | 131/228 kB | 0.1/3.8 MB | 15 kB
2026.10.04 22:53:16 INFO  Progress (5): 6.3 MB | 3.0/12 MB | 147/228 kB | 0.1/3.8 MB | 15 kB
2026.10.04 22:53:16 INFO  Progress (5): 6.3 MB | 3.0/12 MB | 147/228 kB | 0.1/3.8 MB | 15 kB
2026.10.04 22:53:16 INFO                                                                    
2026.10.04 22:53:16 INFO  Downloaded from central: https://repo.maven.apache.org/maven2/org/scala-sbt/util-relation_2.13/1.8.0/util-relation_2.13-1.8.0.jar (15 kB at 5.9 kB/s)
2026.10.04 22:53:16 INFO  Downloading from central: https://repo.maven.apache.org/maven2/org/scala-sbt/zinc-persist_2.13/1.8.0/zinc-persist_2.13-1.8.0.jar
2026.10.04 22:53:16 INFO  Downloaded from central: https://repo.maven.apache.org/maven2/com/github/luben/zstd-jni/1.5.2-5/zstd-jni-1.5.2-5.jar (6.3 MB at 2.4 MB/s)
2026.10.04 22:53:16 INFO  Downloading from central: https://repo.maven.apache.org/maven2/org/scala-sbt/zinc-compile-core_2.13/1.8.0/zinc-compile-core_2.13-1.8.0.jar
2026.10.04 22:53:16 INFO  Progress (3): 3.0/12 MB | 147/228 kB | 0.1/3.8 MB
2026.10.04 22:53:16 INFO  Progress (3): 3.0/12 MB | 147/228 kB | 0.1/3.8 MB
2026.10.04 22:53:16 INFO  Progress (3): 3.0/12 MB | 147/228 kB | 0.1/3.8 MB
2026.10.04 22:53:16 INFO  Progress (3): 3.1/12 MB | 147/228 kB | 0.1/3.8 MB
2026.10.04 22:53:16 INFO  Progress (3): 3.1/12 MB | 164/228 kB | 0.1/3.8 MB
2026.10.04 22:53:16 INFO  Progress (3): 3.1/12 MB | 180/228 kB | 0.1/3.8 MB
2026.10.04 22:53:16 INFO  Progress (3): 3.1/12 MB | 180/228 kB | 0.1/3.8 MB
2026.10.04 22:53:16 INFO  Progress (3): 3.1/12 MB | 197/228 kB | 0.1/3.8 MB
2026.10.04 22:53:16 INFO  Progress (3): 3.1/12 MB | 197/228 kB | 0.2/3.8 MB
2026.10.04 22:53:16 INFO  Progress (3): 3.1/12 MB | 197/228 kB | 0.2/3.8 MB
2026.10.04 22:53:16 INFO  Progress (3): 3.1/12 MB | 197/228 kB | 0.2/3.8 MB
2026.10.04 22:53:16 INFO  Progress (3): 3.1/12 MB | 213/228 kB | 0.2/3.8 MB
2026.10.04 22:53:16 INFO  Progress (3): 3.1/12 MB | 213/228 kB | 0.2/3.8 MB
2026.10.04 22:53:16 INFO  Progress (3): 3.1/12 MB | 228 kB | 0.2/3.8 MB    
2026.10.04 22:53:16 INFO  Progress (3): 3.1/12 MB | 228 kB | 0.2/3.8 MB
2026.10.04 22:53:16 INFO  Progress (3): 3.1/12 MB | 228 kB | 0.2/3.8 MB
2026.10.04 22:53:16 INFO  Progress (3): 3.1/12 MB | 228 kB | 0.2/3.8 MB
2026.10.04 22:53:16 INFO  Progress (4): 3.1/12 MB | 228 kB | 0.2/3.8 MB | 7.7/254 kB
2026.10.04 22:53:16 INFO  Progress (4): 3.1/12 MB | 228 kB | 0.2/3.8 MB | 16/254 kB 
2026.10.04 22:53:16 INFO                                                           
2026.10.04 22:53:16 INFO  Downloaded from central: https://repo.maven.apache.org/maven2/org/jline/jline-terminal/3.19.0/jline-terminal-3.19.0.jar (228 kB at 87 kB/s)
2026.10.04 22:53:16 INFO  Downloading from central: https://repo.maven.apache.org/maven2/org/scala-lang/modules/scala-parser-combinators_2.13/1.1.2/scala-parser-combinators_2.13-1.1.2.jar
2026.10.04 22:53:16 INFO  Progress (3): 3.1/12 MB | 0.2/3.8 MB | 32/254 kB
2026.10.04 22:53:16 INFO  Progress (4): 3.1/12 MB | 0.2/3.8 MB | 32/254 kB | 7.7/270 kB
2026.10.04 22:53:16 INFO  Progress (4): 3.1/12 MB | 0.2/3.8 MB | 32/254 kB | 16/270 kB 
2026.10.04 22:53:16 INFO  Progress (4): 3.1/12 MB | 0.2/3.8 MB | 49/254 kB | 16/270 kB
2026.10.04 22:53:16 INFO  Progress (4): 3.1/12 MB | 0.2/3.8 MB | 49/254 kB | 29/270 kB
2026.10.04 22:53:16 INFO  Progress (4): 3.1/12 MB | 0.2/3.8 MB | 49/254 kB | 29/270 kB
2026.10.04 22:53:16 INFO  Progress (4): 3.1/12 MB | 0.2/3.8 MB | 49/254 kB | 29/270 kB
2026.10.04 22:53:16 INFO  Progress (4): 3.1/12 MB | 0.2/3.8 MB | 65/254 kB | 29/270 kB
2026.10.04 22:53:16 INFO  Progress (4): 3.1/12 MB | 0.2/3.8 MB | 65/254 kB | 29/270 kB
2026.10.04 22:53:16 INFO  Progress (4): 3.1/12 MB | 0.2/3.8 MB | 65/254 kB | 45/270 kB
2026.10.04 22:53:16 INFO  Progress (4): 3.1/12 MB | 0.2/3.8 MB | 81/254 kB | 45/270 kB
2026.10.04 22:53:17 INFO  Progress (4): 3.1/12 MB | 0.2/3.8 MB | 98/254 kB | 45/270 kB
2026.10.04 22:53:17 INFO  Progress (4): 3.1/12 MB | 0.2/3.8 MB | 98/254 kB | 45/270 kB
2026.10.04 22:53:17 INFO  Progress (4): 3.1/12 MB | 0.2/3.8 MB | 98/254 kB | 61/270 kB
2026.10.04 22:53:17 INFO  Progress (4): 3.1/12 MB | 0.3/3.8 MB | 98/254 kB | 61/270 kB
2026.10.04 22:53:17 INFO  Progress (4): 3.1/12 MB | 0.3/3.8 MB | 114/254 kB | 61/270 kB
2026.10.04 22:53:17 INFO  Progress (4): 3.2/12 MB | 0.3/3.8 MB | 114/254 kB | 61/270 kB
2026.10.04 22:53:17 INFO  Progress (4): 3.2/12 MB | 0.3/3.8 MB | 131/254 kB | 61/270 kB
2026.10.04 22:53:17 INFO  Progress (4): 3.2/12 MB | 0.3/3.8 MB | 131/254 kB | 61/270 kB
2026.10.04 22:53:17 INFO  Progress (4): 3.2/12 MB | 0.3/3.8 MB | 131/254 kB | 78/270 kB
2026.10.04 22:53:17 INFO  Progress (4): 3.2/12 MB | 0.3/3.8 MB | 131/254 kB | 78/270 kB
2026.10.04 22:53:17 INFO  Progress (4): 3.2/12 MB | 0.3/3.8 MB | 131/254 kB | 94/270 kB
2026.10.04 22:53:17 INFO  Progress (4): 3.2/12 MB | 0.3/3.8 MB | 147/254 kB | 94/270 kB
2026.10.04 22:53:17 INFO  Progress (4): 3.2/12 MB | 0.3/3.8 MB | 164/254 kB | 94/270 kB
2026.10.04 22:53:17 INFO  Progress (4): 3.2/12 MB | 0.3/3.8 MB | 164/254 kB | 94/270 kB
2026.10.04 22:53:17 INFO  Progress (4): 3.2/12 MB | 0.3/3.8 MB | 180/254 kB | 94/270 kB
2026.10.04 22:53:17 INFO  Progress (4): 3.2/12 MB | 0.3/3.8 MB | 180/254 kB | 94/270 kB
2026.10.04 22:53:17 INFO  Progress (4): 3.2/12 MB | 0.3/3.8 MB | 180/254 kB | 111/270 kB
2026.10.04 22:53:17 INFO  Progress (4): 3.2/12 MB | 0.3/3.8 MB | 180/254 kB | 111/270 kB
2026.10.04 22:53:17 INFO  Progress (4): 3.2/12 MB | 0.3/3.8 MB | 197/254 kB | 111/270 kB
2026.10.04 22:53:17 INFO  Progress (4): 3.2/12 MB | 0.3/3.8 MB | 197/254 kB | 127/270 kB
2026.10.04 22:53:17 INFO  Progress (4): 3.2/12 MB | 0.3/3.8 MB | 213/254 kB | 127/270 kB
2026.10.04 22:53:17 INFO  Progress (4): 3.2/12 MB | 0.3/3.8 MB | 213/254 kB | 143/270 kB
2026.10.04 22:53:17 INFO  Progress (4): 3.2/12 MB | 0.3/3.8 MB | 213/254 kB | 143/270 kB
2026.10.04 22:53:17 INFO  Progress (4): 3.2/12 MB | 0.3/3.8 MB | 229/254 kB | 143/270 kB
2026.10.04 22:53:17 INFO  Progress (4): 3.2/12 MB | 0.3/3.8 MB | 246/254 kB | 143/270 kB
2026.10.04 22:53:17 INFO  Progress (4): 3.2/12 MB | 0.3/3.8 MB | 246/254 kB | 143/270 kB
2026.10.04 22:53:17 INFO  Progress (5): 3.2/12 MB | 0.3/3.8 MB | 246/254 kB | 143/270 kB | 7.7/225 kB
2026.10.04 22:53:17 INFO  Progress (5): 3.2/12 MB | 0.3/3.8 MB | 246/254 kB | 143/270 kB | 12/225 kB 
2026.10.04 22:53:17 INFO  Progress (5): 3.2/12 MB | 0.3/3.8 MB | 254 kB | 143/270 kB | 12/225 kB    
2026.10.04 22:53:17 INFO  Progress (5): 3.2/12 MB | 0.3/3.8 MB | 254 kB | 160/270 kB | 12/225 kB
2026.10.04 22:53:17 INFO  Progress (5): 3.2/12 MB | 0.3/3.8 MB | 254 kB | 160/270 kB | 29/225 kB
2026.10.04 22:53:17 INFO  Progress (5): 3.2/12 MB | 0.3/3.8 MB | 254 kB | 176/270 kB | 29/225 kB
2026.10.04 22:53:17 INFO  Progress (5): 3.2/12 MB | 0.3/3.8 MB | 254 kB | 176/270 kB | 29/225 kB
2026.10.04 22:53:17 INFO  Progress (5): 3.2/12 MB | 0.3/3.8 MB | 254 kB | 176/270 kB | 29/225 kB
2026.10.04 22:53:17 INFO  Progress (5): 3.2/12 MB | 0.4/3.8 MB | 254 kB | 176/270 kB | 29/225 kB
2026.10.04 22:53:17 INFO  Progress (5): 3.2/12 MB | 0.4/3.8 MB | 254 kB | 176/270 kB | 45/225 kB
2026.10.04 22:53:17 INFO                                                                        
2026.10.04 22:53:17 INFO  Downloaded from central: https://repo.maven.apache.org/maven2/org/scala-sbt/zinc-compile-core_2.13/1.8.0/zinc-compile-core_2.13-1.8.0.jar (254 kB at 95 kB/s)
2026.10.04 22:53:17 INFO  Downloading from central: https://repo.maven.apache.org/maven2/net/openhft/zero-allocation-hashing/0.10.1/zero-allocation-hashing-0.10.1.jar
2026.10.04 22:53:17 INFO  Progress (4): 3.2/12 MB | 0.4/3.8 MB | 193/270 kB | 45/225 kB
2026.10.04 22:53:17 INFO  Progress (4): 3.2/12 MB | 0.4/3.8 MB | 193/270 kB | 45/225 kB
2026.10.04 22:53:17 INFO  Progress (4): 3.2/12 MB | 0.4/3.8 MB | 193/270 kB | 45/225 kB
2026.10.04 22:53:17 INFO  Progress (4): 3.2/12 MB | 0.4/3.8 MB | 209/270 kB | 45/225 kB
2026.10.04 22:53:17 INFO  Progress (4): 3.2/12 MB | 0.4/3.8 MB | 209/270 kB | 61/225 kB
2026.10.04 22:53:17 INFO  Progress (4): 3.2/12 MB | 0.4/3.8 MB | 225/270 kB | 61/225 kB
2026.10.04 22:53:17 INFO  Progress (4): 3.2/12 MB | 0.4/3.8 MB | 225/270 kB | 61/225 kB
2026.10.04 22:53:17 INFO  Progress (4): 3.2/12 MB | 0.4/3.8 MB | 225/270 kB | 61/225 kB
2026.10.04 22:53:17 INFO  Progress (4): 3.2/12 MB | 0.4/3.8 MB | 225/270 kB | 78/225 kB
2026.10.04 22:53:17 INFO  Progress (4): 3.2/12 MB | 0.4/3.8 MB | 242/270 kB | 78/225 kB
2026.10.04 22:53:17 INFO  Progress (4): 3.2/12 MB | 0.4/3.8 MB | 242/270 kB | 78/225 kB
2026.10.04 22:53:17 INFO  Progress (4): 3.3/12 MB | 0.4/3.8 MB | 242/270 kB | 78/225 kB
2026.10.04 22:53:17 INFO  Progress (4): 3.3/12 MB | 0.4/3.8 MB | 242/270 kB | 94/225 kB
2026.10.04 22:53:17 INFO  Progress (4): 3.3/12 MB | 0.4/3.8 MB | 258/270 kB | 94/225 kB
2026.10.04 22:53:17 INFO  Progress (4): 3.3/12 MB | 0.4/3.8 MB | 270 kB | 94/225 kB    
2026.10.04 22:53:17 INFO  Progress (4): 3.3/12 MB | 0.4/3.8 MB | 270 kB | 94/225 kB
2026.10.04 22:53:17 INFO  Progress (4): 3.3/12 MB | 0.4/3.8 MB | 270 kB | 94/225 kB
2026.10.04 22:53:17 INFO  Progress (4): 3.3/12 MB | 0.4/3.8 MB | 270 kB | 111/225 kB
2026.10.04 22:53:17 INFO  Progress (4): 3.3/12 MB | 0.4/3.8 MB | 270 kB | 111/225 kB
2026.10.04 22:53:17 INFO                                                            
2026.10.04 22:53:17 INFO  Downloaded from central: https://repo.maven.apache.org/maven2/org/scala-sbt/zinc-persist_2.13/1.8.0/zinc-persist_2.13-1.8.0.jar (270 kB at 99 kB/s)
2026.10.04 22:53:17 INFO  Downloading from central: https://repo.maven.apache.org/maven2/org/scala-sbt/util-control_2.13/1.8.0/util-control_2.13-1.8.0.jar
2026.10.04 22:53:17 INFO  Progress (3): 3.3/12 MB | 0.4/3.8 MB | 111/225 kB
2026.10.04 22:53:17 INFO  Progress (3): 3.3/12 MB | 0.4/3.8 MB | 127/225 kB
2026.10.04 22:53:17 INFO  Progress (3): 3.3/12 MB | 0.4/3.8 MB | 131/225 kB
2026.10.04 22:53:17 INFO  Progress (4): 3.3/12 MB | 0.4/3.8 MB | 131/225 kB | 7.7/60 kB
2026.10.04 22:53:17 INFO  Progress (4): 3.3/12 MB | 0.4/3.8 MB | 131/225 kB | 12/60 kB 
2026.10.04 22:53:17 INFO  Progress (4): 3.3/12 MB | 0.4/3.8 MB | 131/225 kB | 29/60 kB
2026.10.04 22:53:17 INFO  Progress (4): 3.3/12 MB | 0.5/3.8 MB | 131/225 kB | 29/60 kB
2026.10.04 22:53:17 INFO  Progress (4): 3.3/12 MB | 0.5/3.8 MB | 131/225 kB | 45/60 kB
2026.10.04 22:53:17 INFO  Progress (4): 3.3/12 MB | 0.5/3.8 MB | 131/225 kB | 45/60 kB
2026.10.04 22:53:17 INFO  Progress (4): 3.3/12 MB | 0.5/3.8 MB | 131/225 kB | 60 kB   
2026.10.04 22:53:17 INFO  Progress (4): 3.3/12 MB | 0.5/3.8 MB | 147/225 kB | 60 kB
2026.10.04 22:53:17 INFO  Progress (4): 3.3/12 MB | 0.5/3.8 MB | 147/225 kB | 60 kB
2026.10.04 22:53:17 INFO  Progress (4): 3.3/12 MB | 0.5/3.8 MB | 147/225 kB | 60 kB
2026.10.04 22:53:17 INFO  Progress (4): 3.3/12 MB | 0.5/3.8 MB | 147/225 kB | 60 kB
2026.10.04 22:53:17 INFO  Progress (4): 3.3/12 MB | 0.5/3.8 MB | 164/225 kB | 60 kB
2026.10.04 22:53:17 INFO                                                           
2026.10.04 22:53:17 INFO  Downloaded from central: https://repo.maven.apache.org/maven2/net/openhft/zero-allocation-hashing/0.10.1/zero-allocation-hashing-0.10.1.jar (60 kB at 22 kB/s)
2026.10.04 22:53:17 INFO  Downloading from central: https://repo.maven.apache.org/maven2/org/scala-sbt/zinc-classfile_2.13/1.8.0/zinc-classfile_2.13-1.8.0.jar
2026.10.04 22:53:17 INFO  Progress (3): 3.3/12 MB | 0.5/3.8 MB | 164/225 kB
2026.10.04 22:53:17 INFO  Progress (3): 3.3/12 MB | 0.5/3.8 MB | 180/225 kB
2026.10.04 22:53:17 INFO  Progress (3): 3.3/12 MB | 0.5/3.8 MB | 180/225 kB
2026.10.04 22:53:17 INFO  Progress (3): 3.3/12 MB | 0.5/3.8 MB | 197/225 kB
2026.10.04 22:53:17 INFO  Progress (3): 3.3/12 MB | 0.5/3.8 MB | 197/225 kB
2026.10.04 22:53:17 INFO  Progress (3): 3.4/12 MB | 0.5/3.8 MB | 197/225 kB
2026.10.04 22:53:17 INFO  Progress (3): 3.4/12 MB | 0.5/3.8 MB | 197/225 kB
2026.10.04 22:53:17 INFO  Progress (3): 3.4/12 MB | 0.5/3.8 MB | 213/225 kB
2026.10.04 22:53:17 INFO  Progress (3): 3.4/12 MB | 0.5/3.8 MB | 213/225 kB
2026.10.04 22:53:17 INFO  Progress (3): 3.4/12 MB | 0.6/3.8 MB | 213/225 kB
2026.10.04 22:53:17 INFO  Progress (3): 3.4/12 MB | 0.6/3.8 MB | 225 kB    
2026.10.04 22:53:17 INFO  Progress (4): 3.4/12 MB | 0.6/3.8 MB | 225 kB | 7.7/19 kB
2026.10.04 22:53:17 INFO  Progress (4): 3.4/12 MB | 0.6/3.8 MB | 225 kB | 11/19 kB 
2026.10.04 22:53:17 INFO  Progress (4): 3.4/12 MB | 0.6/3.8 MB | 225 kB | 11/19 kB
2026.10.04 22:53:17 INFO  Progress (4): 3.4/12 MB | 0.6/3.8 MB | 225 kB | 19 kB   
2026.10.04 22:53:17 INFO  Progress (4): 3.4/12 MB | 0.6/3.8 MB | 225 kB | 19 kB
2026.10.04 22:53:17 INFO                                                       
2026.10.04 22:53:17 INFO  Downloaded from central: https://repo.maven.apache.org/maven2/org/scala-lang/modules/scala-parser-combinators_2.13/1.1.2/scala-parser-combinators_2.13-1.1.2.jar (225 kB at 81 kB/s)
2026.10.04 22:53:17 INFO  Downloaded from central: https://repo.maven.apache.org/maven2/org/scala-sbt/util-control_2.13/1.8.0/util-control_2.13-1.8.0.jar (19 kB at 6.9 kB/s)
2026.10.04 22:53:17 INFO  Progress (2): 3.4/12 MB | 0.6/3.8 MB
2026.10.04 22:53:17 INFO  Progress (2): 3.4/12 MB | 0.6/3.8 MB
2026.10.04 22:53:17 INFO  Progress (2): 3.4/12 MB | 0.6/3.8 MB
2026.10.04 22:53:17 INFO  Progress (3): 3.4/12 MB | 0.6/3.8 MB | 16/108 kB
2026.10.04 22:53:17 INFO  Progress (3): 3.4/12 MB | 0.6/3.8 MB | 25/108 kB
2026.10.04 22:53:17 INFO  Progress (3): 3.4/12 MB | 0.6/3.8 MB | 25/108 kB
2026.10.04 22:53:17 INFO  Progress (3): 3.4/12 MB | 0.6/3.8 MB | 41/108 kB
2026.10.04 22:53:17 INFO  Progress (3): 3.4/12 MB | 0.6/3.8 MB | 41/108 kB
2026.10.04 22:53:17 INFO  Progress (3): 3.4/12 MB | 0.6/3.8 MB | 41/108 kB
2026.10.04 22:53:17 INFO  Progress (3): 3.4/12 MB | 0.6/3.8 MB | 57/108 kB
2026.10.04 22:53:17 INFO  Progress (3): 3.4/12 MB | 0.6/3.8 MB | 66/108 kB
2026.10.04 22:53:17 INFO  Progress (3): 3.4/12 MB | 0.6/3.8 MB | 66/108 kB
2026.10.04 22:53:17 INFO  Progress (3): 3.4/12 MB | 0.6/3.8 MB | 82/108 kB
2026.10.04 22:53:17 INFO  Progress (3): 3.4/12 MB | 0.6/3.8 MB | 98/108 kB
2026.10.04 22:53:17 INFO  Progress (3): 3.4/12 MB | 0.6/3.8 MB | 108 kB   
2026.10.04 22:53:17 INFO  Progress (3): 3.4/12 MB | 0.6/3.8 MB | 108 kB
2026.10.04 22:53:17 INFO  Progress (3): 3.4/12 MB | 0.7/3.8 MB | 108 kB
2026.10.04 22:53:17 INFO                                               
2026.10.04 22:53:17 INFO  Downloaded from central: https://repo.maven.apache.org/maven2/org/scala-sbt/zinc-classfile_2.13/1.8.0/zinc-classfile_2.13-1.8.0.jar (108 kB at 38 kB/s)
2026.10.04 22:53:17 INFO  Progress (2): 3.5/12 MB | 0.7/3.8 MB
2026.10.04 22:53:17 INFO  Progress (2): 3.5/12 MB | 0.7/3.8 MB
2026.10.04 22:53:17 INFO  Progress (2): 3.5/12 MB | 0.7/3.8 MB
2026.10.04 22:53:17 INFO  Progress (2): 3.5/12 MB | 0.7/3.8 MB
2026.10.04 22:53:17 INFO  Progress (2): 3.5/12 MB | 0.7/3.8 MB
2026.10.04 22:53:17 INFO  Progress (2): 3.5/12 MB | 0.7/3.8 MB
2026.10.04 22:53:17 INFO  Progress (2): 3.5/12 MB | 0.7/3.8 MB
2026.10.04 22:53:17 INFO  Progress (2): 3.5/12 MB | 0.7/3.8 MB
2026.10.04 22:53:17 INFO  Progress (2): 3.5/12 MB | 0.7/3.8 MB
2026.10.04 22:53:17 INFO  Progress (2): 3.5/12 MB | 0.7/3.8 MB
2026.10.04 22:53:17 INFO  Progress (2): 3.5/12 MB | 0.7/3.8 MB
2026.10.04 22:53:17 INFO  Progress (2): 3.5/12 MB | 0.7/3.8 MB
2026.10.04 22:53:17 INFO  Progress (2): 3.5/12 MB | 0.8/3.8 MB
2026.10.04 22:53:17 INFO  Progress (2): 3.5/12 MB | 0.8/3.8 MB
2026.10.04 22:53:17 INFO  Progress (2): 3.5/12 MB | 0.8/3.8 MB
2026.10.04 22:53:17 INFO  Progress (2): 3.6/12 MB | 0.8/3.8 MB
2026.10.04 22:53:17 INFO  Progress (2): 3.6/12 MB | 0.8/3.8 MB
2026.10.04 22:53:17 INFO  Progress (2): 3.6/12 MB | 0.8/3.8 MB
2026.10.04 22:53:17 INFO  Progress (2): 3.6/12 MB | 0.8/3.8 MB
2026.10.04 22:53:17 INFO  Progress (2): 3.6/12 MB | 0.8/3.8 MB
2026.10.04 22:53:17 INFO  Progress (2): 3.6/12 MB | 0.8/3.8 MB
2026.10.04 22:53:17 INFO  Progress (2): 3.6/12 MB | 0.8/3.8 MB
2026.10.04 22:53:17 INFO  Progress (2): 3.6/12 MB | 0.9/3.8 MB
2026.10.04 22:53:17 INFO  Progress (2): 3.6/12 MB | 0.9/3.8 MB
2026.10.04 22:53:17 INFO  Progress (2): 3.6/12 MB | 0.9/3.8 MB
2026.10.04 22:53:17 INFO  Progress (2): 3.6/12 MB | 0.9/3.8 MB
2026.10.04 22:53:17 INFO  Progress (2): 3.6/12 MB | 0.9/3.8 MB
2026.10.04 22:53:17 INFO  Progress (2): 3.6/12 MB | 0.9/3.8 MB
2026.10.04 22:53:17 INFO  Progress (2): 3.6/12 MB | 0.9/3.8 MB
2026.10.04 22:53:17 INFO  Progress (2): 3.6/12 MB | 0.9/3.8 MB
2026.10.04 22:53:17 INFO  Progress (2): 3.6/12 MB | 0.9/3.8 MB
2026.10.04 22:53:17 INFO  Progress (2): 3.6/12 MB | 0.9/3.8 MB
2026.10.04 22:53:17 INFO  Progress (2): 3.7/12 MB | 0.9/3.8 MB
2026.10.04 22:53:17 INFO  Progress (2): 3.7/12 MB | 1.0/3.8 MB
2026.10.04 22:53:17 INFO  Progress (2): 3.7/12 MB | 1.0/3.8 MB
2026.10.04 22:53:17 INFO  Progress (2): 3.7/12 MB | 1.0/3.8 MB
2026.10.04 22:53:17 INFO  Progress (2): 3.7/12 MB | 1.0/3.8 MB
2026.10.04 22:53:17 INFO  Progress (2): 3.7/12 MB | 1.0/3.8 MB
2026.10.04 22:53:17 INFO  Progress (2): 3.7/12 MB | 1.0/3.8 MB
2026.10.04 22:53:17 INFO  Progress (2): 3.7/12 MB | 1.0/3.8 MB
2026.10.04 22:53:17 INFO  Progress (2): 3.7/12 MB | 1.0/3.8 MB
2026.10.04 22:53:17 INFO  Progress (2): 3.7/12 MB | 1.0/3.8 MB
2026.10.04 22:53:17 INFO  Progress (2): 3.7/12 MB | 1.0/3.8 MB
2026.10.04 22:53:17 INFO  Progress (2): 3.7/12 MB | 1.1/3.8 MB
2026.10.04 22:53:17 INFO  Progress (2): 3.7/12 MB | 1.1/3.8 MB
2026.10.04 22:53:17 INFO  Progress (2): 3.7/12 MB | 1.1/3.8 MB
2026.10.04 22:53:17 INFO  Progress (2): 3.7/12 MB | 1.1/3.8 MB
2026.10.04 22:53:17 INFO  Progress (2): 3.7/12 MB | 1.1/3.8 MB
2026.10.04 22:53:17 INFO  Progress (2): 3.7/12 MB | 1.1/3.8 MB
2026.10.04 22:53:17 INFO  Progress (2): 3.8/12 MB | 1.1/3.8 MB
2026.10.04 22:53:17 INFO  Progress (2): 3.8/12 MB | 1.1/3.8 MB
2026.10.04 22:53:17 INFO  Progress (2): 3.8/12 MB | 1.1/3.8 MB
2026.10.04 22:53:17 INFO  Progress (2): 3.8/12 MB | 1.1/3.8 MB
2026.10.04 22:53:17 INFO  Progress (2): 3.8/12 MB | 1.2/3.8 MB
2026.10.04 22:53:17 INFO  Progress (2): 3.8/12 MB | 1.2/3.8 MB
2026.10.04 22:53:17 INFO  Progress (2): 3.8/12 MB | 1.2/3.8 MB
2026.10.04 22:53:17 INFO  Progress (2): 3.8/12 MB | 1.2/3.8 MB
2026.10.04 22:53:17 INFO  Progress (2): 3.8/12 MB | 1.2/3.8 MB
2026.10.04 22:53:17 INFO  Progress (2): 3.8/12 MB | 1.2/3.8 MB
2026.10.04 22:53:17 INFO  Progress (2): 3.8/12 MB | 1.2/3.8 MB
2026.10.04 22:53:17 INFO  Progress (2): 3.8/12 MB | 1.2/3.8 MB
2026.10.04 22:53:17 INFO  Progress (2): 3.8/12 MB | 1.2/3.8 MB
2026.10.04 22:53:17 INFO  Progress (2): 3.8/12 MB | 1.3/3.8 MB
2026.10.04 22:53:17 INFO  Progress (2): 3.8/12 MB | 1.3/3.8 MB
2026.10.04 22:53:17 INFO  Progress (2): 3.8/12 MB | 1.3/3.8 MB
2026.10.04 22:53:17 INFO  Progress (2): 3.8/12 MB | 1.3/3.8 MB
2026.10.04 22:53:17 INFO  Progress (2): 3.9/12 MB | 1.3/3.8 MB
2026.10.04 22:53:17 INFO  Progress (2): 3.9/12 MB | 1.3/3.8 MB
2026.10.04 22:53:17 INFO  Progress (2): 3.9/12 MB | 1.3/3.8 MB
2026.10.04 22:53:17 INFO  Progress (2): 3.9/12 MB | 1.3/3.8 MB
2026.10.04 22:53:17 INFO  Progress (2): 3.9/12 MB | 1.3/3.8 MB
2026.10.04 22:53:17 INFO  Progress (2): 3.9/12 MB | 1.3/3.8 MB
2026.10.04 22:53:17 INFO  Progress (2): 3.9/12 MB | 1.4/3.8 MB
2026.10.04 22:53:17 INFO  Progress (2): 3.9/12 MB | 1.4/3.8 MB
2026.10.04 22:53:17 INFO  Progress (2): 3.9/12 MB | 1.4/3.8 MB
2026.10.04 22:53:17 INFO  Progress (2): 3.9/12 MB | 1.4/3.8 MB
2026.10.04 22:53:17 INFO  Progress (2): 3.9/12 MB | 1.4/3.8 MB
2026.10.04 22:53:17 INFO  Progress (2): 3.9/12 MB | 1.4/3.8 MB
2026.10.04 22:53:17 INFO  Progress (2): 3.9/12 MB | 1.4/3.8 MB
2026.10.04 22:53:17 INFO  Progress (2): 3.9/12 MB | 1.4/3.8 MB
2026.10.04 22:53:17 INFO  Progress (2): 3.9/12 MB | 1.4/3.8 MB
2026.10.04 22:53:17 INFO  Progress (2): 4.0/12 MB | 1.4/3.8 MB
2026.10.04 22:53:17 INFO  Progress (2): 4.0/12 MB | 1.5/3.8 MB
2026.10.04 22:53:17 INFO  Progress (2): 4.0/12 MB | 1.5/3.8 MB
2026.10.04 22:53:17 INFO  Progress (2): 4.0/12 MB | 1.5/3.8 MB
2026.10.04 22:53:17 INFO  Progress (2): 4.0/12 MB | 1.5/3.8 MB
2026.10.04 22:53:17 INFO  Progress (2): 4.0/12 MB | 1.5/3.8 MB
2026.10.04 22:53:17 INFO  Progress (2): 4.0/12 MB | 1.5/3.8 MB
2026.10.04 22:53:17 INFO  Progress (2): 4.0/12 MB | 1.5/3.8 MB
2026.10.04 22:53:17 INFO  Progress (2): 4.0/12 MB | 1.5/3.8 MB
2026.10.04 22:53:17 INFO  Progress (2): 4.0/12 MB | 1.5/3.8 MB
2026.10.04 22:53:17 INFO  Progress (2): 4.0/12 MB | 1.6/3.8 MB
2026.10.04 22:53:17 INFO  Progress (2): 4.0/12 MB | 1.6/3.8 MB
2026.10.04 22:53:17 INFO  Progress (2): 4.0/12 MB | 1.6/3.8 MB
2026.10.04 22:53:17 INFO  Progress (2): 4.0/12 MB | 1.6/3.8 MB
2026.10.04 22:53:17 INFO  Progress (2): 4.0/12 MB | 1.6/3.8 MB
2026.10.04 22:53:17 INFO  Progress (2): 4.1/12 MB | 1.6/3.8 MB
2026.10.04 22:53:17 INFO  Progress (2): 4.1/12 MB | 1.6/3.8 MB
2026.10.04 22:53:17 INFO  Progress (2): 4.1/12 MB | 1.6/3.8 MB
2026.10.04 22:53:17 INFO  Progress (2): 4.1/12 MB | 1.6/3.8 MB
2026.10.04 22:53:17 INFO  Progress (2): 4.1/12 MB | 1.6/3.8 MB
2026.10.04 22:53:17 INFO  Progress (2): 4.1/12 MB | 1.6/3.8 MB
2026.10.04 22:53:17 INFO  Progress (2): 4.1/12 MB | 1.7/3.8 MB
2026.10.04 22:53:17 INFO  Progress (2): 4.1/12 MB | 1.7/3.8 MB
2026.10.04 22:53:17 INFO  Progress (2): 4.1/12 MB | 1.7/3.8 MB
2026.10.04 22:53:17 INFO  Progress (2): 4.1/12 MB | 1.7/3.8 MB
2026.10.04 22:53:17 INFO  Progress (2): 4.1/12 MB | 1.7/3.8 MB
2026.10.04 22:53:17 INFO  Progress (2): 4.1/12 MB | 1.7/3.8 MB
2026.10.04 22:53:17 INFO  Progress (2): 4.1/12 MB | 1.7/3.8 MB
2026.10.04 22:53:17 INFO  Progress (2): 4.1/12 MB | 1.7/3.8 MB
2026.10.04 22:53:17 INFO  Progress (2): 4.1/12 MB | 1.7/3.8 MB
2026.10.04 22:53:17 INFO  Progress (2): 4.1/12 MB | 1.7/3.8 MB
2026.10.04 22:53:17 INFO  Progress (2): 4.1/12 MB | 1.8/3.8 MB
2026.10.04 22:53:17 INFO  Progress (2): 4.1/12 MB | 1.8/3.8 MB
2026.10.04 22:53:17 INFO  Progress (2): 4.1/12 MB | 1.8/3.8 MB
2026.10.04 22:53:17 INFO  Progress (2): 4.1/12 MB | 1.8/3.8 MB
2026.10.04 22:53:17 INFO  Progress (2): 4.2/12 MB | 1.8/3.8 MB
2026.10.04 22:53:17 INFO  Progress (2): 4.2/12 MB | 1.8/3.8 MB
2026.10.04 22:53:17 INFO  Progress (2): 4.2/12 MB | 1.8/3.8 MB
2026.10.04 22:53:17 INFO  Progress (2): 4.2/12 MB | 1.8/3.8 MB
2026.10.04 22:53:17 INFO  Progress (2): 4.2/12 MB | 1.8/3.8 MB
2026.10.04 22:53:17 INFO  Progress (2): 4.2/12 MB | 1.9/3.8 MB
2026.10.04 22:53:17 INFO  Progress (2): 4.2/12 MB | 1.9/3.8 MB
2026.10.04 22:53:17 INFO  Progress (2): 4.2/12 MB | 1.9/3.8 MB
2026.10.04 22:53:17 INFO  Progress (2): 4.2/12 MB | 1.9/3.8 MB
2026.10.04 22:53:17 INFO  Progress (2): 4.2/12 MB | 1.9/3.8 MB
2026.10.04 22:53:17 INFO  Progress (2): 4.2/12 MB | 1.9/3.8 MB
2026.10.04 22:53:17 INFO  Progress (2): 4.2/12 MB | 1.9/3.8 MB
2026.10.04 22:53:17 INFO  Progress (2): 4.2/12 MB | 1.9/3.8 MB
2026.10.04 22:53:17 INFO  Progress (2): 4.2/12 MB | 1.9/3.8 MB
2026.10.04 22:53:17 INFO  Progress (2): 4.2/12 MB | 2.0/3.8 MB
2026.10.04 22:53:17 INFO  Progress (2): 4.2/12 MB | 2.0/3.8 MB
2026.10.04 22:53:17 INFO  Progress (2): 4.2/12 MB | 2.0/3.8 MB
2026.10.04 22:53:17 INFO  Progress (2): 4.3/12 MB | 2.0/3.8 MB
2026.10.04 22:53:17 INFO  Progress (2): 4.3/12 MB | 2.0/3.8 MB
2026.10.04 22:53:17 INFO  Progress (2): 4.3/12 MB | 2.0/3.8 MB
2026.10.04 22:53:17 INFO  Progress (2): 4.3/12 MB | 2.0/3.8 MB
2026.10.04 22:53:17 INFO  Progress (2): 4.3/12 MB | 2.0/3.8 MB
2026.10.04 22:53:17 INFO  Progress (2): 4.3/12 MB | 2.0/3.8 MB
2026.10.04 22:53:17 INFO  Progress (2): 4.3/12 MB | 2.1/3.8 MB
2026.10.04 22:53:17 INFO  Progress (2): 4.3/12 MB | 2.1/3.8 MB
2026.10.04 22:53:17 INFO  Progress (2): 4.3/12 MB | 2.1/3.8 MB
2026.10.04 22:53:17 INFO  Progress (2): 4.3/12 MB | 2.1/3.8 MB
2026.10.04 22:53:17 INFO  Progress (2): 4.3/12 MB | 2.1/3.8 MB
2026.10.04 22:53:17 INFO  Progress (2): 4.3/12 MB | 2.1/3.8 MB
2026.10.04 22:53:17 INFO  Progress (2): 4.3/12 MB | 2.1/3.8 MB
2026.10.04 22:53:17 INFO  Progress (2): 4.3/12 MB | 2.1/3.8 MB
2026.10.04 22:53:17 INFO  Progress (2): 4.3/12 MB | 2.1/3.8 MB
2026.10.04 22:53:17 INFO  Progress (2): 4.3/12 MB | 2.2/3.8 MB
2026.10.04 22:53:17 INFO  Progress (2): 4.3/12 MB | 2.2/3.8 MB
2026.10.04 22:53:17 INFO  Progress (2): 4.3/12 MB | 2.2/3.8 MB
2026.10.04 22:53:17 INFO  Progress (2): 4.4/12 MB | 2.2/3.8 MB
2026.10.04 22:53:17 INFO  Progress (2): 4.4/12 MB | 2.2/3.8 MB
2026.10.04 22:53:17 INFO  Progress (2): 4.4/12 MB | 2.2/3.8 MB
2026.10.04 22:53:17 INFO  Progress (2): 4.4/12 MB | 2.2/3.8 MB
2026.10.04 22:53:17 INFO  Progress (2): 4.4/12 MB | 2.2/3.8 MB
2026.10.04 22:53:17 INFO  Progress (2): 4.4/12 MB | 2.3/3.8 MB
2026.10.04 22:53:17 INFO  Progress (2): 4.4/12 MB | 2.3/3.8 MB
2026.10.04 22:53:17 INFO  Progress (2): 4.4/12 MB | 2.3/3.8 MB
2026.10.04 22:53:17 INFO  Progress (2): 4.4/12 MB | 2.3/3.8 MB
2026.10.04 22:53:17 INFO  Progress (2): 4.4/12 MB | 2.3/3.8 MB
2026.10.04 22:53:17 INFO  Progress (2): 4.4/12 MB | 2.3/3.8 MB
2026.10.04 22:53:17 INFO  Progress (2): 4.4/12 MB | 2.3/3.8 MB
2026.10.04 22:53:17 INFO  Progress (2): 4.4/12 MB | 2.3/3.8 MB
2026.10.04 22:53:17 INFO  Progress (2): 4.4/12 MB | 2.3/3.8 MB
2026.10.04 22:53:17 INFO  Progress (2): 4.4/12 MB | 2.4/3.8 MB
2026.10.04 22:53:17 INFO  Progress (2): 4.4/12 MB | 2.4/3.8 MB
2026.10.04 22:53:17 INFO  Progress (2): 4.4/12 MB | 2.4/3.8 MB
2026.10.04 22:53:17 INFO  Progress (2): 4.4/12 MB | 2.4/3.8 MB
2026.10.04 22:53:17 INFO  Progress (2): 4.4/12 MB | 2.4/3.8 MB
2026.10.04 22:53:17 INFO  Progress (2): 4.5/12 MB | 2.4/3.8 MB
2026.10.04 22:53:17 INFO  Progress (2): 4.5/12 MB | 2.4/3.8 MB
2026.10.04 22:53:17 INFO  Progress (2): 4.5/12 MB | 2.4/3.8 MB
2026.10.04 22:53:17 INFO  Progress (2): 4.5/12 MB | 2.4/3.8 MB
2026.10.04 22:53:17 INFO  Progress (2): 4.5/12 MB | 2.5/3.8 MB
2026.10.04 22:53:17 INFO  Progress (2): 4.5/12 MB | 2.5/3.8 MB
2026.10.04 22:53:17 INFO  Progress (2): 4.5/12 MB | 2.5/3.8 MB
2026.10.04 22:53:17 INFO  Progress (2): 4.5/12 MB | 2.5/3.8 MB
2026.10.04 22:53:17 INFO  Progress (2): 4.5/12 MB | 2.5/3.8 MB
2026.10.04 22:53:17 INFO  Progress (2): 4.5/12 MB | 2.5/3.8 MB
2026.10.04 22:53:17 INFO  Progress (2): 4.5/12 MB | 2.5/3.8 MB
2026.10.04 22:53:17 INFO  Progress (2): 4.5/12 MB | 2.5/3.8 MB
2026.10.04 22:53:17 INFO  Progress (2): 4.5/12 MB | 2.5/3.8 MB
2026.10.04 22:53:17 INFO  Progress (2): 4.5/12 MB | 2.6/3.8 MB
2026.10.04 22:53:17 INFO  Progress (2): 4.5/12 MB | 2.6/3.8 MB
2026.10.04 22:53:17 INFO  Progress (2): 4.5/12 MB | 2.6/3.8 MB
2026.10.04 22:53:17 INFO  Progress (2): 4.5/12 MB | 2.6/3.8 MB
2026.10.04 22:53:17 INFO  Progress (2): 4.5/12 MB | 2.6/3.8 MB
2026.10.04 22:53:17 INFO  Progress (2): 4.5/12 MB | 2.6/3.8 MB
2026.10.04 22:53:17 INFO  Progress (2): 4.5/12 MB | 2.6/3.8 MB
2026.10.04 22:53:17 INFO  Progress (2): 4.5/12 MB | 2.6/3.8 MB
2026.10.04 22:53:17 INFO  Progress (2): 4.6/12 MB | 2.6/3.8 MB
2026.10.04 22:53:17 INFO  Progress (2): 4.6/12 MB | 2.6/3.8 MB
2026.10.04 22:53:17 INFO  Progress (2): 4.6/12 MB | 2.6/3.8 MB
2026.10.04 22:53:17 INFO  Progress (2): 4.6/12 MB | 2.7/3.8 MB
2026.10.04 22:53:17 INFO  Progress (2): 4.6/12 MB | 2.7/3.8 MB
2026.10.04 22:53:17 INFO  Progress (2): 4.6/12 MB | 2.7/3.8 MB
2026.10.04 22:53:17 INFO  Progress (2): 4.6/12 MB | 2.7/3.8 MB
2026.10.04 22:53:17 INFO  Progress (2): 4.6/12 MB | 2.7/3.8 MB
2026.10.04 22:53:17 INFO  Progress (2): 4.6/12 MB | 2.7/3.8 MB
2026.10.04 22:53:17 INFO  Progress (2): 4.6/12 MB | 2.7/3.8 MB
2026.10.04 22:53:17 INFO  Progress (2): 4.6/12 MB | 2.7/3.8 MB
2026.10.04 22:53:17 INFO  Progress (2): 4.6/12 MB | 2.8/3.8 MB
2026.10.04 22:53:17 INFO  Progress (2): 4.6/12 MB | 2.8/3.8 MB
2026.10.04 22:53:17 INFO  Progress (2): 4.6/12 MB | 2.8/3.8 MB
2026.10.04 22:53:17 INFO  Progress (2): 4.6/12 MB | 2.8/3.8 MB
2026.10.04 22:53:17 INFO  Progress (2): 4.6/12 MB | 2.8/3.8 MB
2026.10.04 22:53:17 INFO  Progress (2): 4.6/12 MB | 2.8/3.8 MB
2026.10.04 22:53:17 INFO  Progress (2): 4.6/12 MB | 2.8/3.8 MB
2026.10.04 22:53:17 INFO  Progress (2): 4.6/12 MB | 2.8/3.8 MB
2026.10.04 22:53:17 INFO  Progress (2): 4.7/12 MB | 2.8/3.8 MB
2026.10.04 22:53:17 INFO  Progress (2): 4.7/12 MB | 2.9/3.8 MB
2026.10.04 22:53:17 INFO  Progress (2): 4.7/12 MB | 2.9/3.8 MB
2026.10.04 22:53:17 INFO  Progress (2): 4.7/12 MB | 2.9/3.8 MB
2026.10.04 22:53:17 INFO  Progress (2): 4.7/12 MB | 2.9/3.8 MB
2026.10.04 22:53:17 INFO  Progress (2): 4.7/12 MB | 2.9/3.8 MB
2026.10.04 22:53:17 INFO  Progress (2): 4.7/12 MB | 2.9/3.8 MB
2026.10.04 22:53:17 INFO  Progress (2): 4.7/12 MB | 2.9/3.8 MB
2026.10.04 22:53:17 INFO  Progress (2): 4.7/12 MB | 2.9/3.8 MB
2026.10.04 22:53:17 INFO  Progress (2): 4.7/12 MB | 2.9/3.8 MB
2026.10.04 22:53:17 INFO  Progress (2): 4.7/12 MB | 3.0/3.8 MB
2026.10.04 22:53:17 INFO  Progress (2): 4.7/12 MB | 3.0/3.8 MB
2026.10.04 22:53:17 INFO  Progress (2): 4.7/12 MB | 3.0/3.8 MB
2026.10.04 22:53:17 INFO  Progress (2): 4.7/12 MB | 3.0/3.8 MB
2026.10.04 22:53:17 INFO  Progress (2): 4.7/12 MB | 3.0/3.8 MB
2026.10.04 22:53:17 INFO  Progress (2): 4.7/12 MB | 3.0/3.8 MB
2026.10.04 22:53:17 INFO  Progress (2): 4.8/12 MB | 3.0/3.8 MB
2026.10.04 22:53:17 INFO  Progress (2): 4.8/12 MB | 3.0/3.8 MB
2026.10.04 22:53:17 INFO  Progress (2): 4.8/12 MB | 3.0/3.8 MB
2026.10.04 22:53:17 INFO  Progress (2): 4.8/12 MB | 3.1/3.8 MB
2026.10.04 22:53:17 INFO  Progress (2): 4.8/12 MB | 3.1/3.8 MB
2026.10.04 22:53:17 INFO  Progress (2): 4.8/12 MB | 3.1/3.8 MB
2026.10.04 22:53:17 INFO  Progress (2): 4.8/12 MB | 3.1/3.8 MB
2026.10.04 22:53:17 INFO  Progress (2): 4.8/12 MB | 3.1/3.8 MB
2026.10.04 22:53:17 INFO  Progress (2): 4.8/12 MB | 3.1/3.8 MB
2026.10.04 22:53:17 INFO  Progress (2): 4.8/12 MB | 3.1/3.8 MB
2026.10.04 22:53:17 INFO  Progress (2): 4.8/12 MB | 3.1/3.8 MB
2026.10.04 22:53:17 INFO  Progress (2): 4.8/12 MB | 3.1/3.8 MB
2026.10.04 22:53:17 INFO  Progress (2): 4.8/12 MB | 3.2/3.8 MB
2026.10.04 22:53:17 INFO  Progress (2): 4.8/12 MB | 3.2/3.8 MB
2026.10.04 22:53:17 INFO  Progress (2): 4.8/12 MB | 3.2/3.8 MB
2026.10.04 22:53:17 INFO  Progress (2): 4.8/12 MB | 3.2/3.8 MB
2026.10.04 22:53:17 INFO  Progress (2): 4.8/12 MB | 3.2/3.8 MB
2026.10.04 22:53:17 INFO  Progress (2): 4.8/12 MB | 3.2/3.8 MB
2026.10.04 22:53:17 INFO  Progress (2): 4.8/12 MB | 3.2/3.8 MB
2026.10.04 22:53:17 INFO  Progress (2): 4.9/12 MB | 3.2/3.8 MB
2026.10.04 22:53:17 INFO  Progress (2): 4.9/12 MB | 3.2/3.8 MB
2026.10.04 22:53:17 INFO  Progress (2): 4.9/12 MB | 3.3/3.8 MB
2026.10.04 22:53:17 INFO  Progress (2): 4.9/12 MB | 3.3/3.8 MB
2026.10.04 22:53:17 INFO  Progress (2): 4.9/12 MB | 3.3/3.8 MB
2026.10.04 22:53:17 INFO  Progress (2): 4.9/12 MB | 3.3/3.8 MB
2026.10.04 22:53:17 INFO  Progress (2): 4.9/12 MB | 3.3/3.8 MB
2026.10.04 22:53:17 INFO  Progress (2): 4.9/12 MB | 3.3/3.8 MB
2026.10.04 22:53:17 INFO  Progress (2): 4.9/12 MB | 3.3/3.8 MB
2026.10.04 22:53:17 INFO  Progress (2): 4.9/12 MB | 3.3/3.8 MB
2026.10.04 22:53:17 INFO  Progress (2): 4.9/12 MB | 3.3/3.8 MB
2026.10.04 22:53:17 INFO  Progress (2): 4.9/12 MB | 3.4/3.8 MB
2026.10.04 22:53:17 INFO  Progress (2): 4.9/12 MB | 3.4/3.8 MB
2026.10.04 22:53:17 INFO  Progress (2): 4.9/12 MB | 3.4/3.8 MB
2026.10.04 22:53:17 INFO  Progress (2): 4.9/12 MB | 3.4/3.8 MB
2026.10.04 22:53:17 INFO  Progress (2): 4.9/12 MB | 3.4/3.8 MB
2026.10.04 22:53:17 INFO  Progress (2): 4.9/12 MB | 3.4/3.8 MB
2026.10.04 22:53:17 INFO  Progress (2): 5.0/12 MB | 3.4/3.8 MB
2026.10.04 22:53:17 INFO  Progress (2): 5.0/12 MB | 3.4/3.8 MB
2026.10.04 22:53:17 INFO  Progress (2): 5.0/12 MB | 3.4/3.8 MB
2026.10.04 22:53:17 INFO  Progress (2): 5.0/12 MB | 3.4/3.8 MB
2026.10.04 22:53:17 INFO  Progress (2): 5.0/12 MB | 3.5/3.8 MB
2026.10.04 22:53:17 INFO  Progress (2): 5.0/12 MB | 3.5/3.8 MB
2026.10.04 22:53:17 INFO  Progress (2): 5.0/12 MB | 3.5/3.8 MB
2026.10.04 22:53:17 INFO  Progress (2): 5.0/12 MB | 3.5/3.8 MB
2026.10.04 22:53:17 INFO  Progress (2): 5.0/12 MB | 3.5/3.8 MB
2026.10.04 22:53:17 INFO  Progress (2): 5.0/12 MB | 3.5/3.8 MB
2026.10.04 22:53:17 INFO  Progress (2): 5.0/12 MB | 3.5/3.8 MB
2026.10.04 22:53:17 INFO  Progress (2): 5.0/12 MB | 3.5/3.8 MB
2026.10.04 22:53:17 INFO  Progress (2): 5.0/12 MB | 3.6/3.8 MB
2026.10.04 22:53:17 INFO  Progress (2): 5.0/12 MB | 3.6/3.8 MB
2026.10.04 22:53:17 INFO  Progress (2): 5.0/12 MB | 3.6/3.8 MB
2026.10.04 22:53:17 INFO  Progress (2): 5.0/12 MB | 3.6/3.8 MB
2026.10.04 22:53:17 INFO  Progress (2): 5.0/12 MB | 3.6/3.8 MB
2026.10.04 22:53:17 INFO  Progress (2): 5.0/12 MB | 3.6/3.8 MB
2026.10.04 22:53:18 INFO  Progress (2): 5.0/12 MB | 3.6/3.8 MB
2026.10.04 22:53:18 INFO  Progress (2): 5.1/12 MB | 3.6/3.8 MB
2026.10.04 22:53:18 INFO  Progress (2): 5.1/12 MB | 3.6/3.8 MB
2026.10.04 22:53:18 INFO  Progress (2): 5.1/12 MB | 3.6/3.8 MB
2026.10.04 22:53:18 INFO  Progress (2): 5.1/12 MB | 3.6/3.8 MB
2026.10.04 22:53:18 INFO  Progress (2): 5.1/12 MB | 3.7/3.8 MB
2026.10.04 22:53:18 INFO  Progress (2): 5.1/12 MB | 3.7/3.8 MB
2026.10.04 22:53:18 INFO  Progress (2): 5.1/12 MB | 3.7/3.8 MB
2026.10.04 22:53:18 INFO  Progress (2): 5.1/12 MB | 3.7/3.8 MB
2026.10.04 22:53:18 INFO  Progress (2): 5.1/12 MB | 3.7/3.8 MB
2026.10.04 22:53:18 INFO  Progress (2): 5.1/12 MB | 3.7/3.8 MB
2026.10.04 22:53:18 INFO  Progress (2): 5.1/12 MB | 3.7/3.8 MB
2026.10.04 22:53:18 INFO  Progress (2): 5.1/12 MB | 3.7/3.8 MB
2026.10.04 22:53:18 INFO  Progress (2): 5.1/12 MB | 3.8/3.8 MB
2026.10.04 22:53:18 INFO  Progress (2): 5.1/12 MB | 3.8 MB    
2026.10.04 22:53:18 INFO  Progress (2): 5.1/12 MB | 3.8 MB
2026.10.04 22:53:18 INFO  Progress (2): 5.1/12 MB | 3.8 MB
2026.10.04 22:53:18 INFO  Progress (2): 5.2/12 MB | 3.8 MB
2026.10.04 22:53:18 INFO  Progress (2): 5.2/12 MB | 3.8 MB
2026.10.04 22:53:18 INFO                                  
2026.10.04 22:53:18 INFO  Downloaded from central: https://repo.maven.apache.org/maven2/org/scala-lang/scala-reflect/2.13.8/scala-reflect-2.13.8.jar (3.8 MB at 1.0 MB/s)
2026.10.04 22:53:18 INFO  Progress (1): 5.2/12 MB
2026.10.04 22:53:18 INFO  Progress (1): 5.2/12 MB
2026.10.04 22:53:18 INFO  Progress (1): 5.2/12 MB
2026.10.04 22:53:18 INFO  Progress (1): 5.2/12 MB
2026.10.04 22:53:18 INFO  Progress (1): 5.3/12 MB
2026.10.04 22:53:18 INFO  Progress (1): 5.3/12 MB
2026.10.04 22:53:18 INFO  Progress (1): 5.3/12 MB
2026.10.04 22:53:18 INFO  Progress (1): 5.3/12 MB
2026.10.04 22:53:18 INFO  Progress (1): 5.3/12 MB
2026.10.04 22:53:18 INFO  Progress (1): 5.3/12 MB
2026.10.04 22:53:18 INFO  Progress (1): 5.4/12 MB
2026.10.04 22:53:18 INFO  Progress (1): 5.4/12 MB
2026.10.04 22:53:18 INFO  Progress (1): 5.4/12 MB
2026.10.04 22:53:18 INFO  Progress (1): 5.4/12 MB
2026.10.04 22:53:18 INFO  Progress (1): 5.4/12 MB
2026.10.04 22:53:18 INFO  Progress (1): 5.4/12 MB
2026.10.04 22:53:18 INFO  Progress (1): 5.5/12 MB
2026.10.04 22:53:18 INFO  Progress (1): 5.5/12 MB
2026.10.04 22:53:18 INFO  Progress (1): 5.5/12 MB
2026.10.04 22:53:18 INFO  Progress (1): 5.5/12 MB
2026.10.04 22:53:18 INFO  Progress (1): 5.5/12 MB
2026.10.04 22:53:18 INFO  Progress (1): 5.5/12 MB
2026.10.04 22:53:18 INFO  Progress (1): 5.5/12 MB
2026.10.04 22:53:18 INFO  Progress (1): 5.6/12 MB
2026.10.04 22:53:18 INFO  Progress (1): 5.6/12 MB
2026.10.04 22:53:18 INFO  Progress (1): 5.6/12 MB
2026.10.04 22:53:18 INFO  Progress (1): 5.6/12 MB
2026.10.04 22:53:18 INFO  Progress (1): 5.6/12 MB
2026.10.04 22:53:18 INFO  Progress (1): 5.6/12 MB
2026.10.04 22:53:18 INFO  Progress (1): 5.7/12 MB
2026.10.04 22:53:18 INFO  Progress (1): 5.7/12 MB
2026.10.04 22:53:18 INFO  Progress (1): 5.7/12 MB
2026.10.04 22:53:18 INFO  Progress (1): 5.7/12 MB
2026.10.04 22:53:18 INFO  Progress (1): 5.7/12 MB
2026.10.04 22:53:18 INFO  Progress (1): 5.7/12 MB
2026.10.04 22:53:18 INFO  Progress (1): 5.8/12 MB
2026.10.04 22:53:18 INFO  Progress (1): 5.8/12 MB
2026.10.04 22:53:18 INFO  Progress (1): 5.8/12 MB
2026.10.04 22:53:18 INFO  Progress (1): 5.8/12 MB
2026.10.04 22:53:18 INFO  Progress (1): 5.8/12 MB
2026.10.04 22:53:18 INFO  Progress (1): 5.8/12 MB
2026.10.04 22:53:18 INFO  Progress (1): 5.9/12 MB
2026.10.04 22:53:18 INFO  Progress (1): 5.9/12 MB
2026.10.04 22:53:18 INFO  Progress (1): 5.9/12 MB
2026.10.04 22:53:18 INFO  Progress (1): 5.9/12 MB
2026.10.04 22:53:18 INFO  Progress (1): 5.9/12 MB
2026.10.04 22:53:18 INFO  Progress (1): 5.9/12 MB
2026.10.04 22:53:18 INFO  Progress (1): 6.0/12 MB
2026.10.04 22:53:18 INFO  Progress (1): 6.0/12 MB
2026.10.04 22:53:18 INFO  Progress (1): 6.0/12 MB
2026.10.04 22:53:18 INFO  Progress (1): 6.0/12 MB
2026.10.04 22:53:18 INFO  Progress (1): 6.0/12 MB
2026.10.04 22:53:18 INFO  Progress (1): 6.0/12 MB
2026.10.04 22:53:18 INFO  Progress (1): 6.1/12 MB
2026.10.04 22:53:18 INFO  Progress (1): 6.1/12 MB
2026.10.04 22:53:18 INFO  Progress (1): 6.1/12 MB
2026.10.04 22:53:18 INFO  Progress (1): 6.1/12 MB
2026.10.04 22:53:18 INFO  Progress (1): 6.1/12 MB
2026.10.04 22:53:18 INFO  Progress (1): 6.1/12 MB
2026.10.04 22:53:18 INFO  Progress (1): 6.2/12 MB
2026.10.04 22:53:18 INFO  Progress (1): 6.2/12 MB
2026.10.04 22:53:18 INFO  Progress (1): 6.2/12 MB
2026.10.04 22:53:18 INFO  Progress (1): 6.2/12 MB
2026.10.04 22:53:18 INFO  Progress (1): 6.2/12 MB
2026.10.04 22:53:18 INFO  Progress (1): 6.2/12 MB
2026.10.04 22:53:18 INFO  Progress (1): 6.3/12 MB
2026.10.04 22:53:18 INFO  Progress (1): 6.3/12 MB
2026.10.04 22:53:18 INFO  Progress (1): 6.3/12 MB
2026.10.04 22:53:18 INFO  Progress (1): 6.3/12 MB
2026.10.04 22:53:18 INFO  Progress (1): 6.3/12 MB
2026.10.04 22:53:18 INFO  Progress (1): 6.3/12 MB
2026.10.04 22:53:18 INFO  Progress (1): 6.4/12 MB
2026.10.04 22:53:18 INFO  Progress (1): 6.4/12 MB
2026.10.04 22:53:18 INFO  Progress (1): 6.4/12 MB
2026.10.04 22:53:18 INFO  Progress (1): 6.4/12 MB
2026.10.04 22:53:18 INFO  Progress (1): 6.4/12 MB
2026.10.04 22:53:18 INFO  Progress (1): 6.4/12 MB
2026.10.04 22:53:18 INFO  Progress (1): 6.4/12 MB
2026.10.04 22:53:18 INFO  Progress (1): 6.5/12 MB
2026.10.04 22:53:18 INFO  Progress (1): 6.5/12 MB
2026.10.04 22:53:18 INFO  Progress (1): 6.5/12 MB
2026.10.04 22:53:18 INFO  Progress (1): 6.5/12 MB
2026.10.04 22:53:18 INFO  Progress (1): 6.5/12 MB
2026.10.04 22:53:18 INFO  Progress (1): 6.5/12 MB
2026.10.04 22:53:18 INFO  Progress (1): 6.6/12 MB
2026.10.04 22:53:18 INFO  Progress (1): 6.6/12 MB
2026.10.04 22:53:18 INFO  Progress (1): 6.6/12 MB
2026.10.04 22:53:18 INFO  Progress (1): 6.6/12 MB
2026.10.04 22:53:18 INFO  Progress (1): 6.6/12 MB
2026.10.04 22:53:18 INFO  Progress (1): 6.6/12 MB
2026.10.04 22:53:18 INFO  Progress (1): 6.7/12 MB
2026.10.04 22:53:18 INFO  Progress (1): 6.7/12 MB
2026.10.04 22:53:18 INFO  Progress (1): 6.7/12 MB
2026.10.04 22:53:18 INFO  Progress (1): 6.7/12 MB
2026.10.04 22:53:18 INFO  Progress (1): 6.7/12 MB
2026.10.04 22:53:18 INFO  Progress (1): 6.7/12 MB
2026.10.04 22:53:18 INFO  Progress (1): 6.8/12 MB
2026.10.04 22:53:18 INFO  Progress (1): 6.8/12 MB
2026.10.04 22:53:18 INFO  Progress (1): 6.8/12 MB
2026.10.04 22:53:18 INFO  Progress (1): 6.8/12 MB
2026.10.04 22:53:18 INFO  Progress (1): 6.8/12 MB
2026.10.04 22:53:18 INFO  Progress (1): 6.8/12 MB
2026.10.04 22:53:18 INFO  Progress (1): 6.9/12 MB
2026.10.04 22:53:18 INFO  Progress (1): 6.9/12 MB
2026.10.04 22:53:18 INFO  Progress (1): 6.9/12 MB
2026.10.04 22:53:18 INFO  Progress (1): 6.9/12 MB
2026.10.04 22:53:18 INFO  Progress (1): 6.9/12 MB
2026.10.04 22:53:18 INFO  Progress (1): 6.9/12 MB
2026.10.04 22:53:18 INFO  Progress (1): 7.0/12 MB
2026.10.04 22:53:18 INFO  Progress (1): 7.0/12 MB
2026.10.04 22:53:18 INFO  Progress (1): 7.0/12 MB
2026.10.04 22:53:18 INFO  Progress (1): 7.0/12 MB
2026.10.04 22:53:18 INFO  Progress (1): 7.0/12 MB
2026.10.04 22:53:18 INFO  Progress (1): 7.0/12 MB
2026.10.04 22:53:18 INFO  Progress (1): 7.1/12 MB
2026.10.04 22:53:18 INFO  Progress (1): 7.1/12 MB
2026.10.04 22:53:18 INFO  Progress (1): 7.1/12 MB
2026.10.04 22:53:18 INFO  Progress (1): 7.1/12 MB
2026.10.04 22:53:18 INFO  Progress (1): 7.1/12 MB
2026.10.04 22:53:18 INFO  Progress (1): 7.1/12 MB
2026.10.04 22:53:18 INFO  Progress (1): 7.2/12 MB
2026.10.04 22:53:18 INFO  Progress (1): 7.2/12 MB
2026.10.04 22:53:18 INFO  Progress (1): 7.2/12 MB
2026.10.04 22:53:18 INFO  Progress (1): 7.2/12 MB
2026.10.04 22:53:18 INFO  Progress (1): 7.2/12 MB
2026.10.04 22:53:18 INFO  Progress (1): 7.2/12 MB
2026.10.04 22:53:18 INFO  Progress (1): 7.3/12 MB
2026.10.04 22:53:18 INFO  Progress (1): 7.3/12 MB
2026.10.04 22:53:18 INFO  Progress (1): 7.3/12 MB
2026.10.04 22:53:18 INFO  Progress (1): 7.3/12 MB
2026.10.04 22:53:18 INFO  Progress (1): 7.3/12 MB
2026.10.04 22:53:18 INFO  Progress (1): 7.3/12 MB
2026.10.04 22:53:18 INFO  Progress (1): 7.4/12 MB
2026.10.04 22:53:18 INFO  Progress (1): 7.4/12 MB
2026.10.04 22:53:18 INFO  Progress (1): 7.4/12 MB
2026.10.04 22:53:18 INFO  Progress (1): 7.4/12 MB
2026.10.04 22:53:18 INFO  Progress (1): 7.4/12 MB
2026.10.04 22:53:18 INFO  Progress (1): 7.4/12 MB
2026.10.04 22:53:18 INFO  Progress (1): 7.4/12 MB
2026.10.04 22:53:18 INFO  Progress (1): 7.5/12 MB
2026.10.04 22:53:18 INFO  Progress (1): 7.5/12 MB
2026.10.04 22:53:18 INFO  Progress (1): 7.5/12 MB
2026.10.04 22:53:18 INFO  Progress (1): 7.5/12 MB
2026.10.04 22:53:18 INFO  Progress (1): 7.5/12 MB
2026.10.04 22:53:18 INFO  Progress (1): 7.5/12 MB
2026.10.04 22:53:18 INFO  Progress (1): 7.6/12 MB
2026.10.04 22:53:18 INFO  Progress (1): 7.6/12 MB
2026.10.04 22:53:18 INFO  Progress (1): 7.6/12 MB
2026.10.04 22:53:18 INFO  Progress (1): 7.6/12 MB
2026.10.04 22:53:18 INFO  Progress (1): 7.6/12 MB
2026.10.04 22:53:18 INFO  Progress (1): 7.6/12 MB
2026.10.04 22:53:18 INFO  Progress (1): 7.7/12 MB
2026.10.04 22:53:18 INFO  Progress (1): 7.7/12 MB
2026.10.04 22:53:18 INFO  Progress (1): 7.7/12 MB
2026.10.04 22:53:18 INFO  Progress (1): 7.7/12 MB
2026.10.04 22:53:18 INFO  Progress (1): 7.7/12 MB
2026.10.04 22:53:18 INFO  Progress (1): 7.7/12 MB
2026.10.04 22:53:18 INFO  Progress (1): 7.8/12 MB
2026.10.04 22:53:18 INFO  Progress (1): 7.8/12 MB
2026.10.04 22:53:18 INFO  Progress (1): 7.8/12 MB
2026.10.04 22:53:18 INFO  Progress (1): 7.8/12 MB
2026.10.04 22:53:18 INFO  Progress (1): 7.8/12 MB
2026.10.04 22:53:18 INFO  Progress (1): 7.8/12 MB
2026.10.04 22:53:18 INFO  Progress (1): 7.9/12 MB
2026.10.04 22:53:18 INFO  Progress (1): 7.9/12 MB
2026.10.04 22:53:18 INFO  Progress (1): 7.9/12 MB
2026.10.04 22:53:18 INFO  Progress (1): 7.9/12 MB
2026.10.04 22:53:18 INFO  Progress (1): 7.9/12 MB
2026.10.04 22:53:18 INFO  Progress (1): 7.9/12 MB
2026.10.04 22:53:18 INFO  Progress (1): 8.0/12 MB
2026.10.04 22:53:18 INFO  Progress (1): 8.0/12 MB
2026.10.04 22:53:18 INFO  Progress (1): 8.0/12 MB
2026.10.04 22:53:18 INFO  Progress (1): 8.0/12 MB
2026.10.04 22:53:18 INFO  Progress (1): 8.0/12 MB
2026.10.04 22:53:18 INFO  Progress (1): 8.0/12 MB
2026.10.04 22:53:18 INFO  Progress (1): 8.1/12 MB
2026.10.04 22:53:18 INFO  Progress (1): 8.1/12 MB
2026.10.04 22:53:18 INFO  Progress (1): 8.1/12 MB
2026.10.04 22:53:18 INFO  Progress (1): 8.1/12 MB
2026.10.04 22:53:18 INFO  Progress (1): 8.1/12 MB
2026.10.04 22:53:18 INFO  Progress (1): 8.1/12 MB
2026.10.04 22:53:18 INFO  Progress (1): 8.2/12 MB
2026.10.04 22:53:18 INFO  Progress (1): 8.2/12 MB
2026.10.04 22:53:18 INFO  Progress (1): 8.2/12 MB
2026.10.04 22:53:18 INFO  Progress (1): 8.2/12 MB
2026.10.04 22:53:18 INFO  Progress (1): 8.2/12 MB
2026.10.04 22:53:18 INFO  Progress (1): 8.2/12 MB
2026.10.04 22:53:18 INFO  Progress (1): 8.3/12 MB
2026.10.04 22:53:18 INFO  Progress (1): 8.3/12 MB
2026.10.04 22:53:18 INFO  Progress (1): 8.3/12 MB
2026.10.04 22:53:18 INFO  Progress (1): 8.3/12 MB
2026.10.04 22:53:18 INFO  Progress (1): 8.3/12 MB
2026.10.04 22:53:18 INFO  Progress (1): 8.3/12 MB
2026.10.04 22:53:18 INFO  Progress (1): 8.4/12 MB
2026.10.04 22:53:18 INFO  Progress (1): 8.4/12 MB
2026.10.04 22:53:18 INFO  Progress (1): 8.4/12 MB
2026.10.04 22:53:18 INFO  Progress (1): 8.4/12 MB
2026.10.04 22:53:18 INFO  Progress (1): 8.4/12 MB
2026.10.04 22:53:18 INFO  Progress (1): 8.4/12 MB
2026.10.04 22:53:18 INFO  Progress (1): 8.4/12 MB
2026.10.04 22:53:18 INFO  Progress (1): 8.5/12 MB
2026.10.04 22:53:18 INFO  Progress (1): 8.5/12 MB
2026.10.04 22:53:18 INFO  Progress (1): 8.5/12 MB
2026.10.04 22:53:18 INFO  Progress (1): 8.5/12 MB
2026.10.04 22:53:18 INFO  Progress (1): 8.5/12 MB
2026.10.04 22:53:18 INFO  Progress (1): 8.5/12 MB
2026.10.04 22:53:18 INFO  Progress (1): 8.6/12 MB
2026.10.04 22:53:18 INFO  Progress (1): 8.6/12 MB
2026.10.04 22:53:18 INFO  Progress (1): 8.6/12 MB
2026.10.04 22:53:18 INFO  Progress (1): 8.6/12 MB
2026.10.04 22:53:18 INFO  Progress (1): 8.6/12 MB
2026.10.04 22:53:18 INFO  Progress (1): 8.6/12 MB
2026.10.04 22:53:18 INFO  Progress (1): 8.7/12 MB
2026.10.04 22:53:18 INFO  Progress (1): 8.7/12 MB
2026.10.04 22:53:18 INFO  Progress (1): 8.7/12 MB
2026.10.04 22:53:18 INFO  Progress (1): 8.7/12 MB
2026.10.04 22:53:18 INFO  Progress (1): 8.7/12 MB
2026.10.04 22:53:18 INFO  Progress (1): 8.7/12 MB
2026.10.04 22:53:18 INFO  Progress (1): 8.8/12 MB
2026.10.04 22:53:18 INFO  Progress (1): 8.8/12 MB
2026.10.04 22:53:18 INFO  Progress (1): 8.8/12 MB
2026.10.04 22:53:18 INFO  Progress (1): 8.8/12 MB
2026.10.04 22:53:18 INFO  Progress (1): 8.8/12 MB
2026.10.04 22:53:18 INFO  Progress (1): 8.8/12 MB
2026.10.04 22:53:18 INFO  Progress (1): 8.9/12 MB
2026.10.04 22:53:18 INFO  Progress (1): 8.9/12 MB
2026.10.04 22:53:19 INFO  Progress (1): 8.9/12 MB
2026.10.04 22:53:19 INFO  Progress (1): 8.9/12 MB
2026.10.04 22:53:19 INFO  Progress (1): 8.9/12 MB
2026.10.04 22:53:19 INFO  Progress (1): 8.9/12 MB
2026.10.04 22:53:19 INFO  Progress (1): 9.0/12 MB
2026.10.04 22:53:19 INFO  Progress (1): 9.0/12 MB
2026.10.04 22:53:19 INFO  Progress (1): 9.0/12 MB
2026.10.04 22:53:19 INFO  Progress (1): 9.0/12 MB
2026.10.04 22:53:19 INFO  Progress (1): 9.0/12 MB
2026.10.04 22:53:19 INFO  Progress (1): 9.0/12 MB
2026.10.04 22:53:19 INFO  Progress (1): 9.1/12 MB
2026.10.04 22:53:19 INFO  Progress (1): 9.1/12 MB
2026.10.04 22:53:19 INFO  Progress (1): 9.1/12 MB
2026.10.04 22:53:19 INFO  Progress (1): 9.1/12 MB
2026.10.04 22:53:19 INFO  Progress (1): 9.1/12 MB
2026.10.04 22:53:19 INFO  Progress (1): 9.1/12 MB
2026.10.04 22:53:19 INFO  Progress (1): 9.2/12 MB
2026.10.04 22:53:19 INFO  Progress (1): 9.2/12 MB
2026.10.04 22:53:19 INFO  Progress (1): 9.2/12 MB
2026.10.04 22:53:19 INFO  Progress (1): 9.2/12 MB
2026.10.04 22:53:19 INFO  Progress (1): 9.2/12 MB
2026.10.04 22:53:19 INFO  Progress (1): 9.2/12 MB
2026.10.04 22:53:19 INFO  Progress (1): 9.3/12 MB
2026.10.04 22:53:19 INFO  Progress (1): 9.3/12 MB
2026.10.04 22:53:19 INFO  Progress (1): 9.3/12 MB
2026.10.04 22:53:19 INFO  Progress (1): 9.3/12 MB
2026.10.04 22:53:19 INFO  Progress (1): 9.3/12 MB
2026.10.04 22:53:19 INFO  Progress (1): 9.3/12 MB
2026.10.04 22:53:19 INFO  Progress (1): 9.3/12 MB
2026.10.04 22:53:19 INFO  Progress (1): 9.4/12 MB
2026.10.04 22:53:19 INFO  Progress (1): 9.4/12 MB
2026.10.04 22:53:19 INFO  Progress (1): 9.4/12 MB
2026.10.04 22:53:19 INFO  Progress (1): 9.4/12 MB
2026.10.04 22:53:19 INFO  Progress (1): 9.4/12 MB
2026.10.04 22:53:19 INFO  Progress (1): 9.4/12 MB
2026.10.04 22:53:19 INFO  Progress (1): 9.5/12 MB
2026.10.04 22:53:19 INFO  Progress (1): 9.5/12 MB
2026.10.04 22:53:19 INFO  Progress (1): 9.5/12 MB
2026.10.04 22:53:19 INFO  Progress (1): 9.5/12 MB
2026.10.04 22:53:19 INFO  Progress (1): 9.5/12 MB
2026.10.04 22:53:19 INFO  Progress (1): 9.5/12 MB
2026.10.04 22:53:19 INFO  Progress (1): 9.6/12 MB
2026.10.04 22:53:19 INFO  Progress (1): 9.6/12 MB
2026.10.04 22:53:19 INFO  Progress (1): 9.6/12 MB
2026.10.04 22:53:19 INFO  Progress (1): 9.6/12 MB
2026.10.04 22:53:19 INFO  Progress (1): 9.6/12 MB
2026.10.04 22:53:19 INFO  Progress (1): 9.6/12 MB
2026.10.04 22:53:19 INFO  Progress (1): 9.7/12 MB
2026.10.04 22:53:19 INFO  Progress (1): 9.7/12 MB
2026.10.04 22:53:19 INFO  Progress (1): 9.7/12 MB
2026.10.04 22:53:19 INFO  Progress (1): 9.7/12 MB
2026.10.04 22:53:19 INFO  Progress (1): 9.7/12 MB
2026.10.04 22:53:19 INFO  Progress (1): 9.7/12 MB
2026.10.04 22:53:19 INFO  Progress (1): 9.8/12 MB
2026.10.04 22:53:19 INFO  Progress (1): 9.8/12 MB
2026.10.04 22:53:19 INFO  Progress (1): 9.8/12 MB
2026.10.04 22:53:19 INFO  Progress (1): 9.8/12 MB
2026.10.04 22:53:19 INFO  Progress (1): 9.8/12 MB
2026.10.04 22:53:19 INFO  Progress (1): 9.8/12 MB
2026.10.04 22:53:19 INFO  Progress (1): 9.9/12 MB
2026.10.04 22:53:19 INFO  Progress (1): 9.9/12 MB
2026.10.04 22:53:19 INFO  Progress (1): 9.9/12 MB
2026.10.04 22:53:19 INFO  Progress (1): 9.9/12 MB
2026.10.04 22:53:19 INFO  Progress (1): 9.9/12 MB
2026.10.04 22:53:19 INFO  Progress (1): 9.9/12 MB
2026.10.04 22:53:19 INFO  Progress (1): 10.0/12 MB
2026.10.04 22:53:19 INFO  Progress (1): 10.0/12 MB
2026.10.04 22:53:19 INFO  Progress (1): 10.0/12 MB
2026.10.04 22:53:19 INFO  Progress (1): 10/12 MB  
2026.10.04 22:53:19 INFO  Progress (1): 10/12 MB
2026.10.04 22:53:19 INFO  Progress (1): 10/12 MB
2026.10.04 22:53:19 INFO  Progress (1): 10/12 MB
2026.10.04 22:53:19 INFO  Progress (1): 10/12 MB
2026.10.04 22:53:19 INFO  Progress (1): 10/12 MB
2026.10.04 22:53:19 INFO  Progress (1): 10/12 MB
2026.10.04 22:53:19 INFO  Progress (1): 10/12 MB
2026.10.04 22:53:19 INFO  Progress (1): 10/12 MB
2026.10.04 22:53:19 INFO  Progress (1): 10/12 MB
2026.10.04 22:53:19 INFO  Progress (1): 10/12 MB
2026.10.04 22:53:19 INFO  Progress (1): 10/12 MB
2026.10.04 22:53:19 INFO  Progress (1): 10/12 MB
2026.10.04 22:53:19 INFO  Progress (1): 10/12 MB
2026.10.04 22:53:19 INFO  Progress (1): 10/12 MB
2026.10.04 22:53:19 INFO  Progress (1): 10/12 MB
2026.10.04 22:53:19 INFO  Progress (1): 10/12 MB
2026.10.04 22:53:19 INFO  Progress (1): 10/12 MB
2026.10.04 22:53:19 INFO  Progress (1): 10/12 MB
2026.10.04 22:53:19 INFO  Progress (1): 10/12 MB
2026.10.04 22:53:19 INFO  Progress (1): 10/12 MB
2026.10.04 22:53:19 INFO  Progress (1): 10/12 MB
2026.10.04 22:53:19 INFO  Progress (1): 10/12 MB
2026.10.04 22:53:19 INFO  Progress (1): 10/12 MB
2026.10.04 22:53:19 INFO  Progress (1): 10/12 MB
2026.10.04 22:53:19 INFO  Progress (1): 10/12 MB
2026.10.04 22:53:19 INFO  Progress (1): 10/12 MB
2026.10.04 22:53:19 INFO  Progress (1): 10/12 MB
2026.10.04 22:53:19 INFO  Progress (1): 10/12 MB
2026.10.04 22:53:19 INFO  Progress (1): 10/12 MB
2026.10.04 22:53:19 INFO  Progress (1): 10/12 MB
2026.10.04 22:53:19 INFO  Progress (1): 11/12 MB
2026.10.04 22:53:19 INFO  Progress (1): 11/12 MB
2026.10.04 22:53:19 INFO  Progress (1): 11/12 MB
2026.10.04 22:53:19 INFO  Progress (1): 11/12 MB
2026.10.04 22:53:19 INFO  Progress (1): 11/12 MB
2026.10.04 22:53:19 INFO  Progress (1): 11/12 MB
2026.10.04 22:53:19 INFO  Progress (1): 11/12 MB
2026.10.04 22:53:19 INFO  Progress (1): 11/12 MB
2026.10.04 22:53:19 INFO  Progress (1): 11/12 MB
2026.10.04 22:53:19 INFO  Progress (1): 11/12 MB
2026.10.04 22:53:19 INFO  Progress (1): 11/12 MB
2026.10.04 22:53:19 INFO  Progress (1): 11/12 MB
2026.10.04 22:53:19 INFO  Progress (1): 11/12 MB
2026.10.04 22:53:19 INFO  Progress (1): 11/12 MB
2026.10.04 22:53:19 INFO  Progress (1): 11/12 MB
2026.10.04 22:53:19 INFO  Progress (1): 11/12 MB
2026.10.04 22:53:19 INFO  Progress (1): 11/12 MB
2026.10.04 22:53:19 INFO  Progress (1): 11/12 MB
2026.10.04 22:53:19 INFO  Progress (1): 11/12 MB
2026.10.04 22:53:19 INFO  Progress (1): 11/12 MB
2026.10.04 22:53:19 INFO  Progress (1): 11/12 MB
2026.10.04 22:53:19 INFO  Progress (1): 11/12 MB
2026.10.04 22:53:19 INFO  Progress (1): 11/12 MB
2026.10.04 22:53:19 INFO  Progress (1): 11/12 MB
2026.10.04 22:53:19 INFO  Progress (1): 11/12 MB
2026.10.04 22:53:19 INFO  Progress (1): 11/12 MB
2026.10.04 22:53:19 INFO  Progress (1): 11/12 MB
2026.10.04 22:53:19 INFO  Progress (1): 11/12 MB
2026.10.04 22:53:19 INFO  Progress (1): 11/12 MB
2026.10.04 22:53:19 INFO  Progress (1): 11/12 MB
2026.10.04 22:53:19 INFO  Progress (1): 11/12 MB
2026.10.04 22:53:19 INFO  Progress (1): 11/12 MB
2026.10.04 22:53:19 INFO  Progress (1): 11/12 MB
2026.10.04 22:53:19 INFO  Progress (1): 11/12 MB
2026.10.04 22:53:19 INFO  Progress (1): 11/12 MB
2026.10.04 22:53:19 INFO  Progress (1): 11/12 MB
2026.10.04 22:53:19 INFO  Progress (1): 11/12 MB
2026.10.04 22:53:19 INFO  Progress (1): 11/12 MB
2026.10.04 22:53:19 INFO  Progress (1): 11/12 MB
2026.10.04 22:53:19 INFO  Progress (1): 11/12 MB
2026.10.04 22:53:19 INFO  Progress (1): 11/12 MB
2026.10.04 22:53:19 INFO  Progress (1): 11/12 MB
2026.10.04 22:53:19 INFO  Progress (1): 11/12 MB
2026.10.04 22:53:19 INFO  Progress (1): 11/12 MB
2026.10.04 22:53:19 INFO  Progress (1): 11/12 MB
2026.10.04 22:53:19 INFO  Progress (1): 11/12 MB
2026.10.04 22:53:19 INFO  Progress (1): 11/12 MB
2026.10.04 22:53:19 INFO  Progress (1): 11/12 MB
2026.10.04 22:53:19 INFO  Progress (1): 11/12 MB
2026.10.04 22:53:19 INFO  Progress (1): 11/12 MB
2026.10.04 22:53:19 INFO  Progress (1): 11/12 MB
2026.10.04 22:53:19 INFO  Progress (1): 11/12 MB
2026.10.04 22:53:19 INFO  Progress (1): 11/12 MB
2026.10.04 22:53:19 INFO  Progress (1): 11/12 MB
2026.10.04 22:53:19 INFO  Progress (1): 11/12 MB
2026.10.04 22:53:19 INFO  Progress (1): 11/12 MB
2026.10.04 22:53:19 INFO  Progress (1): 11/12 MB
2026.10.04 22:53:19 INFO  Progress (1): 11/12 MB
2026.10.04 22:53:19 INFO  Progress (1): 11/12 MB
2026.10.04 22:53:19 INFO  Progress (1): 11/12 MB
2026.10.04 22:53:19 INFO  Progress (1): 11/12 MB
2026.10.04 22:53:19 INFO  Progress (1): 12/12 MB
2026.10.04 22:53:19 INFO  Progress (1): 12/12 MB
2026.10.04 22:53:19 INFO  Progress (1): 12/12 MB
2026.10.04 22:53:19 INFO  Progress (1): 12/12 MB
2026.10.04 22:53:19 INFO  Progress (1): 12/12 MB
2026.10.04 22:53:19 INFO  Progress (1): 12/12 MB
2026.10.04 22:53:19 INFO  Progress (1): 12/12 MB
2026.10.04 22:53:19 INFO  Progress (1): 12/12 MB
2026.10.04 22:53:19 INFO  Progress (1): 12/12 MB
2026.10.04 22:53:19 INFO  Progress (1): 12/12 MB
2026.10.04 22:53:19 INFO  Progress (1): 12/12 MB
2026.10.04 22:53:19 INFO  Progress (1): 12/12 MB
2026.10.04 22:53:19 INFO  Progress (1): 12/12 MB
2026.10.04 22:53:19 INFO  Progress (1): 12/12 MB
2026.10.04 22:53:19 INFO  Progress (1): 12/12 MB
2026.10.04 22:53:19 INFO  Progress (1): 12/12 MB
2026.10.04 22:53:19 INFO  Progress (1): 12/12 MB
2026.10.04 22:53:19 INFO  Progress (1): 12/12 MB
2026.10.04 22:53:19 INFO  Progress (1): 12/12 MB
2026.10.04 22:53:19 INFO  Progress (1): 12/12 MB
2026.10.04 22:53:19 INFO  Progress (1): 12/12 MB
2026.10.04 22:53:19 INFO  Progress (1): 12/12 MB
2026.10.04 22:53:19 INFO  Progress (1): 12/12 MB
2026.10.04 22:53:19 INFO  Progress (1): 12/12 MB
2026.10.04 22:53:19 INFO  Progress (1): 12/12 MB
2026.10.04 22:53:19 INFO  Progress (1): 12/12 MB
2026.10.04 22:53:19 INFO  Progress (1): 12/12 MB
2026.10.04 22:53:19 INFO  Progress (1): 12/12 MB
2026.10.04 22:53:19 INFO  Progress (1): 12/12 MB
2026.10.04 22:53:19 INFO  Progress (1): 12/12 MB
2026.10.04 22:53:19 INFO  Progress (1): 12/12 MB
2026.10.04 22:53:19 INFO  Progress (1): 12/12 MB
2026.10.04 22:53:19 INFO  Progress (1): 12/12 MB
2026.10.04 22:53:19 INFO  Progress (1): 12/12 MB
2026.10.04 22:53:19 INFO  Progress (1): 12/12 MB
2026.10.04 22:53:19 INFO  Progress (1): 12/12 MB
2026.10.04 22:53:19 INFO  Progress (1): 12 MB   
2026.10.04 22:53:19 INFO                     
2026.10.04 22:53:19 INFO  Downloaded from central: https://repo.maven.apache.org/maven2/org/scala-lang/scala-compiler/2.13.8/scala-compiler-2.13.8.jar (12 MB at 2.4 MB/s)
2026.10.04 22:53:21 INFO  [ERROR] org.scala-lang:scala([0-9]?)-library is missing from project dependencies
2026.10.04 22:53:21 INFO  [INFO] Resolving artifact: org.hamcrest:hamcrest:jar:2.2:test (sources = false)
2026.10.04 22:53:21 INFO  [INFO] SUCCESS: org.hamcrest:hamcrest:jar:2.2:test (sources = false)
2026.10.04 22:53:21 INFO  [INFO] Resolving artifact: org.hamcrest:hamcrest:jar:2.2:test (sources = true)
2026.10.04 22:53:21 INFO  Downloading from central: https://repo.maven.apache.org/maven2/org/hamcrest/hamcrest/2.2/hamcrest-2.2-sources.jar
2026.10.04 22:53:21 INFO  Progress (1): 3.2/83 kB
2026.10.04 22:53:21 INFO  Progress (1): 20/83 kB 
2026.10.04 22:53:21 INFO  Progress (1): 36/83 kB
2026.10.04 22:53:21 INFO  Progress (1): 52/83 kB
2026.10.04 22:53:21 INFO  Progress (1): 69/83 kB
2026.10.04 22:53:21 INFO  Progress (1): 83 kB   
2026.10.04 22:53:21 INFO                     
2026.10.04 22:53:21 INFO  Downloaded from central: https://repo.maven.apache.org/maven2/org/hamcrest/hamcrest/2.2/hamcrest-2.2-sources.jar (83 kB at 1.3 MB/s)
2026.10.04 22:53:21 INFO  [INFO] SUCCESS: org.hamcrest:hamcrest:jar:2.2:test (sources = true)
2026.10.04 22:53:21 INFO  [INFO] Resolving artifact: io.rest-assured:rest-assured:jar:6.0.1:test (sources = false)
2026.10.04 22:53:21 INFO  [INFO] SUCCESS: io.rest-assured:rest-assured:jar:6.0.1:test (sources = false)
2026.10.04 22:53:21 INFO  [INFO] Resolving artifact: io.rest-assured:rest-assured:jar:6.0.1:test (sources = true)
2026.10.04 22:53:21 INFO  Downloading from central: https://repo.maven.apache.org/maven2/io/rest-assured/rest-assured/6.0.1/rest-assured-6.0.1-sources.jar
2026.10.04 22:53:21 INFO  Progress (1): 7.7/390 kB
2026.10.04 22:53:21 INFO  Progress (1): 16/390 kB 
2026.10.04 22:53:21 INFO  Progress (1): 32/390 kB
2026.10.04 22:53:21 INFO  Progress (1): 49/390 kB
2026.10.04 22:53:21 INFO  Progress (1): 65/390 kB
2026.10.04 22:53:21 INFO  Progress (1): 81/390 kB
2026.10.04 22:53:21 INFO  Progress (1): 98/390 kB
2026.10.04 22:53:21 INFO  Progress (1): 114/390 kB
2026.10.04 22:53:21 INFO  Progress (1): 123/390 kB
2026.10.04 22:53:21 INFO  Progress (1): 139/390 kB
2026.10.04 22:53:21 INFO  Progress (1): 156/390 kB
2026.10.04 22:53:21 INFO  Progress (1): 172/390 kB
2026.10.04 22:53:21 INFO  Progress (1): 188/390 kB
2026.10.04 22:53:21 INFO  Progress (1): 205/390 kB
2026.10.04 22:53:21 INFO  Progress (1): 221/390 kB
2026.10.04 22:53:21 INFO  Progress (1): 238/390 kB
2026.10.04 22:53:21 INFO  Progress (1): 254/390 kB
2026.10.04 22:53:21 INFO  Progress (1): 270/390 kB
2026.10.04 22:53:21 INFO  Progress (1): 287/390 kB
2026.10.04 22:53:21 INFO  Progress (1): 303/390 kB
2026.10.04 22:53:21 INFO  Progress (1): 319/390 kB
2026.10.04 22:53:21 INFO  Progress (1): 336/390 kB
2026.10.04 22:53:21 INFO  Progress (1): 352/390 kB
2026.10.04 22:53:21 INFO  Progress (1): 369/390 kB
2026.10.04 22:53:21 INFO  Progress (1): 385/390 kB
2026.10.04 22:53:21 INFO  Progress (1): 390 kB    
2026.10.04 22:53:21 INFO                      
2026.10.04 22:53:21 INFO  Downloaded from central: https://repo.maven.apache.org/maven2/io/rest-assured/rest-assured/6.0.1/rest-assured-6.0.1-sources.jar (390 kB at 4.5 MB/s)
2026.10.04 22:53:21 INFO  [INFO] SUCCESS: io.rest-assured:rest-assured:jar:6.0.1:test (sources = true)
2026.10.04 22:53:21 INFO  [INFO] Resolving artifact: org.apache.httpcomponents:httpclient:jar:4.5.13:test (sources = false)
2026.10.04 22:53:21 INFO  [INFO] SUCCESS: org.apache.httpcomponents:httpclient:jar:4.5.13:test (sources = false)
2026.10.04 22:53:21 INFO  [INFO] Resolving artifact: org.apache.httpcomponents:httpclient:jar:4.5.13:test (sources = true)
2026.10.04 22:53:21 INFO  Downloading from central: https://repo.maven.apache.org/maven2/org/apache/httpcomponents/httpclient/4.5.13/httpclient-4.5.13-sources.jar
2026.10.04 22:53:21 INFO  Progress (1): 7.7/733 kB
2026.10.04 22:53:21 INFO  Progress (1): 11/733 kB 
2026.10.04 22:53:21 INFO  Progress (1): 28/733 kB
2026.10.04 22:53:21 INFO  Progress (1): 44/733 kB
2026.10.04 22:53:21 INFO  Progress (1): 61/733 kB
2026.10.04 22:53:21 INFO  Progress (1): 77/733 kB
2026.10.04 22:53:21 INFO  Progress (1): 93/733 kB
2026.10.04 22:53:21 INFO  Progress (1): 110/733 kB
2026.10.04 22:53:21 INFO  Progress (1): 126/733 kB
2026.10.04 22:53:21 INFO  Progress (1): 142/733 kB
2026.10.04 22:53:21 INFO  Progress (1): 159/733 kB
2026.10.04 22:53:21 INFO  Progress (1): 175/733 kB
2026.10.04 22:53:21 INFO  Progress (1): 192/733 kB
2026.10.04 22:53:21 INFO  Progress (1): 208/733 kB
2026.10.04 22:53:21 INFO  Progress (1): 224/733 kB
2026.10.04 22:53:21 INFO  Progress (1): 241/733 kB
2026.10.04 22:53:21 INFO  Progress (1): 257/733 kB
2026.10.04 22:53:21 INFO  Progress (1): 274/733 kB
2026.10.04 22:53:21 INFO  Progress (1): 290/733 kB
2026.10.04 22:53:21 INFO  Progress (1): 306/733 kB
2026.10.04 22:53:21 INFO  Progress (1): 323/733 kB
2026.10.04 22:53:21 INFO  no build target found for D:\API_Automation\SampleTestRepoAPI\src\main\java\org\example\Main.java. Using fallback presentation compiler.
2026.10.04 22:53:21 INFO  Progress (1): 339/733 kB
2026.10.04 22:53:21 INFO  Progress (1): 355/733 kB
2026.10.04 22:53:21 INFO  Progress (1): 372/733 kB
2026.10.04 22:53:21 INFO  Progress (1): 388/733 kB
2026.10.04 22:53:21 INFO  Progress (1): 405/733 kB
2026.10.04 22:53:21 INFO  Progress (1): 421/733 kB
2026.10.04 22:53:21 INFO  Progress (1): 437/733 kB
2026.10.04 22:53:21 INFO  Progress (1): 454/733 kB
2026.10.04 22:53:21 INFO  Progress (1): 470/733 kB
2026.10.04 22:53:21 INFO  Progress (1): 487/733 kB
2026.10.04 22:53:21 INFO  Progress (1): 503/733 kB
2026.10.04 22:53:21 INFO  Progress (1): 519/733 kB
2026.10.04 22:53:21 INFO  Progress (1): 536/733 kB
2026.10.04 22:53:21 INFO  Progress (1): 552/733 kB
2026.10.04 22:53:21 INFO  Progress (1): 568/733 kB
2026.10.04 22:53:21 INFO  Progress (1): 585/733 kB
2026.10.04 22:53:21 INFO  Progress (1): 601/733 kB
2026.10.04 22:53:21 INFO  Progress (1): 618/733 kB
2026.10.04 22:53:21 INFO  Progress (1): 634/733 kB
2026.10.04 22:53:21 INFO  Progress (1): 650/733 kB
2026.10.04 22:53:21 INFO  Progress (1): 667/733 kB
2026.10.04 22:53:21 INFO  Progress (1): 683/733 kB
2026.10.04 22:53:21 INFO  Progress (1): 699/733 kB
2026.10.04 22:53:21 INFO  Progress (1): 716/733 kB
2026.10.04 22:53:21 INFO  Progress (1): 732/733 kB
2026.10.04 22:53:21 INFO  Progress (1): 733 kB    
2026.10.04 22:53:21 INFO                      
2026.10.04 22:53:21 INFO  Downloaded from central: https://repo.maven.apache.org/maven2/org/apache/httpcomponents/httpclient/4.5.13/httpclient-4.5.13-sources.jar (733 kB at 5.6 MB/s)
2026.10.04 22:53:21 INFO  [INFO] SUCCESS: org.apache.httpcomponents:httpclient:jar:4.5.13:test (sources = true)
2026.10.04 22:53:21 INFO  [INFO] Resolving artifact: org.webjars:jquery:jar:3.7.1:test (sources = false)
2026.10.04 22:53:21 INFO  [INFO] SUCCESS: org.webjars:jquery:jar:3.7.1:test (sources = false)
2026.10.04 22:53:21 INFO  [INFO] Resolving artifact: org.webjars:jquery:jar:3.7.1:test (sources = true)
2026.10.04 22:53:21 INFO  [INFO] SUCCESS: org.webjars:jquery:jar:3.7.1:test (sources = true)
2026.10.04 22:53:21 INFO  [INFO] Resolving artifact: org.apache.groovy:groovy-xml:jar:5.0.3:test (sources = false)
2026.10.04 22:53:21 INFO  [INFO] SUCCESS: org.apache.groovy:groovy-xml:jar:5.0.3:test (sources = false)
2026.10.04 22:53:21 INFO  [INFO] Resolving artifact: org.apache.groovy:groovy-xml:jar:5.0.3:test (sources = true)
2026.10.04 22:53:21 INFO  Downloading from central: https://repo.maven.apache.org/maven2/org/apache/groovy/groovy-xml/5.0.3/groovy-xml-5.0.3-sources.jar
2026.10.04 22:53:21 INFO  Progress (1): 7.7/99 kB
2026.10.04 22:53:21 INFO  Progress (1): 16/99 kB 
2026.10.04 22:53:21 INFO  Progress (1): 25/99 kB
2026.10.04 22:53:21 INFO  Progress (1): 41/99 kB
2026.10.04 22:53:21 INFO  Progress (1): 57/99 kB
2026.10.04 22:53:21 INFO  Progress (1): 74/99 kB
2026.10.04 22:53:21 INFO  Progress (1): 90/99 kB
2026.10.04 22:53:21 INFO  Progress (1): 99 kB   
2026.10.04 22:53:21 INFO                     
2026.10.04 22:53:21 INFO  Downloaded from central: https://repo.maven.apache.org/maven2/org/apache/groovy/groovy-xml/5.0.3/groovy-xml-5.0.3-sources.jar (99 kB at 1.6 MB/s)
2026.10.04 22:53:21 INFO  [INFO] SUCCESS: org.apache.groovy:groovy-xml:jar:5.0.3:test (sources = true)
2026.10.04 22:53:21 INFO  [INFO] Resolving artifact: org.testng:testng:jar:7.11.0:test (sources = false)
2026.10.04 22:53:21 INFO  [INFO] SUCCESS: org.testng:testng:jar:7.11.0:test (sources = false)
2026.10.04 22:53:21 INFO  [INFO] Resolving artifact: org.testng:testng:jar:7.11.0:test (sources = true)
2026.10.04 22:53:21 INFO  [INFO] SUCCESS: org.testng:testng:jar:7.11.0:test (sources = true)
2026.10.04 22:53:21 INFO  [INFO] Resolving artifact: org.slf4j:slf4j-api:jar:2.0.16:test (sources = false)
2026.10.04 22:53:21 INFO  [INFO] SUCCESS: org.slf4j:slf4j-api:jar:2.0.16:test (sources = false)
2026.10.04 22:53:21 INFO  [INFO] Resolving artifact: org.slf4j:slf4j-api:jar:2.0.16:test (sources = true)
2026.10.04 22:53:21 INFO  [INFO] SUCCESS: org.slf4j:slf4j-api:jar:2.0.16:test (sources = true)
2026.10.04 22:53:21 INFO  [INFO] Resolving artifact: commons-logging:commons-logging:jar:1.2:test (sources = false)
2026.10.04 22:53:21 INFO  [INFO] SUCCESS: commons-logging:commons-logging:jar:1.2:test (sources = false)
2026.10.04 22:53:21 INFO  [INFO] Resolving artifact: commons-logging:commons-logging:jar:1.2:test (sources = true)
2026.10.04 22:53:21 INFO  Downloading from central: https://repo.maven.apache.org/maven2/commons-logging/commons-logging/1.2/commons-logging-1.2-sources.jar
2026.10.04 22:53:21 INFO  Progress (1): 7.7/73 kB
2026.10.04 22:53:21 INFO  Progress (1): 16/73 kB 
2026.10.04 22:53:21 INFO  Progress (1): 28/73 kB
2026.10.04 22:53:21 INFO  Progress (1): 44/73 kB
2026.10.04 22:53:21 INFO  Progress (1): 61/73 kB
2026.10.04 22:53:21 INFO  Progress (1): 73 kB   
2026.10.04 22:53:21 INFO                     
2026.10.04 22:53:21 INFO  Downloaded from central: https://repo.maven.apache.org/maven2/commons-logging/commons-logging/1.2/commons-logging-1.2-sources.jar (73 kB at 1.2 MB/s)
2026.10.04 22:53:21 INFO  [INFO] SUCCESS: commons-logging:commons-logging:jar:1.2:test (sources = true)
2026.10.04 22:53:21 INFO  [INFO] Resolving artifact: io.rest-assured:rest-assured-common:jar:6.0.1:test (sources = false)
2026.10.04 22:53:21 INFO  [INFO] SUCCESS: io.rest-assured:rest-assured-common:jar:6.0.1:test (sources = false)
2026.10.04 22:53:21 INFO  [INFO] Resolving artifact: io.rest-assured:rest-assured-common:jar:6.0.1:test (sources = true)
2026.10.04 22:53:21 INFO  Downloading from central: https://repo.maven.apache.org/maven2/io/rest-assured/rest-assured-common/6.0.1/rest-assured-common-6.0.1-sources.jar
2026.10.04 22:53:21 INFO  Progress (1): 7.7/24 kB
2026.10.04 22:53:21 INFO  Progress (1): 16/24 kB 
2026.10.04 22:53:21 INFO  Progress (1): 24 kB   
2026.10.04 22:53:21 INFO                     
2026.10.04 22:53:21 INFO  Downloaded from central: https://repo.maven.apache.org/maven2/io/rest-assured/rest-assured-common/6.0.1/rest-assured-common-6.0.1-sources.jar (24 kB at 420 kB/s)
2026.10.04 22:53:21 INFO  [INFO] SUCCESS: io.rest-assured:rest-assured-common:jar:6.0.1:test (sources = true)
2026.10.04 22:53:21 INFO  [INFO] Resolving artifact: org.apache.groovy:groovy-json:jar:5.0.3:test (sources = false)
2026.10.04 22:53:21 INFO  [INFO] SUCCESS: org.apache.groovy:groovy-json:jar:5.0.3:test (sources = false)
2026.10.04 22:53:21 INFO  [INFO] Resolving artifact: org.apache.groovy:groovy-json:jar:5.0.3:test (sources = true)
2026.10.04 22:53:21 INFO  Downloading from central: https://repo.maven.apache.org/maven2/org/apache/groovy/groovy-json/5.0.3/groovy-json-5.0.3-sources.jar
2026.10.04 22:53:21 INFO  Progress (1): 7.7/107 kB
2026.10.04 22:53:21 INFO  Progress (1): 16/107 kB 
2026.10.04 22:53:21 INFO  Progress (1): 25/107 kB
2026.10.04 22:53:21 INFO  Progress (1): 41/107 kB
2026.10.04 22:53:21 INFO  Progress (1): 57/107 kB
2026.10.04 22:53:21 INFO  Progress (1): 74/107 kB
2026.10.04 22:53:21 INFO  Progress (1): 90/107 kB
2026.10.04 22:53:21 INFO  Progress (1): 106/107 kB
2026.10.04 22:53:21 INFO  Progress (1): 107 kB    
2026.10.04 22:53:21 INFO                      
2026.10.04 22:53:21 INFO  Downloaded from central: https://repo.maven.apache.org/maven2/org/apache/groovy/groovy-json/5.0.3/groovy-json-5.0.3-sources.jar (107 kB at 1.5 MB/s)
2026.10.04 22:53:21 INFO  [INFO] SUCCESS: org.apache.groovy:groovy-json:jar:5.0.3:test (sources = true)
2026.10.04 22:53:21 INFO  [INFO] Resolving artifact: org.apache.commons:commons-lang3:jar:3.19.0:test (sources = false)
2026.10.04 22:53:21 INFO  [INFO] SUCCESS: org.apache.commons:commons-lang3:jar:3.19.0:test (sources = false)
2026.10.04 22:53:21 INFO  [INFO] Resolving artifact: org.apache.commons:commons-lang3:jar:3.19.0:test (sources = true)
2026.10.04 22:53:21 INFO  Downloading from central: https://repo.maven.apache.org/maven2/org/apache/commons/commons-lang3/3.19.0/commons-lang3-3.19.0-sources.jar
2026.10.04 22:53:21 INFO  Progress (1): 7.7/761 kB
2026.10.04 22:53:21 INFO  Progress (1): 16/761 kB 
2026.10.04 22:53:21 INFO  Progress (1): 24/761 kB
2026.10.04 22:53:21 INFO  Progress (1): 40/761 kB
2026.10.04 22:53:21 INFO  Progress (1): 57/761 kB
2026.10.04 22:53:21 INFO  Progress (1): 61/761 kB
2026.10.04 22:53:21 INFO  Progress (1): 77/761 kB
2026.10.04 22:53:21 INFO  Progress (1): 93/761 kB
2026.10.04 22:53:21 INFO  Progress (1): 110/761 kB
2026.10.04 22:53:21 INFO  Progress (1): 126/761 kB
2026.10.04 22:53:21 INFO  Progress (1): 143/761 kB
2026.10.04 22:53:21 INFO  Progress (1): 159/761 kB
2026.10.04 22:53:21 INFO  Progress (1): 175/761 kB
2026.10.04 22:53:21 INFO  Progress (1): 192/761 kB
2026.10.04 22:53:21 INFO  Progress (1): 208/761 kB
2026.10.04 22:53:21 INFO  Progress (1): 224/761 kB
2026.10.04 22:53:21 INFO  Progress (1): 241/761 kB
2026.10.04 22:53:21 INFO  Progress (1): 257/761 kB
2026.10.04 22:53:21 INFO  Progress (1): 274/761 kB
2026.10.04 22:53:21 INFO  Progress (1): 290/761 kB
2026.10.04 22:53:21 INFO  Progress (1): 306/761 kB
2026.10.04 22:53:21 INFO  Progress (1): 323/761 kB
2026.10.04 22:53:21 INFO  Progress (1): 339/761 kB
2026.10.04 22:53:21 INFO  Progress (1): 356/761 kB
2026.10.04 22:53:21 INFO  Progress (1): 372/761 kB
2026.10.04 22:53:21 INFO  Progress (1): 388/761 kB
2026.10.04 22:53:21 INFO  Progress (1): 405/761 kB
2026.10.04 22:53:21 INFO  Progress (1): 421/761 kB
2026.10.04 22:53:21 INFO  Progress (1): 437/761 kB
2026.10.04 22:53:21 INFO  Progress (1): 454/761 kB
2026.10.04 22:53:21 INFO  Progress (1): 470/761 kB
2026.10.04 22:53:21 INFO  Progress (1): 487/761 kB
2026.10.04 22:53:21 INFO  Progress (1): 503/761 kB
2026.10.04 22:53:21 INFO  Progress (1): 519/761 kB
2026.10.04 22:53:21 INFO  Progress (1): 536/761 kB
2026.10.04 22:53:21 INFO  Progress (1): 552/761 kB
2026.10.04 22:53:21 INFO  Progress (1): 569/761 kB
2026.10.04 22:53:21 INFO  Progress (1): 585/761 kB
2026.10.04 22:53:21 INFO  Progress (1): 601/761 kB
2026.10.04 22:53:21 INFO  Progress (1): 618/761 kB
2026.10.04 22:53:21 INFO  Progress (1): 634/761 kB
2026.10.04 22:53:21 INFO  Progress (1): 650/761 kB
2026.10.04 22:53:21 INFO  Progress (1): 667/761 kB
2026.10.04 22:53:21 INFO  Progress (1): 683/761 kB
2026.10.04 22:53:21 INFO  Progress (1): 700/761 kB
2026.10.04 22:53:21 INFO  Progress (1): 716/761 kB
2026.10.04 22:53:21 INFO  Progress (1): 732/761 kB
2026.10.04 22:53:21 INFO  Progress (1): 749/761 kB
2026.10.04 22:53:21 INFO  Progress (1): 761 kB    
2026.10.04 22:53:21 INFO                      
2026.10.04 22:53:21 INFO  Downloaded from central: https://repo.maven.apache.org/maven2/org/apache/commons/commons-lang3/3.19.0/commons-lang3-3.19.0-sources.jar (761 kB at 4.7 MB/s)
2026.10.04 22:53:21 INFO  [INFO] SUCCESS: org.apache.commons:commons-lang3:jar:3.19.0:test (sources = true)
2026.10.04 22:53:21 INFO  [INFO] Resolving artifact: commons-codec:commons-codec:jar:1.11:test (sources = false)
2026.10.04 22:53:21 INFO  [INFO] SUCCESS: commons-codec:commons-codec:jar:1.11:test (sources = false)
2026.10.04 22:53:21 INFO  [INFO] Resolving artifact: commons-codec:commons-codec:jar:1.11:test (sources = true)
2026.10.04 22:53:21 INFO  Downloading from central: https://repo.maven.apache.org/maven2/commons-codec/commons-codec/1.11/commons-codec-1.11-sources.jar
2026.10.04 22:53:21 INFO  Progress (1): 3.1/343 kB
2026.10.04 22:53:21 INFO  Progress (1): 20/343 kB 
2026.10.04 22:53:21 INFO  Progress (1): 36/343 kB
2026.10.04 22:53:21 INFO  Progress (1): 52/343 kB
2026.10.04 22:53:21 INFO  Progress (1): 69/343 kB
2026.10.04 22:53:21 INFO  Progress (1): 85/343 kB
2026.10.04 22:53:21 INFO  Progress (1): 101/343 kB
2026.10.04 22:53:21 INFO  Progress (1): 118/343 kB
2026.10.04 22:53:21 INFO  Progress (1): 126/343 kB
2026.10.04 22:53:21 INFO  Progress (1): 142/343 kB
2026.10.04 22:53:21 INFO  Progress (1): 159/343 kB
2026.10.04 22:53:21 INFO  Progress (1): 175/343 kB
2026.10.04 22:53:21 INFO  Progress (1): 192/343 kB
2026.10.04 22:53:21 INFO  Progress (1): 208/343 kB
2026.10.04 22:53:21 INFO  Progress (1): 224/343 kB
2026.10.04 22:53:21 INFO  Progress (1): 241/343 kB
2026.10.04 22:53:21 INFO  Progress (1): 257/343 kB
2026.10.04 22:53:21 INFO  Progress (1): 273/343 kB
2026.10.04 22:53:21 INFO  Progress (1): 290/343 kB
2026.10.04 22:53:21 INFO  Progress (1): 306/343 kB
2026.10.04 22:53:21 INFO  Progress (1): 323/343 kB
2026.10.04 22:53:21 INFO  Progress (1): 339/343 kB
2026.10.04 22:53:21 INFO  Progress (1): 343 kB    
2026.10.04 22:53:22 INFO                      
2026.10.04 22:53:22 INFO  Downloaded from central: https://repo.maven.apache.org/maven2/commons-codec/commons-codec/1.11/commons-codec-1.11-sources.jar (343 kB at 4.5 MB/s)
2026.10.04 22:53:22 INFO  [INFO] SUCCESS: commons-codec:commons-codec:jar:1.11:test (sources = true)
2026.10.04 22:53:22 INFO  [INFO] Resolving artifact: io.rest-assured:xml-path:jar:6.0.1:test (sources = false)
2026.10.04 22:53:22 INFO  [INFO] SUCCESS: io.rest-assured:xml-path:jar:6.0.1:test (sources = false)
2026.10.04 22:53:22 INFO  [INFO] Resolving artifact: io.rest-assured:xml-path:jar:6.0.1:test (sources = true)
2026.10.04 22:53:22 INFO  Downloading from central: https://repo.maven.apache.org/maven2/io/rest-assured/xml-path/6.0.1/xml-path-6.0.1-sources.jar
2026.10.04 22:53:22 INFO  Progress (1): 7.7/40 kB
2026.10.04 22:53:22 INFO  Progress (1): 16/40 kB 
2026.10.04 22:53:22 INFO  Progress (1): 32/40 kB
2026.10.04 22:53:22 INFO  Progress (1): 40 kB   
2026.10.04 22:53:22 INFO                     
2026.10.04 22:53:22 INFO  Downloaded from central: https://repo.maven.apache.org/maven2/io/rest-assured/xml-path/6.0.1/xml-path-6.0.1-sources.jar (40 kB at 855 kB/s)
2026.10.04 22:53:22 INFO  [INFO] SUCCESS: io.rest-assured:xml-path:jar:6.0.1:test (sources = true)
2026.10.04 22:53:22 INFO  [INFO] Resolving artifact: io.rest-assured:json-path:jar:6.0.1:test (sources = false)
2026.10.04 22:53:22 INFO  [INFO] SUCCESS: io.rest-assured:json-path:jar:6.0.1:test (sources = false)
2026.10.04 22:53:22 INFO  [INFO] Resolving artifact: io.rest-assured:json-path:jar:6.0.1:test (sources = true)
2026.10.04 22:53:22 INFO  Downloading from central: https://repo.maven.apache.org/maven2/io/rest-assured/json-path/6.0.1/json-path-6.0.1-sources.jar
2026.10.04 22:53:22 INFO  Progress (1): 7.7/38 kB
2026.10.04 22:53:22 INFO  Progress (1): 16/38 kB 
2026.10.04 22:53:22 INFO  Progress (1): 32/38 kB
2026.10.04 22:53:22 INFO  Progress (1): 38 kB   
2026.10.04 22:53:22 INFO                     
2026.10.04 22:53:22 INFO  Downloaded from central: https://repo.maven.apache.org/maven2/io/rest-assured/json-path/6.0.1/json-path-6.0.1-sources.jar (38 kB at 818 kB/s)
2026.10.04 22:53:22 INFO  [INFO] SUCCESS: io.rest-assured:json-path:jar:6.0.1:test (sources = true)
2026.10.04 22:53:22 INFO  [INFO] Resolving artifact: org.apache.httpcomponents:httpcore:jar:4.4.13:test (sources = false)
2026.10.04 22:53:22 INFO  [INFO] SUCCESS: org.apache.httpcomponents:httpcore:jar:4.4.13:test (sources = false)
2026.10.04 22:53:22 INFO  [INFO] Resolving artifact: org.apache.httpcomponents:httpcore:jar:4.4.13:test (sources = true)
2026.10.04 22:53:22 INFO  Downloading from central: https://repo.maven.apache.org/maven2/org/apache/httpcomponents/httpcore/4.4.13/httpcore-4.4.13-sources.jar
2026.10.04 22:53:22 INFO  Progress (1): 7.7/409 kB
2026.10.04 22:53:22 INFO  Progress (1): 11/409 kB 
2026.10.04 22:53:22 INFO  Progress (1): 28/409 kB
2026.10.04 22:53:22 INFO  Progress (1): 44/409 kB
2026.10.04 22:53:22 INFO  Progress (1): 61/409 kB
2026.10.04 22:53:22 INFO  Progress (1): 77/409 kB
2026.10.04 22:53:22 INFO  Progress (1): 93/409 kB
2026.10.04 22:53:22 INFO  Progress (1): 110/409 kB
2026.10.04 22:53:22 INFO  Progress (1): 126/409 kB
2026.10.04 22:53:22 INFO  Progress (1): 142/409 kB
2026.10.04 22:53:22 INFO  Progress (1): 159/409 kB
2026.10.04 22:53:22 INFO  Progress (1): 175/409 kB
2026.10.04 22:53:22 INFO  Progress (1): 192/409 kB
2026.10.04 22:53:22 INFO  Progress (1): 208/409 kB
2026.10.04 22:53:22 INFO  Progress (1): 224/409 kB
2026.10.04 22:53:22 INFO  Progress (1): 241/409 kB
2026.10.04 22:53:22 INFO  Progress (1): 257/409 kB
2026.10.04 22:53:22 INFO  Progress (1): 274/409 kB
2026.10.04 22:53:22 INFO  Progress (1): 290/409 kB
2026.10.04 22:53:22 INFO  Progress (1): 306/409 kB
2026.10.04 22:53:22 INFO  Progress (1): 323/409 kB
2026.10.04 22:53:22 INFO  Progress (1): 339/409 kB
2026.10.04 22:53:22 INFO  Progress (1): 355/409 kB
2026.10.04 22:53:22 INFO  Progress (1): 372/409 kB
2026.10.04 22:53:22 INFO  Progress (1): 388/409 kB
2026.10.04 22:53:22 INFO  Progress (1): 405/409 kB
2026.10.04 22:53:22 INFO  Progress (1): 409 kB    
2026.10.04 22:53:22 INFO                      
2026.10.04 22:53:22 INFO  Downloaded from central: https://repo.maven.apache.org/maven2/org/apache/httpcomponents/httpcore/4.4.13/httpcore-4.4.13-sources.jar (409 kB at 4.7 MB/s)
2026.10.04 22:53:22 INFO  [INFO] SUCCESS: org.apache.httpcomponents:httpcore:jar:4.4.13:test (sources = true)
2026.10.04 22:53:22 INFO  [INFO] Resolving artifact: org.apache.groovy:groovy:jar:5.0.3:test (sources = false)
2026.10.04 22:53:22 INFO  [INFO] SUCCESS: org.apache.groovy:groovy:jar:5.0.3:test (sources = false)
2026.10.04 22:53:22 INFO  [INFO] Resolving artifact: org.apache.groovy:groovy:jar:5.0.3:test (sources = true)
2026.10.04 22:53:22 INFO  Downloading from central: https://repo.maven.apache.org/maven2/org/apache/groovy/groovy/5.0.3/groovy-5.0.3-sources.jar
2026.10.04 22:53:22 INFO  Progress (1): 0/2.7 MB
2026.10.04 22:53:22 INFO  Progress (1): 0/2.7 MB
2026.10.04 22:53:22 INFO  Progress (1): 0/2.7 MB
2026.10.04 22:53:22 INFO  Progress (1): 0/2.7 MB
2026.10.04 22:53:22 INFO  Progress (1): 0.1/2.7 MB
2026.10.04 22:53:22 INFO  Progress (1): 0.1/2.7 MB
2026.10.04 22:53:22 INFO  Progress (1): 0.1/2.7 MB
2026.10.04 22:53:22 INFO  Progress (1): 0.1/2.7 MB
2026.10.04 22:53:22 INFO  Progress (1): 0.1/2.7 MB
2026.10.04 22:53:22 INFO  Progress (1): 0.1/2.7 MB
2026.10.04 22:53:22 INFO  Progress (1): 0.1/2.7 MB
2026.10.04 22:53:22 INFO  Progress (1): 0.2/2.7 MB
2026.10.04 22:53:22 INFO  Progress (1): 0.2/2.7 MB
2026.10.04 22:53:22 INFO  Progress (1): 0.2/2.7 MB
2026.10.04 22:53:22 INFO  Progress (1): 0.2/2.7 MB
2026.10.04 22:53:22 INFO  Progress (1): 0.2/2.7 MB
2026.10.04 22:53:22 INFO  Progress (1): 0.2/2.7 MB
2026.10.04 22:53:22 INFO  Progress (1): 0.3/2.7 MB
2026.10.04 22:53:22 INFO  Progress (1): 0.3/2.7 MB
2026.10.04 22:53:22 INFO  Progress (1): 0.3/2.7 MB
2026.10.04 22:53:22 INFO  Progress (1): 0.3/2.7 MB
2026.10.04 22:53:22 INFO  Progress (1): 0.3/2.7 MB
2026.10.04 22:53:22 INFO  Progress (1): 0.3/2.7 MB
2026.10.04 22:53:22 INFO  Progress (1): 0.4/2.7 MB
2026.10.04 22:53:22 INFO  Progress (1): 0.4/2.7 MB
2026.10.04 22:53:22 INFO  Progress (1): 0.4/2.7 MB
2026.10.04 22:53:22 INFO  Progress (1): 0.4/2.7 MB
2026.10.04 22:53:22 INFO  Progress (1): 0.4/2.7 MB
2026.10.04 22:53:22 INFO  Progress (1): 0.4/2.7 MB
2026.10.04 22:53:22 INFO  Progress (1): 0.5/2.7 MB
2026.10.04 22:53:22 INFO  Progress (1): 0.5/2.7 MB
2026.10.04 22:53:22 INFO  Progress (1): 0.5/2.7 MB
2026.10.04 22:53:22 INFO  Progress (1): 0.5/2.7 MB
2026.10.04 22:53:22 INFO  Progress (1): 0.5/2.7 MB
2026.10.04 22:53:22 INFO  Progress (1): 0.5/2.7 MB
2026.10.04 22:53:22 INFO  Progress (1): 0.6/2.7 MB
2026.10.04 22:53:22 INFO  Progress (1): 0.6/2.7 MB
2026.10.04 22:53:22 INFO  Progress (1): 0.6/2.7 MB
2026.10.04 22:53:22 INFO  Progress (1): 0.6/2.7 MB
2026.10.04 22:53:22 INFO  Progress (1): 0.6/2.7 MB
2026.10.04 22:53:22 INFO  Progress (1): 0.6/2.7 MB
2026.10.04 22:53:22 INFO  Progress (1): 0.7/2.7 MB
2026.10.04 22:53:22 INFO  Progress (1): 0.7/2.7 MB
2026.10.04 22:53:22 INFO  Progress (1): 0.7/2.7 MB
2026.10.04 22:53:22 INFO  Progress (1): 0.7/2.7 MB
2026.10.04 22:53:22 INFO  Progress (1): 0.7/2.7 MB
2026.10.04 22:53:22 INFO  Progress (1): 0.7/2.7 MB
2026.10.04 22:53:22 INFO  Progress (1): 0.7/2.7 MB
2026.10.04 22:53:22 INFO  Progress (1): 0.8/2.7 MB
2026.10.04 22:53:22 INFO  Progress (1): 0.8/2.7 MB
2026.10.04 22:53:22 INFO  Progress (1): 0.8/2.7 MB
2026.10.04 22:53:22 INFO  Progress (1): 0.8/2.7 MB
2026.10.04 22:53:22 INFO  Progress (1): 0.8/2.7 MB
2026.10.04 22:53:22 INFO  Progress (1): 0.8/2.7 MB
2026.10.04 22:53:22 INFO  Progress (1): 0.9/2.7 MB
2026.10.04 22:53:22 INFO  Progress (1): 0.9/2.7 MB
2026.10.04 22:53:22 INFO  Progress (1): 0.9/2.7 MB
2026.10.04 22:53:22 INFO  Progress (1): 0.9/2.7 MB
2026.10.04 22:53:22 INFO  Progress (1): 0.9/2.7 MB
2026.10.04 22:53:22 INFO  Progress (1): 0.9/2.7 MB
2026.10.04 22:53:22 INFO  Progress (1): 1.0/2.7 MB
2026.10.04 22:53:22 INFO  Progress (1): 1.0/2.7 MB
2026.10.04 22:53:22 INFO  Progress (1): 1.0/2.7 MB
2026.10.04 22:53:22 INFO  Progress (1): 1.0/2.7 MB
2026.10.04 22:53:22 INFO  Progress (1): 1.0/2.7 MB
2026.10.04 22:53:22 INFO  Progress (1): 1.0/2.7 MB
2026.10.04 22:53:22 INFO  Progress (1): 1.1/2.7 MB
2026.10.04 22:53:22 INFO  Progress (1): 1.1/2.7 MB
2026.10.04 22:53:22 INFO  Progress (1): 1.1/2.7 MB
2026.10.04 22:53:22 INFO  Progress (1): 1.1/2.7 MB
2026.10.04 22:53:22 INFO  Progress (1): 1.1/2.7 MB
2026.10.04 22:53:22 INFO  Progress (1): 1.1/2.7 MB
2026.10.04 22:53:22 INFO  Progress (1): 1.2/2.7 MB
2026.10.04 22:53:22 INFO  Progress (1): 1.2/2.7 MB
2026.10.04 22:53:22 INFO  Progress (1): 1.2/2.7 MB
2026.10.04 22:53:22 INFO  Progress (1): 1.2/2.7 MB
2026.10.04 22:53:22 INFO  Progress (1): 1.2/2.7 MB
2026.10.04 22:53:22 INFO  Progress (1): 1.2/2.7 MB
2026.10.04 22:53:22 INFO  Progress (1): 1.3/2.7 MB
2026.10.04 22:53:22 INFO  Progress (1): 1.3/2.7 MB
2026.10.04 22:53:22 INFO  Progress (1): 1.3/2.7 MB
2026.10.04 22:53:22 INFO  Progress (1): 1.3/2.7 MB
2026.10.04 22:53:22 INFO  Progress (1): 1.3/2.7 MB
2026.10.04 22:53:22 INFO  Progress (1): 1.3/2.7 MB
2026.10.04 22:53:22 INFO  Progress (1): 1.4/2.7 MB
2026.10.04 22:53:22 INFO  Progress (1): 1.4/2.7 MB
2026.10.04 22:53:22 INFO  Progress (1): 1.4/2.7 MB
2026.10.04 22:53:22 INFO  Progress (1): 1.4/2.7 MB
2026.10.04 22:53:22 INFO  Progress (1): 1.4/2.7 MB
2026.10.04 22:53:22 INFO  Progress (1): 1.4/2.7 MB
2026.10.04 22:53:22 INFO  Progress (1): 1.5/2.7 MB
2026.10.04 22:53:22 INFO  Progress (1): 1.5/2.7 MB
2026.10.04 22:53:22 INFO  Progress (1): 1.5/2.7 MB
2026.10.04 22:53:22 INFO  Progress (1): 1.5/2.7 MB
2026.10.04 22:53:22 INFO  Progress (1): 1.5/2.7 MB
2026.10.04 22:53:22 INFO  Progress (1): 1.5/2.7 MB
2026.10.04 22:53:22 INFO  Progress (1): 1.6/2.7 MB
2026.10.04 22:53:22 INFO  Progress (1): 1.6/2.7 MB
2026.10.04 22:53:22 INFO  Progress (1): 1.6/2.7 MB
2026.10.04 22:53:22 INFO  Progress (1): 1.6/2.7 MB
2026.10.04 22:53:22 INFO  Progress (1): 1.6/2.7 MB
2026.10.04 22:53:22 INFO  Progress (1): 1.6/2.7 MB
2026.10.04 22:53:22 INFO  Progress (1): 1.6/2.7 MB
2026.10.04 22:53:22 INFO  Progress (1): 1.7/2.7 MB
2026.10.04 22:53:22 INFO  Progress (1): 1.7/2.7 MB
2026.10.04 22:53:22 INFO  Progress (1): 1.7/2.7 MB
2026.10.04 22:53:22 INFO  Progress (1): 1.7/2.7 MB
2026.10.04 22:53:22 INFO  Progress (1): 1.7/2.7 MB
2026.10.04 22:53:22 INFO  Progress (1): 1.7/2.7 MB
2026.10.04 22:53:22 INFO  Progress (1): 1.7/2.7 MB
2026.10.04 22:53:22 INFO  Progress (1): 1.8/2.7 MB
2026.10.04 22:53:22 INFO  Progress (1): 1.8/2.7 MB
2026.10.04 22:53:22 INFO  Progress (1): 1.8/2.7 MB
2026.10.04 22:53:22 INFO  Progress (1): 1.8/2.7 MB
2026.10.04 22:53:22 INFO  Progress (1): 1.8/2.7 MB
2026.10.04 22:53:22 INFO  Progress (1): 1.8/2.7 MB
2026.10.04 22:53:22 INFO  Progress (1): 1.9/2.7 MB
2026.10.04 22:53:22 INFO  Progress (1): 1.9/2.7 MB
2026.10.04 22:53:22 INFO  Progress (1): 1.9/2.7 MB
2026.10.04 22:53:22 INFO  Progress (1): 1.9/2.7 MB
2026.10.04 22:53:22 INFO  Progress (1): 1.9/2.7 MB
2026.10.04 22:53:22 INFO  Progress (1): 1.9/2.7 MB
2026.10.04 22:53:22 INFO  Progress (1): 2.0/2.7 MB
2026.10.04 22:53:22 INFO  Progress (1): 2.0/2.7 MB
2026.10.04 22:53:22 INFO  Progress (1): 2.0/2.7 MB
2026.10.04 22:53:22 INFO  Progress (1): 2.0/2.7 MB
2026.10.04 22:53:22 INFO  Progress (1): 2.0/2.7 MB
2026.10.04 22:53:22 INFO  Progress (1): 2.0/2.7 MB
2026.10.04 22:53:22 INFO  Progress (1): 2.1/2.7 MB
2026.10.04 22:53:22 INFO  Progress (1): 2.1/2.7 MB
2026.10.04 22:53:22 INFO  Progress (1): 2.1/2.7 MB
2026.10.04 22:53:22 INFO  Progress (1): 2.1/2.7 MB
2026.10.04 22:53:22 INFO  Progress (1): 2.1/2.7 MB
2026.10.04 22:53:22 INFO  Progress (1): 2.1/2.7 MB
2026.10.04 22:53:22 INFO  Progress (1): 2.2/2.7 MB
2026.10.04 22:53:22 INFO  Progress (1): 2.2/2.7 MB
2026.10.04 22:53:22 INFO  Progress (1): 2.2/2.7 MB
2026.10.04 22:53:22 INFO  Progress (1): 2.2/2.7 MB
2026.10.04 22:53:22 INFO  Progress (1): 2.2/2.7 MB
2026.10.04 22:53:22 INFO  Progress (1): 2.2/2.7 MB
2026.10.04 22:53:22 INFO  Progress (1): 2.3/2.7 MB
2026.10.04 22:53:22 INFO  Progress (1): 2.3/2.7 MB
2026.10.04 22:53:22 INFO  Progress (1): 2.3/2.7 MB
2026.10.04 22:53:22 INFO  Progress (1): 2.3/2.7 MB
2026.10.04 22:53:22 INFO  Progress (1): 2.3/2.7 MB
2026.10.04 22:53:22 INFO  Progress (1): 2.3/2.7 MB
2026.10.04 22:53:22 INFO  Progress (1): 2.4/2.7 MB
2026.10.04 22:53:22 INFO  Progress (1): 2.4/2.7 MB
2026.10.04 22:53:22 INFO  Progress (1): 2.4/2.7 MB
2026.10.04 22:53:22 INFO  Progress (1): 2.4/2.7 MB
2026.10.04 22:53:22 INFO  Progress (1): 2.4/2.7 MB
2026.10.04 22:53:22 INFO  Progress (1): 2.4/2.7 MB
2026.10.04 22:53:22 INFO  Progress (1): 2.4/2.7 MB
2026.10.04 22:53:22 INFO  Progress (1): 2.5/2.7 MB
2026.10.04 22:53:22 INFO  Progress (1): 2.5/2.7 MB
2026.10.04 22:53:22 INFO  Progress (1): 2.5/2.7 MB
2026.10.04 22:53:22 INFO  Progress (1): 2.5/2.7 MB
2026.10.04 22:53:22 INFO  Progress (1): 2.5/2.7 MB
2026.10.04 22:53:22 INFO  Progress (1): 2.5/2.7 MB
2026.10.04 22:53:22 INFO  Progress (1): 2.6/2.7 MB
2026.10.04 22:53:22 INFO  Progress (1): 2.6/2.7 MB
2026.10.04 22:53:22 INFO  Progress (1): 2.6/2.7 MB
2026.10.04 22:53:22 INFO  Progress (1): 2.6/2.7 MB
2026.10.04 22:53:22 INFO  Progress (1): 2.6/2.7 MB
2026.10.04 22:53:22 INFO  Progress (1): 2.6/2.7 MB
2026.10.04 22:53:22 INFO  Progress (1): 2.7/2.7 MB
2026.10.04 22:53:22 INFO  Progress (1): 2.7 MB    
2026.10.04 22:53:22 INFO                      
2026.10.04 22:53:22 INFO  Downloaded from central: https://repo.maven.apache.org/maven2/org/apache/groovy/groovy/5.0.3/groovy-5.0.3-sources.jar (2.7 MB at 8.0 MB/s)
2026.10.04 22:53:22 INFO  [INFO] SUCCESS: org.apache.groovy:groovy:jar:5.0.3:test (sources = true)
2026.10.04 22:53:22 INFO  [INFO] Resolving artifact: org.jcommander:jcommander:jar:1.83:test (sources = false)
2026.10.04 22:53:22 INFO  [INFO] SUCCESS: org.jcommander:jcommander:jar:1.83:test (sources = false)
2026.10.04 22:53:22 INFO  [INFO] Resolving artifact: org.jcommander:jcommander:jar:1.83:test (sources = true)
2026.10.04 22:53:22 INFO  [INFO] SUCCESS: org.jcommander:jcommander:jar:1.83:test (sources = true)
2026.10.04 22:53:22 INFO  [INFO] Resolving artifact: org.apache.httpcomponents:httpmime:jar:4.5.13:test (sources = false)
2026.10.04 22:53:22 INFO  [INFO] SUCCESS: org.apache.httpcomponents:httpmime:jar:4.5.13:test (sources = false)
2026.10.04 22:53:22 INFO  [INFO] Resolving artifact: org.apache.httpcomponents:httpmime:jar:4.5.13:test (sources = true)
2026.10.04 22:53:22 INFO  Downloading from central: https://repo.maven.apache.org/maven2/org/apache/httpcomponents/httpmime/4.5.13/httpmime-4.5.13-sources.jar
2026.10.04 22:53:22 INFO  Progress (1): 7.7/42 kB
2026.10.04 22:53:22 INFO  Progress (1): 12/42 kB 
2026.10.04 22:53:22 INFO  Progress (1): 29/42 kB
2026.10.04 22:53:22 INFO  Progress (1): 42 kB   
2026.10.04 22:53:22 INFO                     
2026.10.04 22:53:22 INFO  Downloaded from central: https://repo.maven.apache.org/maven2/org/apache/httpcomponents/httpmime/4.5.13/httpmime-4.5.13-sources.jar (42 kB at 476 kB/s)
2026.10.04 22:53:22 INFO  [INFO] SUCCESS: org.apache.httpcomponents:httpmime:jar:4.5.13:test (sources = true)
2026.10.04 22:53:22 INFO  [INFO] Resolving artifact: org.ccil.cowan.tagsoup:tagsoup:jar:1.2.1:test (sources = false)
2026.10.04 22:53:22 INFO  [INFO] SUCCESS: org.ccil.cowan.tagsoup:tagsoup:jar:1.2.1:test (sources = false)
2026.10.04 22:53:22 INFO  [INFO] Resolving artifact: org.ccil.cowan.tagsoup:tagsoup:jar:1.2.1:test (sources = true)
2026.10.04 22:53:22 INFO  Downloading from central: https://repo.maven.apache.org/maven2/org/ccil/cowan/tagsoup/tagsoup/1.2.1/tagsoup-1.2.1-sources.jar
2026.10.04 22:53:22 INFO  Progress (1): 7.7/69 kB
2026.10.04 22:53:22 INFO  Progress (1): 16/69 kB 
2026.10.04 22:53:22 INFO  Progress (1): 32/69 kB
2026.10.04 22:53:22 INFO  Progress (1): 49/69 kB
2026.10.04 22:53:22 INFO  Progress (1): 65/69 kB
2026.10.04 22:53:22 INFO  Progress (1): 69 kB   
2026.10.04 22:53:22 INFO                     
2026.10.04 22:53:22 INFO  Downloaded from central: https://repo.maven.apache.org/maven2/org/ccil/cowan/tagsoup/tagsoup/1.2.1/tagsoup-1.2.1-sources.jar (69 kB at 1.3 MB/s)
2026.10.04 22:53:22 INFO  [INFO] SUCCESS: org.ccil.cowan.tagsoup:tagsoup:jar:1.2.1:test (sources = true)
2026.10.04 22:53:22 INFO  [INFO] Generated .bloop\APISAmpleTest.json
2026.10.04 22:53:22 INFO  [INFO] Starting to write configuration for project: APISAmpleTest with configuration: compile
2026.10.04 22:53:22 INFO  [INFO] Resolving artifact: org.hamcrest:hamcrest:jar:2.2:test (sources = false)
2026.10.04 22:53:22 INFO  [INFO] SUCCESS: org.hamcrest:hamcrest:jar:2.2:test (sources = false)
2026.10.04 22:53:22 INFO  [INFO] Resolving artifact: org.hamcrest:hamcrest:jar:2.2:test (sources = true)
2026.10.04 22:53:22 INFO  [INFO] SUCCESS: org.hamcrest:hamcrest:jar:2.2:test (sources = true)
2026.10.04 22:53:22 INFO  [INFO] Resolving artifact: io.rest-assured:rest-assured:jar:6.0.1:test (sources = false)
2026.10.04 22:53:22 INFO  [INFO] SUCCESS: io.rest-assured:rest-assured:jar:6.0.1:test (sources = false)
2026.10.04 22:53:22 INFO  [INFO] Resolving artifact: io.rest-assured:rest-assured:jar:6.0.1:test (sources = true)
2026.10.04 22:53:22 INFO  [INFO] SUCCESS: io.rest-assured:rest-assured:jar:6.0.1:test (sources = true)
2026.10.04 22:53:22 INFO  [INFO] Resolving artifact: org.apache.httpcomponents:httpclient:jar:4.5.13:test (sources = false)
2026.10.04 22:53:22 INFO  [INFO] SUCCESS: org.apache.httpcomponents:httpclient:jar:4.5.13:test (sources = false)
2026.10.04 22:53:22 INFO  [INFO] Resolving artifact: org.apache.httpcomponents:httpclient:jar:4.5.13:test (sources = true)
2026.10.04 22:53:22 INFO  [INFO] SUCCESS: org.apache.httpcomponents:httpclient:jar:4.5.13:test (sources = true)
2026.10.04 22:53:22 INFO  [INFO] Resolving artifact: org.webjars:jquery:jar:3.7.1:test (sources = false)
2026.10.04 22:53:22 INFO  [INFO] SUCCESS: org.webjars:jquery:jar:3.7.1:test (sources = false)
2026.10.04 22:53:22 INFO  [INFO] Resolving artifact: org.webjars:jquery:jar:3.7.1:test (sources = true)
2026.10.04 22:53:22 INFO  [INFO] SUCCESS: org.webjars:jquery:jar:3.7.1:test (sources = true)
2026.10.04 22:53:22 INFO  [INFO] Resolving artifact: org.apache.groovy:groovy-xml:jar:5.0.3:test (sources = false)
2026.10.04 22:53:22 INFO  [INFO] SUCCESS: org.apache.groovy:groovy-xml:jar:5.0.3:test (sources = false)
2026.10.04 22:53:22 INFO  [INFO] Resolving artifact: org.apache.groovy:groovy-xml:jar:5.0.3:test (sources = true)
2026.10.04 22:53:22 INFO  [INFO] SUCCESS: org.apache.groovy:groovy-xml:jar:5.0.3:test (sources = true)
2026.10.04 22:53:22 INFO  [INFO] Resolving artifact: org.testng:testng:jar:7.11.0:test (sources = false)
2026.10.04 22:53:22 INFO  [INFO] SUCCESS: org.testng:testng:jar:7.11.0:test (sources = false)
2026.10.04 22:53:22 INFO  [INFO] Resolving artifact: org.testng:testng:jar:7.11.0:test (sources = true)
2026.10.04 22:53:22 INFO  [INFO] SUCCESS: org.testng:testng:jar:7.11.0:test (sources = true)
2026.10.04 22:53:22 INFO  [INFO] Resolving artifact: org.slf4j:slf4j-api:jar:2.0.16:test (sources = false)
2026.10.04 22:53:22 INFO  [INFO] SUCCESS: org.slf4j:slf4j-api:jar:2.0.16:test (sources = false)
2026.10.04 22:53:22 INFO  [INFO] Resolving artifact: org.slf4j:slf4j-api:jar:2.0.16:test (sources = true)
2026.10.04 22:53:22 INFO  [INFO] SUCCESS: org.slf4j:slf4j-api:jar:2.0.16:test (sources = true)
2026.10.04 22:53:22 INFO  [INFO] Resolving artifact: commons-logging:commons-logging:jar:1.2:test (sources = false)
2026.10.04 22:53:22 INFO  [INFO] SUCCESS: commons-logging:commons-logging:jar:1.2:test (sources = false)
2026.10.04 22:53:22 INFO  [INFO] Resolving artifact: commons-logging:commons-logging:jar:1.2:test (sources = true)
2026.10.04 22:53:22 INFO  [INFO] SUCCESS: commons-logging:commons-logging:jar:1.2:test (sources = true)
2026.10.04 22:53:22 INFO  [INFO] Resolving artifact: io.rest-assured:rest-assured-common:jar:6.0.1:test (sources = false)
2026.10.04 22:53:22 INFO  [INFO] SUCCESS: io.rest-assured:rest-assured-common:jar:6.0.1:test (sources = false)
2026.10.04 22:53:22 INFO  [INFO] Resolving artifact: io.rest-assured:rest-assured-common:jar:6.0.1:test (sources = true)
2026.10.04 22:53:22 INFO  [INFO] SUCCESS: io.rest-assured:rest-assured-common:jar:6.0.1:test (sources = true)
2026.10.04 22:53:22 INFO  [INFO] Resolving artifact: org.apache.groovy:groovy-json:jar:5.0.3:test (sources = false)
2026.10.04 22:53:22 INFO  [INFO] SUCCESS: org.apache.groovy:groovy-json:jar:5.0.3:test (sources = false)
2026.10.04 22:53:22 INFO  [INFO] Resolving artifact: org.apache.groovy:groovy-json:jar:5.0.3:test (sources = true)
2026.10.04 22:53:22 INFO  [INFO] SUCCESS: org.apache.groovy:groovy-json:jar:5.0.3:test (sources = true)
2026.10.04 22:53:22 INFO  [INFO] Resolving artifact: org.apache.commons:commons-lang3:jar:3.19.0:test (sources = false)
2026.10.04 22:53:22 INFO  [INFO] SUCCESS: org.apache.commons:commons-lang3:jar:3.19.0:test (sources = false)
2026.10.04 22:53:22 INFO  [INFO] Resolving artifact: org.apache.commons:commons-lang3:jar:3.19.0:test (sources = true)
2026.10.04 22:53:22 INFO  [INFO] SUCCESS: org.apache.commons:commons-lang3:jar:3.19.0:test (sources = true)
2026.10.04 22:53:22 INFO  [INFO] Resolving artifact: commons-codec:commons-codec:jar:1.11:test (sources = false)
2026.10.04 22:53:22 INFO  [INFO] SUCCESS: commons-codec:commons-codec:jar:1.11:test (sources = false)
2026.10.04 22:53:22 INFO  [INFO] Resolving artifact: commons-codec:commons-codec:jar:1.11:test (sources = true)
2026.10.04 22:53:22 INFO  [INFO] SUCCESS: commons-codec:commons-codec:jar:1.11:test (sources = true)
2026.10.04 22:53:22 INFO  [INFO] Resolving artifact: io.rest-assured:xml-path:jar:6.0.1:test (sources = false)
2026.10.04 22:53:22 INFO  [INFO] SUCCESS: io.rest-assured:xml-path:jar:6.0.1:test (sources = false)
2026.10.04 22:53:22 INFO  [INFO] Resolving artifact: io.rest-assured:xml-path:jar:6.0.1:test (sources = true)
2026.10.04 22:53:22 INFO  [INFO] SUCCESS: io.rest-assured:xml-path:jar:6.0.1:test (sources = true)
2026.10.04 22:53:22 INFO  [INFO] Resolving artifact: io.rest-assured:json-path:jar:6.0.1:test (sources = false)
2026.10.04 22:53:22 INFO  [INFO] SUCCESS: io.rest-assured:json-path:jar:6.0.1:test (sources = false)
2026.10.04 22:53:22 INFO  [INFO] Resolving artifact: io.rest-assured:json-path:jar:6.0.1:test (sources = true)
2026.10.04 22:53:22 INFO  [INFO] SUCCESS: io.rest-assured:json-path:jar:6.0.1:test (sources = true)
2026.10.04 22:53:22 INFO  [INFO] Resolving artifact: org.apache.httpcomponents:httpcore:jar:4.4.13:test (sources = false)
2026.10.04 22:53:22 INFO  [INFO] SUCCESS: org.apache.httpcomponents:httpcore:jar:4.4.13:test (sources = false)
2026.10.04 22:53:22 INFO  [INFO] Resolving artifact: org.apache.httpcomponents:httpcore:jar:4.4.13:test (sources = true)
2026.10.04 22:53:22 INFO  [INFO] SUCCESS: org.apache.httpcomponents:httpcore:jar:4.4.13:test (sources = true)
2026.10.04 22:53:22 INFO  [INFO] Resolving artifact: org.apache.groovy:groovy:jar:5.0.3:test (sources = false)
2026.10.04 22:53:22 INFO  [INFO] SUCCESS: org.apache.groovy:groovy:jar:5.0.3:test (sources = false)
2026.10.04 22:53:22 INFO  [INFO] Resolving artifact: org.apache.groovy:groovy:jar:5.0.3:test (sources = true)
2026.10.04 22:53:22 INFO  [INFO] SUCCESS: org.apache.groovy:groovy:jar:5.0.3:test (sources = true)
2026.10.04 22:53:22 INFO  [INFO] Resolving artifact: org.jcommander:jcommander:jar:1.83:test (sources = false)
2026.10.04 22:53:22 INFO  [INFO] SUCCESS: org.jcommander:jcommander:jar:1.83:test (sources = false)
2026.10.04 22:53:22 INFO  [INFO] Resolving artifact: org.jcommander:jcommander:jar:1.83:test (sources = true)
2026.10.04 22:53:22 INFO  [INFO] SUCCESS: org.jcommander:jcommander:jar:1.83:test (sources = true)
2026.10.04 22:53:22 INFO  [INFO] Resolving artifact: org.apache.httpcomponents:httpmime:jar:4.5.13:test (sources = false)
2026.10.04 22:53:22 INFO  [INFO] SUCCESS: org.apache.httpcomponents:httpmime:jar:4.5.13:test (sources = false)
2026.10.04 22:53:22 INFO  [INFO] Resolving artifact: org.apache.httpcomponents:httpmime:jar:4.5.13:test (sources = true)
2026.10.04 22:53:22 INFO  [INFO] SUCCESS: org.apache.httpcomponents:httpmime:jar:4.5.13:test (sources = true)
2026.10.04 22:53:22 INFO  [INFO] Resolving artifact: org.ccil.cowan.tagsoup:tagsoup:jar:1.2.1:test (sources = false)
2026.10.04 22:53:22 INFO  [INFO] SUCCESS: org.ccil.cowan.tagsoup:tagsoup:jar:1.2.1:test (sources = false)
2026.10.04 22:53:22 INFO  [INFO] Resolving artifact: org.ccil.cowan.tagsoup:tagsoup:jar:1.2.1:test (sources = true)
2026.10.04 22:53:22 INFO  [INFO] SUCCESS: org.ccil.cowan.tagsoup:tagsoup:jar:1.2.1:test (sources = true)
2026.10.04 22:53:22 INFO  [INFO] Generated .bloop\APISAmpleTest-test.json
2026.10.04 22:53:22 INFO  [INFO] Starting to write configuration for project: APISAmpleTest with configuration: test
2026.10.04 22:53:22 INFO  [INFO] ------------------------------------------------------------------------
2026.10.04 22:53:22 INFO  [INFO] BUILD SUCCESS
2026.10.04 22:53:22 INFO  [INFO] ------------------------------------------------------------------------
2026.10.04 22:53:22 INFO  [INFO] Total time:  14.827 s
2026.10.04 22:53:22 INFO  [INFO] Finished at: 2026-10-04T22:53:23+05:30
2026.10.04 22:53:22 INFO  [INFO] ------------------------------------------------------------------------
2026.10.04 22:53:23 INFO  time: ran 'mvn bloopInstall' in 18s
2026.10.04 22:53:23 INFO  Attempting to connect to the build server...
2026.10.04 22:53:23 INFO  No running Bloop server found, starting one.
2026.10.04 22:53:23 INFO  no build target found for D:\API_Automation\SampleTestRepoAPI\src\main\java\org\example\Main.java. Using fallback presentation compiler.
2026.10.04 22:53:33 INFO  Starting compilation server
2026.10.04 22:53:36 INFO  Tracing is disabled for protocol BSP. To enable tracing of incoming and outgoing JSON messages, create an empty file at D:\API_Automation\SampleTestRepoAPI\.metals\bsp.trace.json or C:\Users\Yasha\AppData\Local\scalameta\metals\cache\bsp.trace.json
2026.10.04 22:53:40 INFO  time: Connected to build server in 17s
2026.10.04 22:53:40 INFO  Connected to Build server: Bloop v2.1.2
2026.10.04 22:53:40 INFO  time: Imported build in 0.14s
2026.10.04 22:53:46 WARN  Using H2 2.5.250 which is newer than the version Flyway has been verified with. The latest verified version of H2 is 2.3.232.
2026.10.04 22:53:49 INFO  time: indexed workspace in 8.72s
2026.10.04 22:53:50 INFO  compiling apisampletest (1 java source)
2026.10.04 22:53:51 WARN  Unexpected javac output: warning: [options] location of system modules is not set in conjunction with -source 17
  not setting the location of system modules may lead to class files that cannot run on JDK 17
    --release 17 is recommended instead of -source 17 -target 17 because it sets the location of system modules automatically
1 warning.
2026.10.04 22:53:51 WARN  javac: [options] location of system modules is not set in conjunction with -source 17
2026.10.04 22:53:51 INFO  compiling apisampletest-test (2 java sources)
2026.10.04 22:53:51 INFO  time: compiled APISAmpleTest in 1.91s
2026.10.04 22:53:53 WARN  Unexpected javac output: warning: [options] location of system modules is not set in conjunction with -source 17
  not setting the location of system modules may lead to class files that cannot run on JDK 17
    --release 17 is recommended instead of -source 17 -target 17 because it sets the location of system modules automatically
1 warning.
2026.10.04 22:53:53 WARN  javac: [options] location of system modules is not set in conjunction with -source 17
2026.10.04 22:53:53 INFO  time: compiled APISAmpleTest-test in 1.43s
2026.10.04 22:55:28 INFO  Shutting down server
2026.10.04 22:55:28 INFO  Memory monitor stopped
2026.10.04 22:55:28 INFO  shutting down Metals
2026.10.04 22:55:28 INFO  Shut down connection with build server.
2026.10.04 22:55:28 INFO  Exiting server
2026.10.04 22:56:01 INFO  Started: Metals version 1.6.9 in folders 'D:\API_Automation\SampleTestRepoAPI' for client Visual Studio Code 1.140.0.
2026.10.04 22:56:01 INFO  Memory monitor started
2026.10.04 22:56:03 WARN  Using H2 2.5.250 which is newer than the version Flyway has been verified with. The latest verified version of H2 is 2.3.232.
2026.10.04 22:56:03 INFO  no build target found for D:\API_Automation\SampleTestRepoAPI\src\main\java\org\example\Main.java. Using fallback presentation compiler.
Oct 04, 2026 10:56:04 PM org.eclipse.lsp4j.jsonrpc.RemoteEndpoint handleCancellation
WARNING: Unmatched cancel notification for request id 1
2026.10.04 22:56:04 INFO  no build target found for D:\API_Automation\SampleTestRepoAPI\src\main\java\org\example\Main.java. Using fallback presentation compiler.
2026.10.04 22:56:04 INFO  no build target found for D:\API_Automation\SampleTestRepoAPI\src\main\java\org\example\Main.java. Using fallback presentation compiler.
Oct 04, 2026 10:56:04 PM org.eclipse.lsp4j.jsonrpc.RemoteEndpoint handleCancellation
WARNING: Unmatched cancel notification for request id 2
2026.10.04 22:56:04 INFO  no build target found for D:\API_Automation\SampleTestRepoAPI\src\main\java\org\example\Main.java. Using fallback presentation compiler.
2026.10.04 22:56:05 INFO  no build target found for D:\API_Automation\SampleTestRepoAPI\src\main\java\org\example\Main.java. Using fallback presentation compiler.
2026.10.04 22:56:07 INFO  no build target found for D:\API_Automation\SampleTestRepoAPI\src\main\java\org\example\Main.java. Using fallback presentation compiler.
2026.10.04 22:56:07 INFO  no build target found for D:\API_Automation\SampleTestRepoAPI\src\main\java\org\example\Main.java. Using fallback presentation compiler.
Oct 04, 2026 10:56:08 PM org.eclipse.lsp4j.jsonrpc.services.GenericEndpoint notify
INFO: Unsupported notification method: $/setTrace
2026.10.04 22:56:08 INFO  no build target found for D:\API_Automation\SampleTestRepoAPI\src\main\java\org\example\Main.java. Using fallback presentation compiler.
2026.10.04 22:56:09 INFO  no build target found for D:\API_Automation\SampleTestRepoAPI\src\main\java\org\example\Main.java. Using fallback presentation compiler.
2026.10.04 22:56:13 INFO  no build target found for D:\API_Automation\SampleTestRepoAPI\src\main\java\org\example\Main.java. Using fallback presentation compiler.
2026.10.04 22:56:45 WARN  no build target for: D:\API_Automation\SampleTestRepoAPI\src\main\java\org\example\Main.java
2026.10.04 22:56:45 INFO  no build target found for D:\API_Automation\SampleTestRepoAPI\src\main\java\org\example\Main.java. Using fallback presentation compiler.
2026.10.04 22:57:30 INFO  no build target found for D:\API_Automation\SampleTestRepoAPI\src\main\java\org\example\Main.java. Using fallback presentation compiler.
2026.10.04 22:57:30 INFO  no build target found for D:\API_Automation\SampleTestRepoAPI\src\main\java\org\example\Main.java. Using fallback presentation compiler.
2026.10.04 22:57:30 INFO  no build target found for D:\API_Automation\SampleTestRepoAPI\src\main\java\org\example\Main.java. Using fallback presentation compiler.
2026.10.04 22:57:32 INFO  no build target found for D:\API_Automation\SampleTestRepoAPI\src\main\java\org\example\Main.java. Using fallback presentation compiler.
2026.10.04 22:57:32 INFO  no build target found for D:\API_Automation\SampleTestRepoAPI\src\main\java\org\example\Main.java. Using fallback presentation compiler.
Oct 04, 2026 10:57:32 PM org.eclipse.lsp4j.jsonrpc.RemoteEndpoint handleCancellation
WARNING: Unmatched cancel notification for request id 31
2026.10.04 22:57:33 INFO  no build target found for D:\API_Automation\SampleTestRepoAPI\src\main\java\org\example\Main.java. Using fallback presentation compiler.
2026.10.04 22:57:33 INFO  no build target found for D:\API_Automation\SampleTestRepoAPI\src\main\java\org\example\Main.java. Using fallback presentation compiler.
2026.10.04 22:57:33 INFO  no build target found for D:\API_Automation\SampleTestRepoAPI\src\main\java\org\example\Main.java. Using fallback presentation compiler.
2026.10.04 22:57:33 INFO  no build target found for D:\API_Automation\SampleTestRepoAPI\src\main\java\org\example\Main.java. Using fallback presentation compiler.
2026.10.04 22:57:33 INFO  no build target found for D:\API_Automation\SampleTestRepoAPI\src\main\java\org\example\Main.java. Using fallback presentation compiler.
2026.10.04 22:57:33 INFO  no build target found for D:\API_Automation\SampleTestRepoAPI\src\main\java\org\example\Main.java. Using fallback presentation compiler.
2026.10.04 22:57:34 INFO  no build target found for D:\API_Automation\SampleTestRepoAPI\src\main\java\org\example\Main.java. Using fallback presentation compiler.
2026.10.04 22:57:35 INFO  no build target found for D:\API_Automation\SampleTestRepoAPI\src\main\java\org\example\Main.java. Using fallback presentation compiler.
2026.10.04 22:57:35 INFO  no build target found for D:\API_Automation\SampleTestRepoAPI\src\main\java\org\example\Main.java. Using fallback presentation compiler.
2026.10.04 22:57:35 INFO  no build target found for D:\API_Automation\SampleTestRepoAPI\src\main\java\org\example\Main.java. Using fallback presentation compiler.
2026.10.04 22:57:35 INFO  no build target found for D:\API_Automation\SampleTestRepoAPI\src\main\java\org\example\Main.java. Using fallback presentation compiler.
2026.10.04 22:57:36 INFO  no build target found for D:\API_Automation\SampleTestRepoAPI\src\main\java\org\example\Main.java. Using fallback presentation compiler.
2026.10.04 22:57:36 INFO  no build target found for D:\API_Automation\SampleTestRepoAPI\src\main\java\org\example\Main.java. Using fallback presentation compiler.
2026.10.04 22:57:36 INFO  no build target found for D:\API_Automation\SampleTestRepoAPI\src\main\java\org\example\Main.java. Using fallback presentation compiler.
Oct 04, 2026 10:57:36 PM org.eclipse.lsp4j.jsonrpc.RemoteEndpoint handleCancellation
WARNING: Unmatched cancel notification for request id 45
2026.10.04 22:57:36 INFO  no build target found for D:\API_Automation\SampleTestRepoAPI\src\main\java\org\example\Main.java. Using fallback presentation compiler.
2026.10.04 22:57:36 INFO  no build target found for D:\API_Automation\SampleTestRepoAPI\src\main\java\org\example\Main.java. Using fallback presentation compiler.
2026.10.04 22:57:37 INFO  no build target found for D:\API_Automation\SampleTestRepoAPI\src\main\java\org\example\Main.java. Using fallback presentation compiler.
2026.10.04 22:57:37 INFO  no build target found for D:\API_Automation\SampleTestRepoAPI\src\main\java\org\example\Main.java. Using fallback presentation compiler.
2026.10.04 22:57:37 INFO  no build target found for D:\API_Automation\SampleTestRepoAPI\src\main\java\org\example\Main.java. Using fallback presentation compiler.
2026.10.04 22:57:37 INFO  no build target found for D:\API_Automation\SampleTestRepoAPI\src\main\java\org\example\Main.java. Using fallback presentation compiler.
2026.10.04 22:57:38 WARN  no build target for: D:\API_Automation\SampleTestRepoAPI\src\main\java\org\example\Main.java
2026.10.04 22:57:38 INFO  no build target found for D:\API_Automation\SampleTestRepoAPI\src\main\java\org\example\Main.java. Using fallback presentation compiler.
2026.10.04 22:57:37 WARN  Running javac-semanticdb failed for file:///D:/API_Automation/SampleTestRepoAPI/src/main/java/org/example/Main.java. Output:

2026.10.04 22:57:38 INFO  no build target found for D:\API_Automation\SampleTestRepoAPI\src\main\java\org\example\Main.java. Using fallback presentation compiler.
2026.10.04 22:57:38 INFO  no build target found for D:\API_Automation\SampleTestRepoAPI\src\main\java\org\example\Main.java. Using fallback presentation compiler.
2026.10.04 22:57:38 INFO  no build target found for D:\API_Automation\SampleTestRepoAPI\src\main\java\org\example\Main.java. Using fallback presentation compiler.
2026.10.04 22:57:39 WARN  no build target for: D:\API_Automation\SampleTestRepoAPI\src\main\java\org\example\Main.java
2026.10.04 22:57:39 INFO  no build target found for D:\API_Automation\SampleTestRepoAPI\src\main\java\org\example\Main.java. Using fallback presentation compiler.
2026.10.04 22:57:39 INFO  no build target found for D:\API_Automation\SampleTestRepoAPI\src\main\java\org\example\Main.java. Using fallback presentation compiler.
2026.10.04 22:57:41 WARN  no build target for: D:\API_Automation\SampleTestRepoAPI\src\main\java\org\example\Main.java
2026.10.04 22:57:41 INFO  no build target found for D:\API_Automation\SampleTestRepoAPI\src\main\java\org\example\Main.java. Using fallback presentation compiler.
2026.10.04 22:57:43 INFO  no build target found for D:\API_Automation\SampleTestRepoAPI\src\main\java\org\example\Main.java. Using fallback presentation compiler.
2026.10.04 22:57:43 INFO  no build target found for D:\API_Automation\SampleTestRepoAPI\src\main\java\org\example\Main.java. Using fallback presentation compiler.
2026.10.04 22:57:44 INFO  no build target found for D:\API_Automation\SampleTestRepoAPI\src\main\java\org\example\Main.java. Using fallback presentation compiler.
2026.10.04 22:57:44 INFO  no build target found for D:\API_Automation\SampleTestRepoAPI\src\main\java\org\example\Main.java. Using fallback presentation compiler.
2026.10.04 22:57:44 INFO  no build target found for D:\API_Automation\SampleTestRepoAPI\src\main\java\org\example\Main.java. Using fallback presentation compiler.
2026.10.04 22:57:44 INFO  no build target found for D:\API_Automation\SampleTestRepoAPI\src\main\java\org\example\Main.java. Using fallback presentation compiler.
2026.10.04 22:57:44 INFO  no build target found for D:\API_Automation\SampleTestRepoAPI\src\main\java\org\example\Main.java. Using fallback presentation compiler.
2026.10.04 22:57:45 WARN  no build target for: D:\API_Automation\SampleTestRepoAPI\src\main\java\org\example\Main.java
2026.10.04 22:57:45 INFO  no build target found for D:\API_Automation\SampleTestRepoAPI\src\main\java\org\example\Main.java. Using fallback presentation compiler.
2026.10.04 22:57:46 INFO  no build target found for D:\API_Automation\SampleTestRepoAPI\src\main\java\org\example\Main.java. Using fallback presentation compiler.
2026.10.04 22:57:46 INFO  no build target found for D:\API_Automation\SampleTestRepoAPI\src\main\java\org\example\Main.java. Using fallback presentation compiler.
2026.10.04 22:57:46 INFO  no build target found for D:\API_Automation\SampleTestRepoAPI\src\main\java\org\example\Main.java. Using fallback presentation compiler.
2026.10.04 22:57:46 INFO  no build target found for D:\API_Automation\SampleTestRepoAPI\src\main\java\org\example\Main.java. Using fallback presentation compiler.
2026.10.04 22:57:46 INFO  no build target found for D:\API_Automation\SampleTestRepoAPI\src\main\java\org\example\Main.java. Using fallback presentation compiler.
2026.10.04 22:57:46 INFO  no build target found for D:\API_Automation\SampleTestRepoAPI\src\main\java\org\example\Main.java. Using fallback presentation compiler.
2026.10.04 22:57:46 INFO  no build target found for D:\API_Automation\SampleTestRepoAPI\src\main\java\org\example\Main.java. Using fallback presentation compiler.
2026.10.04 22:57:46 INFO  no build target found for D:\API_Automation\SampleTestRepoAPI\src\main\java\org\example\Main.java. Using fallback presentation compiler.
2026.10.04 22:57:47 INFO  no build target found for D:\API_Automation\SampleTestRepoAPI\src\main\java\org\example\Main.java. Using fallback presentation compiler.
2026.10.04 22:57:46 INFO  no build target found for D:\API_Automation\SampleTestRepoAPI\src\main\java\org\example\Main.java. Using fallback presentation compiler.
2026.10.04 22:57:47 INFO  no build target found for D:\API_Automation\SampleTestRepoAPI\src\main\java\org\example\Main.java. Using fallback presentation compiler.
2026.10.04 22:57:47 INFO  no build target found for D:\API_Automation\SampleTestRepoAPI\src\main\java\org\example\Main.java. Using fallback presentation compiler.
2026.10.04 22:57:47 INFO  no build target found for D:\API_Automation\SampleTestRepoAPI\src\main\java\org\example\Main.java. Using fallback presentation compiler.
2026.10.04 22:57:47 INFO  no build target found for D:\API_Automation\SampleTestRepoAPI\src\main\java\org\example\Main.java. Using fallback presentation compiler.
2026.10.04 22:57:48 WARN  no build target for: D:\API_Automation\SampleTestRepoAPI\src\main\java\org\example\Main.java
2026.10.04 22:57:47 INFO  no build target found for D:\API_Automation\SampleTestRepoAPI\src\main\java\org\example\Main.java. Using fallback presentation compiler.
2026.10.04 22:57:49 INFO  no build target found for D:\API_Automation\SampleTestRepoAPI\src\main\java\org\example\Main.java. Using fallback presentation compiler.
2026.10.04 22:57:49 INFO  no build target found for D:\API_Automation\SampleTestRepoAPI\src\main\java\org\example\Main.java. Using fallback presentation compiler.
2026.10.04 22:57:49 INFO  no build target found for D:\API_Automation\SampleTestRepoAPI\src\main\java\org\example\Main.java. Using fallback presentation compiler.
2026.10.04 22:57:49 INFO  no build target found for D:\API_Automation\SampleTestRepoAPI\src\main\java\org\example\Main.java. Using fallback presentation compiler.
2026.10.04 22:57:49 INFO  no build target found for D:\API_Automation\SampleTestRepoAPI\src\main\java\org\example\Main.java. Using fallback presentation compiler.
2026.10.04 22:57:49 INFO  no build target found for D:\API_Automation\SampleTestRepoAPI\src\main\java\org\example\Main.java. Using fallback presentation compiler.
2026.10.04 22:57:49 INFO  no build target found for D:\API_Automation\SampleTestRepoAPI\src\main\java\org\example\Main.java. Using fallback presentation compiler.
2026.10.04 22:57:50 INFO  no build target found for D:\API_Automation\SampleTestRepoAPI\src\main\java\org\example\Main.java. Using fallback presentation compiler.
2026.10.04 22:57:49 INFO  no build target found for D:\API_Automation\SampleTestRepoAPI\src\main\java\org\example\Main.java. Using fallback presentation compiler.
2026.10.04 22:57:50 INFO  no build target found for D:\API_Automation\SampleTestRepoAPI\src\main\java\org\example\Main.java. Using fallback presentation compiler.
2026.10.04 22:57:50 INFO  no build target found for D:\API_Automation\SampleTestRepoAPI\src\main\java\org\example\Main.java. Using fallback presentation compiler.
2026.10.04 22:57:50 INFO  no build target found for D:\API_Automation\SampleTestRepoAPI\src\main\java\org\example\Main.java. Using fallback presentation compiler.
2026.10.04 22:57:50 INFO  no build target found for D:\API_Automation\SampleTestRepoAPI\src\main\java\org\example\Main.java. Using fallback presentation compiler.
2026.10.04 22:57:50 INFO  no build target found for D:\API_Automation\SampleTestRepoAPI\src\main\java\org\example\Main.java. Using fallback presentation compiler.
2026.10.04 22:57:50 INFO  no build target found for D:\API_Automation\SampleTestRepoAPI\src\main\java\org\example\Main.java. Using fallback presentation compiler.
2026.10.04 22:57:50 INFO  no build target found for D:\API_Automation\SampleTestRepoAPI\src\main\java\org\example\Main.java. Using fallback presentation compiler.
2026.10.04 22:57:52 INFO  no build target found for D:\API_Automation\SampleTestRepoAPI\src\main\java\org\example\Main.java. Using fallback presentation compiler.
2026.10.04 22:57:52 INFO  no build target found for D:\API_Automation\SampleTestRepoAPI\src\main\java\org\example\Main.java. Using fallback presentation compiler.
2026.10.04 22:57:52 INFO  no build target found for D:\API_Automation\SampleTestRepoAPI\src\main\java\org\example\Main.java. Using fallback presentation compiler.
2026.10.04 22:57:52 INFO  no build target found for D:\API_Automation\SampleTestRepoAPI\src\main\java\org\example\Main.java. Using fallback presentation compiler.
2026.10.04 22:57:52 INFO  no build target found for D:\API_Automation\SampleTestRepoAPI\src\main\java\org\example\Main.java. Using fallback presentation compiler.
2026.10.04 22:57:52 INFO  no build target found for D:\API_Automation\SampleTestRepoAPI\src\main\java\org\example\Main.java. Using fallback presentation compiler.
2026.10.04 22:57:52 INFO  no build target found for D:\API_Automation\SampleTestRepoAPI\src\main\java\org\example\Main.java. Using fallback presentation compiler.
2026.10.04 22:57:52 INFO  no build target found for D:\API_Automation\SampleTestRepoAPI\src\main\java\org\example\Main.java. Using fallback presentation compiler.
2026.10.04 22:57:52 INFO  no build target found for D:\API_Automation\SampleTestRepoAPI\src\main\java\org\example\Main.java. Using fallback presentation compiler.
2026.10.04 22:57:53 INFO  no build target found for D:\API_Automation\SampleTestRepoAPI\src\main\java\org\example\Main.java. Using fallback presentation compiler.
2026.10.04 22:57:52 INFO  no build target found for D:\API_Automation\SampleTestRepoAPI\src\main\java\org\example\Main.java. Using fallback presentation compiler.
2026.10.04 22:57:54 WARN  no build target for: D:\API_Automation\SampleTestRepoAPI\src\main\java\org\example\Main.java
2026.10.04 22:57:54 INFO  no build target found for D:\API_Automation\SampleTestRepoAPI\src\main\java\org\example\Main.java. Using fallback presentation compiler.
2026.10.04 22:57:54 WARN  no build target for: D:\API_Automation\SampleTestRepoAPI\src\main\java\org\example\Main.java
2026.10.04 22:57:54 INFO  no build target found for D:\API_Automation\SampleTestRepoAPI\src\main\java\org\example\Main.java. Using fallback presentation compiler.
2026.10.04 22:57:56 INFO  no build target found for D:\API_Automation\SampleTestRepoAPI\src\main\java\org\example\Main.java. Using fallback presentation compiler.
2026.10.04 22:57:56 INFO  no build target found for D:\API_Automation\SampleTestRepoAPI\src\main\java\org\example\Main.java. Using fallback presentation compiler.
2026.10.04 22:57:56 INFO  no build target found for D:\API_Automation\SampleTestRepoAPI\src\main\java\org\example\Main.java. Using fallback presentation compiler.
2026.10.04 22:57:57 WARN  no build target for: D:\API_Automation\SampleTestRepoAPI\src\main\java\org\example\Main.java
2026.10.04 22:57:57 INFO  no build target found for D:\API_Automation\SampleTestRepoAPI\src\main\java\org\example\Main.java. Using fallback presentation compiler.
2026.10.04 22:57:58 WARN  no build target for: D:\API_Automation\SampleTestRepoAPI\src\main\java\org\example\Main.java
2026.10.04 22:57:58 INFO  no build target found for D:\API_Automation\SampleTestRepoAPI\src\main\java\org\example\Main.java. Using fallback presentation compiler.
2026.10.04 22:58:40 INFO  no build target found for D:\API_Automation\SampleTestRepoAPI\src\main\java\org\example\Main.java. Using fallback presentation compiler.
2026.10.04 22:58:40 WARN  no build target for: D:\API_Automation\SampleTestRepoAPI\src\main\java\org\example\Main.java
2026.10.04 22:58:40 INFO  no build target found for D:\API_Automation\SampleTestRepoAPI\src\main\java\org\example\Main.java. Using fallback presentation compiler.
2026.10.04 22:58:40 INFO  no build target found for D:\API_Automation\SampleTestRepoAPI\src\main\java\org\example\Main.java. Using fallback presentation compiler.
2026.10.04 22:58:40 INFO  no build target found for D:\API_Automation\SampleTestRepoAPI\src\main\java\org\example\Main.java. Using fallback presentation compiler.
2026.10.04 22:58:42 INFO  no build target found for D:\API_Automation\SampleTestRepoAPI\src\main\java\org\example\Main.java. Using fallback presentation compiler.
2026.10.04 22:59:54 INFO  no build target found for D:\API_Automation\SampleTestRepoAPI\src\main\java\org\example\Main.java. Using fallback presentation compiler.
2026.10.04 22:59:54 WARN  no build target for: D:\API_Automation\SampleTestRepoAPI\src\main\java\org\example\Main.java
2026.10.04 22:59:54 INFO  no build target found for D:\API_Automation\SampleTestRepoAPI\src\main\java\org\example\Main.java. Using fallback presentation compiler.
2026.10.04 22:59:54 INFO  no build target found for D:\API_Automation\SampleTestRepoAPI\src\main\java\org\example\Main.java. Using fallback presentation compiler.
2026.10.04 22:59:54 INFO  no build target found for D:\API_Automation\SampleTestRepoAPI\src\main\java\org\example\Main.java. Using fallback presentation compiler.
2026.10.04 23:00:09 INFO  no build target found for D:\API_Automation\SampleTestRepoAPI\src\main\java\org\example\Main.java. Using fallback presentation compiler.
2026.10.04 23:00:09 WARN  no build target for: D:\API_Automation\SampleTestRepoAPI\src\main\java\org\example\Main.java
2026.10.04 23:00:09 INFO  no build target found for D:\API_Automation\SampleTestRepoAPI\src\main\java\org\example\Main.java. Using fallback presentation compiler.
2026.10.04 23:00:09 INFO  no build target found for D:\API_Automation\SampleTestRepoAPI\src\main\java\org\example\Main.java. Using fallback presentation compiler.
2026.10.04 23:00:09 INFO  no build target found for D:\API_Automation\SampleTestRepoAPI\src\main\java\org\example\Main.java. Using fallback presentation compiler.
2026.10.04 23:05:38 INFO  no build target found for D:\API_Automation\SampleTestRepoAPI\src\main\java\org\example\Main.java. Using fallback presentation compiler.
2026.10.04 23:08:16 INFO  no build target found for D:\API_Automation\SampleTestRepoAPI\src\main\java\org\example\Main.java. Using fallback presentation compiler.
Oct 04, 2026 11:08:38 PM org.eclipse.lsp4j.jsonrpc.services.GenericEndpoint notify
INFO: Unsupported notification method: $/setTrace
2026.10.04 23:10:05 INFO  no build target found for D:\API_Automation\SampleTestRepoAPI\src\main\java\org\example\Main.java. Using fallback presentation compiler.
2026.10.04 23:10:05 WARN  no build target for: D:\API_Automation\SampleTestRepoAPI\src\main\java\org\example\Main.java
2026.10.04 23:10:05 INFO  no build target found for D:\API_Automation\SampleTestRepoAPI\src\main\java\org\example\Main.java. Using fallback presentation compiler.
2026.10.04 23:10:05 INFO  no build target found for D:\API_Automation\SampleTestRepoAPI\src\main\java\org\example\Main.java. Using fallback presentation compiler.
2026.10.04 23:10:05 INFO  no build target found for D:\API_Automation\SampleTestRepoAPI\src\main\java\org\example\Main.java. Using fallback presentation compiler.
2026.10.04 23:10:07 INFO  no build target found for D:\API_Automation\SampleTestRepoAPI\src\main\java\org\example\Main.java. Using fallback presentation compiler.
2026.10.04 23:10:07 INFO  no build target found for D:\API_Automation\SampleTestRepoAPI\src\main\java\org\example\Main.java. Using fallback presentation compiler.
2026.10.04 23:10:08 INFO  no build target found for D:\API_Automation\SampleTestRepoAPI\src\main\java\org\example\Main.java. Using fallback presentation compiler.
2026.10.04 23:10:08 WARN  no build target for: D:\API_Automation\SampleTestRepoAPI\src\main\java\org\example\Main.java
2026.10.04 23:10:08 INFO  no build target found for D:\API_Automation\SampleTestRepoAPI\src\main\java\org\example\Main.java. Using fallback presentation compiler.
2026.10.04 23:10:09 INFO  no build target found for D:\API_Automation\SampleTestRepoAPI\src\main\java\org\example\Main.java. Using fallback presentation compiler.
2026.10.04 23:10:09 INFO  no build target found for D:\API_Automation\SampleTestRepoAPI\src\main\java\org\example\Main.java. Using fallback presentation compiler.
2026.10.04 23:10:10 INFO  no build target found for D:\API_Automation\SampleTestRepoAPI\src\main\java\org\example\Main.java. Using fallback presentation compiler.
2026.10.04 23:10:10 WARN  no build target for: D:\API_Automation\SampleTestRepoAPI\src\main\java\org\example\Main.java
2026.10.04 23:10:10 INFO  no build target found for D:\API_Automation\SampleTestRepoAPI\src\main\java\org\example\Main.java. Using fallback presentation compiler.
2026.10.04 23:10:11 INFO  no build target found for D:\API_Automation\SampleTestRepoAPI\src\main\java\org\example\Main.java. Using fallback presentation compiler.
2026.10.04 23:10:11 INFO  no build target found for D:\API_Automation\SampleTestRepoAPI\src\main\java\org\example\Main.java. Using fallback presentation compiler.
2026.10.04 23:10:11 INFO  no build target found for D:\API_Automation\SampleTestRepoAPI\src\main\java\org\example\Main.java. Using fallback presentation compiler.
2026.10.04 23:10:11 INFO  no build target found for D:\API_Automation\SampleTestRepoAPI\src\main\java\org\example\Main.java. Using fallback presentation compiler.
2026.10.04 23:10:11 INFO  no build target found for D:\API_Automation\SampleTestRepoAPI\src\main\java\org\example\Main.java. Using fallback presentation compiler.
2026.10.04 23:10:12 INFO  no build target found for D:\API_Automation\SampleTestRepoAPI\src\main\java\org\example\Main.java. Using fallback presentation compiler.
2026.10.04 23:10:11 INFO  no build target found for D:\API_Automation\SampleTestRepoAPI\src\main\java\org\example\Main.java. Using fallback presentation compiler.
2026.10.04 23:10:13 INFO  no build target found for D:\API_Automation\SampleTestRepoAPI\src\main\java\org\example\Main.java. Using fallback presentation compiler.
2026.10.04 23:10:13 WARN  no build target for: D:\API_Automation\SampleTestRepoAPI\src\main\java\org\example\Main.java
2026.10.04 23:10:13 INFO  no build target found for D:\API_Automation\SampleTestRepoAPI\src\main\java\org\example\Main.java. Using fallback presentation compiler.
2026.10.04 23:10:13 WARN  Running javac-semanticdb failed for file:///D:/API_Automation/SampleTestRepoAPI/src/main/java/org/example/Main.java. Output:

2026.10.04 23:10:13 INFO  no build target found for D:\API_Automation\SampleTestRepoAPI\src\main\java\org\example\Main.java. Using fallback presentation compiler.
2026.10.04 23:10:13 INFO  no build target found for D:\API_Automation\SampleTestRepoAPI\src\main\java\org\example\Main.java. Using fallback presentation compiler.
2026.10.04 23:10:14 INFO  no build target found for D:\API_Automation\SampleTestRepoAPI\src\main\java\org\example\Main.java. Using fallback presentation compiler.
2026.10.04 23:10:14 INFO  no build target found for D:\API_Automation\SampleTestRepoAPI\src\main\java\org\example\Main.java. Using fallback presentation compiler.
2026.10.04 23:10:14 INFO  no build target found for D:\API_Automation\SampleTestRepoAPI\src\main\java\org\example\Main.java. Using fallback presentation compiler.
2026.10.04 23:10:14 WARN  no build target for: D:\API_Automation\SampleTestRepoAPI\src\main\java\org\example\Main.java
2026.10.04 23:10:14 INFO  no build target found for D:\API_Automation\SampleTestRepoAPI\src\main\java\org\example\Main.java. Using fallback presentation compiler.
2026.10.04 23:10:16 INFO  no build target found for D:\API_Automation\SampleTestRepoAPI\src\main\java\org\example\Main.java. Using fallback presentation compiler.
2026.10.04 23:10:16 INFO  no build target found for D:\API_Automation\SampleTestRepoAPI\src\main\java\org\example\Main.java. Using fallback presentation compiler.
2026.10.04 23:10:16 INFO  no build target found for D:\API_Automation\SampleTestRepoAPI\src\main\java\org\example\Main.java. Using fallback presentation compiler.
2026.10.04 23:10:16 INFO  no build target found for D:\API_Automation\SampleTestRepoAPI\src\main\java\org\example\Main.java. Using fallback presentation compiler.
2026.10.04 23:10:16 INFO  no build target found for D:\API_Automation\SampleTestRepoAPI\src\main\java\org\example\Main.java. Using fallback presentation compiler.
2026.10.04 23:10:17 INFO  no build target found for D:\API_Automation\SampleTestRepoAPI\src\main\java\org\example\Main.java. Using fallback presentation compiler.
2026.10.04 23:10:17 INFO  no build target found for D:\API_Automation\SampleTestRepoAPI\src\main\java\org\example\Main.java. Using fallback presentation compiler.
2026.10.04 23:10:17 INFO  no build target found for D:\API_Automation\SampleTestRepoAPI\src\main\java\org\example\Main.java. Using fallback presentation compiler.
2026.10.04 23:10:17 INFO  no build target found for D:\API_Automation\SampleTestRepoAPI\src\main\java\org\example\Main.java. Using fallback presentation compiler.
2026.10.04 23:10:18 INFO  no build target found for D:\API_Automation\SampleTestRepoAPI\src\main\java\org\example\Main.java. Using fallback presentation compiler.
2026.10.04 23:10:18 INFO  no build target found for D:\API_Automation\SampleTestRepoAPI\src\main\java\org\example\Main.java. Using fallback presentation compiler.
2026.10.04 23:10:18 WARN  no build target for: D:\API_Automation\SampleTestRepoAPI\src\main\java\org\example\Main.java
2026.10.04 23:10:18 INFO  no build target found for D:\API_Automation\SampleTestRepoAPI\src\main\java\org\example\Main.java. Using fallback presentation compiler.
2026.10.04 23:10:20 INFO  no build target found for D:\API_Automation\SampleTestRepoAPI\src\main\java\org\example\Main.java. Using fallback presentation compiler.
2026.10.04 23:10:20 INFO  no build target found for D:\API_Automation\SampleTestRepoAPI\src\main\java\org\example\Main.java. Using fallback presentation compiler.
2026.10.04 23:10:20 INFO  no build target found for D:\API_Automation\SampleTestRepoAPI\src\main\java\org\example\Main.java. Using fallback presentation compiler.
2026.10.04 23:10:20 INFO  no build target found for D:\API_Automation\SampleTestRepoAPI\src\main\java\org\example\Main.java. Using fallback presentation compiler.
2026.10.04 23:10:21 INFO  no build target found for D:\API_Automation\SampleTestRepoAPI\src\main\java\org\example\Main.java. Using fallback presentation compiler.
2026.10.04 23:10:21 INFO  no build target found for D:\API_Automation\SampleTestRepoAPI\src\main\java\org\example\Main.java. Using fallback presentation compiler.
2026.10.04 23:10:21 INFO  no build target found for D:\API_Automation\SampleTestRepoAPI\src\main\java\org\example\Main.java. Using fallback presentation compiler.
2026.10.04 23:10:21 INFO  no build target found for D:\API_Automation\SampleTestRepoAPI\src\main\java\org\example\Main.java. Using fallback presentation compiler.
2026.10.04 23:10:21 INFO  no build target found for D:\API_Automation\SampleTestRepoAPI\src\main\java\org\example\Main.java. Using fallback presentation compiler.
2026.10.04 23:10:21 INFO  no build target found for D:\API_Automation\SampleTestRepoAPI\src\main\java\org\example\Main.java. Using fallback presentation compiler.
2026.10.04 23:10:21 INFO  no build target found for D:\API_Automation\SampleTestRepoAPI\src\main\java\org\example\Main.java. Using fallback presentation compiler.
2026.10.04 23:10:22 INFO  no build target found for D:\API_Automation\SampleTestRepoAPI\src\main\java\org\example\Main.java. Using fallback presentation compiler.
2026.10.04 23:10:22 INFO  no build target found for D:\API_Automation\SampleTestRepoAPI\src\main\java\org\example\Main.java. Using fallback presentation compiler.
2026.10.04 23:10:22 INFO  no build target found for D:\API_Automation\SampleTestRepoAPI\src\main\java\org\example\Main.java. Using fallback presentation compiler.
2026.10.04 23:10:22 INFO  no build target found for D:\API_Automation\SampleTestRepoAPI\src\main\java\org\example\Main.java. Using fallback presentation compiler.
2026.10.04 23:10:22 INFO  no build target found for D:\API_Automation\SampleTestRepoAPI\src\main\java\org\example\Main.java. Using fallback presentation compiler.
2026.10.04 23:10:22 INFO  no build target found for D:\API_Automation\SampleTestRepoAPI\src\main\java\org\example\Main.java. Using fallback presentation compiler.
Oct 04, 2026 11:10:22 PM org.eclipse.lsp4j.jsonrpc.RemoteEndpoint handleCancellation
WARNING: Unmatched cancel notification for request id 253
2026.10.04 23:10:22 INFO  no build target found for D:\API_Automation\SampleTestRepoAPI\src\main\java\org\example\Main.java. Using fallback presentation compiler.
2026.10.04 23:10:22 INFO  no build target found for D:\API_Automation\SampleTestRepoAPI\src\main\java\org\example\Main.java. Using fallback presentation compiler.
2026.10.04 23:10:22 INFO  no build target found for D:\API_Automation\SampleTestRepoAPI\src\main\java\org\example\Main.java. Using fallback presentation compiler.
2026.10.04 23:10:23 INFO  no build target found for D:\API_Automation\SampleTestRepoAPI\src\main\java\org\example\Main.java. Using fallback presentation compiler.
2026.10.04 23:10:23 INFO  no build target found for D:\API_Automation\SampleTestRepoAPI\src\main\java\org\example\Main.java. Using fallback presentation compiler.
2026.10.04 23:10:23 INFO  no build target found for D:\API_Automation\SampleTestRepoAPI\src\main\java\org\example\Main.java. Using fallback presentation compiler.
2026.10.04 23:10:23 INFO  no build target found for D:\API_Automation\SampleTestRepoAPI\src\main\java\org\example\Main.java. Using fallback presentation compiler.
2026.10.04 23:10:23 INFO  no build target found for D:\API_Automation\SampleTestRepoAPI\src\main\java\org\example\Main.java. Using fallback presentation compiler.
2026.10.04 23:10:24 INFO  no build target found for D:\API_Automation\SampleTestRepoAPI\src\main\java\org\example\Main.java. Using fallback presentation compiler.
2026.10.04 23:10:25 INFO  no build target found for D:\API_Automation\SampleTestRepoAPI\src\main\java\org\example\Main.java. Using fallback presentation compiler.
2026.10.04 23:10:25 INFO  no build target found for D:\API_Automation\SampleTestRepoAPI\src\main\java\org\example\Main.java. Using fallback presentation compiler.
Oct 04, 2026 11:10:25 PM org.eclipse.lsp4j.jsonrpc.RemoteEndpoint handleCancellation
WARNING: Unmatched cancel notification for request id 272
2026.10.04 23:10:25 INFO  no build target found for D:\API_Automation\SampleTestRepoAPI\src\main\java\org\example\Main.java. Using fallback presentation compiler.
2026.10.04 23:10:25 INFO  no build target found for D:\API_Automation\SampleTestRepoAPI\src\main\java\org\example\Main.java. Using fallback presentation compiler.
2026.10.04 23:10:25 INFO  no build target found for D:\API_Automation\SampleTestRepoAPI\src\main\java\org\example\Main.java. Using fallback presentation compiler.
2026.10.04 23:10:25 INFO  no build target found for D:\API_Automation\SampleTestRepoAPI\src\main\java\org\example\Main.java. Using fallback presentation compiler.
2026.10.04 23:10:25 INFO  no build target found for D:\API_Automation\SampleTestRepoAPI\src\main\java\org\example\Main.java. Using fallback presentation compiler.
2026.10.04 23:10:26 WARN  no build target for: D:\API_Automation\SampleTestRepoAPI\src\main\java\org\example\Main.java
2026.10.04 23:10:26 INFO  no build target found for D:\API_Automation\SampleTestRepoAPI\src\main\java\org\example\Main.java. Using fallback presentation compiler.
